order_id,customer_id,amount,status,country,event_ts,load_at
o-000001,c-1310,282.77,pending,BR,2026-06-23T07:08:00Z,2026-06-23
o-000002,c-1386,1852.97,completed,BR,2026-08-06T13:02:00Z,2026-08-06
o-000003,c-0192,550.50,completed,BR,2026-05-26T17:12:00Z,2026-05-27
o-000004,c-0452,1125.78,completed,BR,2026-05-23T05:44:00Z,2026-05-24
o-000005,c-0697,698.29,completed,BR,2026-07-05T03:05:00Z,2026-07-06
o-000006,c-0199,900.65,completed,BR,2026-06-25T01:46:00Z,2026-06-26
o-000007,c-1099,316.44,cancelled,BR,2026-06-02T17:18:00Z,2026-06-03
o-000008,c-1183,484.76,completed,BR,2026-08-15T07:49:00Z,2026-08-16
o-000009,c-0164,2139.02,pending,BR,2026-07-10T08:29:00Z,2026-07-11
o-000010,c-0334,928.60,completed,BR,2026-06-26T22:59:00Z,2026-06-26
o-000011,c-1248,1589.27,completed,BR,2026-06-23T05:29:00Z,2026-06-24
o-000012,c-0553,2473.86,completed,BR,2026-08-02T07:43:00Z,2026-08-03
o-000013,c-1727,1921.94,completed,BR,2026-05-27T10:25:00Z,2026-05-28
o-000014,c-0136,531.40,cancelled,BR,2026-07-02T06:41:00Z,2026-07-03
o-000015,c-0811,2212.28,completed,BR,2026-06-10T08:08:00Z,2026-06-10
o-000016,c-1526,1405.61,completed,BR,2026-08-05T13:57:00Z,2026-08-06
o-000017,c-0742,552.21,cancelled,BR,2026-07-27T15:05:00Z,2026-07-27
o-000018,c-1764,278.57,completed,BR,2026-08-18T13:38:00Z,2026-08-18
o-000019,c-0789,957.14,cancelled,BR,2026-07-29T08:35:00Z,2026-07-29
o-000020,c-1394,1803.20,completed,BR,2026-07-30T08:49:00Z,2026-07-31
o-000021,c-0229,737.28,completed,BR,2026-05-23T23:56:00Z,2026-05-24
o-000022,c-1991,1253.96,completed,BR,2026-06-05T20:19:00Z,2026-06-05
o-000023,c-0314,937.92,completed,BR,2026-07-29T00:38:00Z,2026-07-30
o-000024,c-1001,53.59,cancelled,BR,2026-07-01T07:03:00Z,2026-07-01
o-000025,c-1799,1420.56,completed,BR,2026-07-24T02:48:00Z,2026-07-24
o-000026,c-0263,1651.08,cancelled,BR,2026-06-13T08:33:00Z,2026-06-14
o-000027,c-1976,533.44,completed,BR,2026-08-19T06:45:00Z,2026-08-20
o-000028,c-0818,2487.90,completed,BR,2026-07-18T16:28:00Z,2026-07-18
o-000029,c-0508,565.62,completed,BR,2026-08-06T17:14:00Z,2026-08-06
o-000030,c-0015,182.13,completed,BR,2026-06-21T02:57:00Z,2026-06-21
o-000031,c-1761,829.42,completed,BR,2026-06-27T21:31:00Z,2026-06-27
o-000032,c-1105,335.12,cancelled,BR,2026-08-04T18:30:00Z,2026-08-04
o-000033,c-1607,1185.07,completed,BR,2026-06-04T03:42:00Z,2026-06-05
o-000034,c-0726,1061.83,completed,BR,2026-05-29T21:41:00Z,2026-05-29
o-000035,c-0125,1009.54,completed,BR,2026-06-05T07:12:00Z,2026-06-05
o-000036,c-1099,1124.29,completed,BR,2026-06-27T14:15:00Z,2026-06-27
o-000037,c-0908,2021.02,pending,BR,2026-06-04T01:41:00Z,2026-06-04
o-000038,c-1985,237.69,pending,BR,2026-06-22T05:26:00Z,2026-06-23
o-000039,c-0986,538.30,completed,BR,2026-05-30T05:24:00Z,2026-05-30
o-000040,c-0800,666.68,pending,BR,2026-07-20T09:27:00Z,2026-07-21
o-000041,c-0318,478.80,completed,BR,2026-05-30T18:47:00Z,2026-05-30
o-000042,c-1532,787.44,completed,BR,2026-07-23T16:58:00Z,2026-07-23
o-000043,c-0117,2402.14,completed,BR,2026-06-15T02:38:00Z,2026-06-15
o-000044,c-1383,2155.24,completed,BR,2026-08-03T07:37:00Z,2026-08-03
o-000045,c-1269,209.55,completed,BR,2026-08-03T16:20:00Z,2026-08-04
o-000046,c-0419,1675.97,completed,BR,2026-06-25T12:08:00Z,2026-06-26
o-000047,c-0937,793.86,pending,BR,2026-06-01T00:29:00Z,2026-06-01
o-000048,c-0151,1346.40,completed,BR,2026-06-08T11:56:00Z,2026-06-08
o-000049,c-1801,614.49,completed,BR,2026-07-18T17:45:00Z,2026-07-19
o-000050,c-1253,2459.71,pending,BR,2026-07-29T00:42:00Z,2026-07-30
o-000051,c-1909,1660.15,cancelled,BR,2026-06-09T08:07:00Z,2026-06-09
o-000052,c-1521,1385.29,completed,BR,2026-08-08T06:45:00Z,2026-08-09
o-000053,c-0417,1720.31,pending,BR,2026-07-26T15:16:00Z,2026-07-26
o-000054,c-0190,1587.54,pending,BR,2026-05-28T00:21:00Z,2026-05-28
o-000055,c-1305,2449.60,completed,BR,2026-07-18T17:45:00Z,2026-07-19
o-000056,c-1149,29.13,completed,BR,2026-08-19T04:34:00Z,2026-08-19
o-000057,c-1710,926.19,completed,BR,2026-07-17T04:02:00Z,2026-07-18
o-000058,c-0747,2247.96,pending,BR,2026-05-28T11:13:00Z,2026-05-28
o-000059,c-1366,261.47,pending,BR,2026-07-14T19:47:00Z,2026-07-14
o-000060,c-1896,2325.05,pending,BR,2026-06-14T13:01:00Z,2026-06-14
o-000061,c-1509,2311.60,pending,BR,2026-07-14T21:55:00Z,2026-07-14
o-000062,c-0547,402.20,completed,BR,2026-07-10T01:54:00Z,2026-07-11
o-000063,c-0456,502.93,cancelled,BR,2026-07-06T09:52:00Z,2026-07-06
o-000064,c-0457,64.04,completed,BR,2026-07-04T08:55:00Z,2026-07-04
o-000065,c-1981,1934.45,completed,BR,2026-07-27T12:43:00Z,2026-07-28
o-000066,c-1924,73.86,pending,BR,2026-06-25T05:37:00Z,2026-06-26
o-000067,c-0079,275.46,completed,BR,2026-07-02T13:38:00Z,2026-07-02
o-000068,c-0789,2249.26,completed,BR,2026-05-28T22:27:00Z,2026-05-28
o-000069,c-1065,2314.31,completed,BR,2026-08-16T06:23:00Z,2026-08-17
o-000070,c-0144,2372.44,cancelled,BR,2026-08-10T10:42:00Z,2026-08-10
o-000071,c-1475,2250.62,completed,BR,2026-08-16T13:20:00Z,2026-08-17
o-000072,c-1428,742.66,completed,BR,2026-07-15T21:24:00Z,2026-07-15
o-000073,c-1261,1424.92,completed,BR,2026-05-23T09:18:00Z,2026-05-23
o-000074,c-0881,1965.47,completed,BR,2026-07-03T14:28:00Z,2026-07-04
o-000075,c-1384,538.18,completed,BR,2026-06-13T21:05:00Z,2026-06-14
o-000076,c-1056,1661.32,completed,BR,2026-06-03T07:43:00Z,2026-06-04
o-000077,c-0461,2017.37,completed,BR,2026-05-28T07:30:00Z,2026-05-28
o-000078,c-0933,1039.03,completed,BR,2026-06-16T22:44:00Z,2026-06-17
o-000079,c-1013,1002.13,completed,BR,2026-08-19T00:57:00Z,2026-08-19
o-000080,c-1595,1065.74,completed,BR,2026-08-20T16:29:00Z,2026-08-20
o-000081,c-1142,626.75,pending,BR,2026-07-20T04:51:00Z,2026-07-21
o-000082,c-1368,1330.17,completed,BR,2026-07-02T14:39:00Z,2026-07-03
o-000083,c-1702,2267.60,completed,BR,2026-06-12T23:55:00Z,2026-06-13
o-000084,c-0922,651.68,completed,BR,2026-08-12T08:49:00Z,2026-08-13
o-000085,c-1284,601.92,completed,BR,2026-06-28T07:17:00Z,2026-06-29
o-000086,c-0655,2233.10,completed,BR,2026-06-11T07:24:00Z,2026-06-11
o-000087,c-1447,538.81,completed,BR,2026-07-04T17:29:00Z,2026-07-05
o-000088,c-0128,521.05,completed,BR,2026-08-05T22:01:00Z,2026-08-06
o-000089,c-0977,19.71,completed,BR,2026-07-11T13:34:00Z,2026-07-11
o-000090,c-1000,552.46,completed,BR,2026-05-26T12:21:00Z,2026-05-27
o-000091,c-1484,416.79,completed,BR,2026-06-08T19:34:00Z,2026-06-08
o-000092,c-1858,988.08,completed,BR,2026-05-26T02:41:00Z,2026-05-27
o-000093,c-0278,2167.79,completed,BR,2026-06-25T12:20:00Z,2026-06-25
o-000094,c-0932,820.48,pending,BR,2026-07-10T08:48:00Z,2026-07-11
o-000095,c-0517,2088.10,completed,BR,2026-07-31T01:22:00Z,2026-07-31
o-000096,c-1332,176.20,cancelled,BR,2026-05-28T00:15:00Z,2026-05-28
o-000097,c-1719,55.85,completed,BR,2026-06-08T15:42:00Z,2026-06-08
o-000098,c-1156,2369.65,completed,BR,2026-06-24T11:10:00Z,2026-06-24
o-000099,c-1593,2049.16,cancelled,BR,2026-06-05T18:01:00Z,2026-06-06
o-000100,c-1180,1694.98,cancelled,BR,2026-07-12T22:12:00Z,2026-07-12
o-000101,c-1213,1728.08,completed,BR,2026-06-05T22:49:00Z,2026-06-06
o-000102,c-1742,1712.23,pending,BR,2026-08-03T01:22:00Z,2026-08-04
o-000103,c-1355,929.57,completed,BR,2026-07-05T00:54:00Z,2026-07-06
o-000104,c-1685,1228.05,completed,BR,2026-07-08T20:57:00Z,2026-07-09
o-000105,c-1449,386.71,completed,BR,2026-07-28T20:17:00Z,2026-07-29
o-000106,c-0953,1091.76,pending,BR,2026-06-26T10:54:00Z,2026-06-26
o-000107,c-1702,2336.88,completed,BR,2026-07-19T07:48:00Z,2026-07-20
o-000108,c-1168,1527.78,completed,BR,2026-05-26T15:54:00Z,2026-05-27
o-000109,c-0373,1221.44,completed,BR,2026-06-25T10:17:00Z,2026-06-26
o-000110,c-1139,30.33,cancelled,BR,2026-06-02T07:46:00Z,2026-06-03
o-000111,c-1001,1390.16,completed,BR,2026-07-22T20:45:00Z,2026-07-23
o-000112,c-0918,1983.37,completed,BR,2026-06-20T12:44:00Z,2026-06-20
o-000113,c-0628,1661.58,completed,BR,2026-08-01T16:22:00Z,2026-08-02
o-000114,c-1528,1378.22,completed,BR,2026-07-20T08:19:00Z,2026-07-21
o-000115,c-0473,306.04,completed,BR,2026-06-07T23:34:00Z,2026-06-07
o-000116,c-0393,544.88,completed,BR,2026-08-06T16:38:00Z,2026-08-07
o-000117,c-0206,2082.41,completed,BR,2026-07-08T05:19:00Z,2026-07-08
o-000118,c-1451,1337.67,completed,BR,2026-05-29T17:18:00Z,2026-05-29
o-000119,c-1307,2171.81,completed,BR,2026-05-24T18:18:00Z,2026-05-25
o-000120,c-0981,1103.97,completed,BR,2026-05-29T08:55:00Z,2026-05-30
o-000121,c-0234,2056.18,completed,BR,2026-06-01T18:40:00Z,2026-06-01
o-000122,c-0311,377.25,completed,BR,2026-06-30T02:15:00Z,2026-06-30
o-000123,c-1143,1912.29,completed,BR,2026-08-10T07:49:00Z,2026-08-11
o-000124,c-0923,2271.72,completed,BR,2026-08-06T13:19:00Z,2026-08-06
o-000125,c-1249,2400.47,completed,BR,2026-06-18T20:13:00Z,2026-06-19
o-000126,c-1353,207.56,completed,BR,2026-08-01T02:10:00Z,2026-08-01
o-000127,c-0837,1129.01,completed,BR,2026-06-29T01:14:00Z,2026-06-30
o-000128,c-1448,710.38,pending,BR,2026-06-01T21:14:00Z,2026-06-02
o-000129,c-1614,1979.16,completed,BR,2026-06-17T13:07:00Z,2026-06-17
o-000130,c-1327,376.73,completed,BR,2026-06-10T02:03:00Z,2026-06-10
o-000131,c-1624,772.49,pending,BR,2026-08-03T09:28:00Z,2026-08-03
o-000132,c-0960,1723.25,completed,BR,2026-06-26T16:34:00Z,2026-06-27
o-000133,c-0897,205.70,completed,BR,2026-07-17T23:20:00Z,2026-07-18
o-000134,c-0053,232.86,cancelled,BR,2026-08-04T18:01:00Z,2026-08-05
o-000135,c-1181,105.38,pending,BR,2026-07-22T16:41:00Z,2026-07-23
o-000136,c-1877,699.00,cancelled,BR,2026-07-17T20:52:00Z,2026-07-18
o-000137,c-1985,232.65,completed,BR,2026-07-04T10:42:00Z,2026-07-04
o-000138,c-1757,406.26,completed,BR,2026-07-25T09:42:00Z,2026-07-26
o-000139,c-1667,1902.45,completed,BR,2026-06-03T10:16:00Z,2026-06-04
o-000140,c-0238,2425.61,completed,BR,2026-07-27T00:42:00Z,2026-07-28
o-000141,c-0847,140.24,completed,BR,2026-08-10T15:40:00Z,2026-08-11
o-000142,c-1557,133.77,completed,BR,2026-06-08T09:28:00Z,2026-06-09
o-000143,c-0249,77.03,completed,BR,2026-06-22T22:10:00Z,2026-06-23
o-000144,c-1129,39.12,completed,BR,2026-06-20T03:29:00Z,2026-06-20
o-000145,c-1327,2081.20,completed,BR,2026-06-29T16:45:00Z,2026-06-30
o-000146,c-0851,2087.64,cancelled,BR,2026-06-23T14:35:00Z,2026-06-23
o-000147,c-0786,480.57,completed,BR,2026-06-09T02:17:00Z,2026-06-10
o-000148,c-0697,2335.95,completed,BR,2026-05-23T09:46:00Z,2026-05-24
o-000149,c-1716,1469.41,cancelled,BR,2026-07-24T04:28:00Z,2026-07-25
o-000150,c-0707,834.44,pending,BR,2026-07-10T14:59:00Z,2026-07-11
o-000151,c-1781,475.69,completed,BR,2026-08-04T12:14:00Z,2026-08-05
o-000152,c-0090,798.85,completed,BR,2026-07-10T12:42:00Z,2026-07-10
o-000153,c-1015,2412.24,completed,BR,2026-08-06T10:55:00Z,2026-08-06
o-000154,c-1791,2113.37,completed,BR,2026-07-20T00:46:00Z,2026-07-20
o-000155,c-0840,2177.98,cancelled,BR,2026-06-01T15:50:00Z,2026-06-02
o-000156,c-0694,1560.03,completed,BR,2026-06-02T10:54:00Z,2026-06-03
o-000157,c-1955,795.07,completed,BR,2026-07-24T17:02:00Z,2026-07-24
o-000158,c-0481,1579.75,cancelled,BR,2026-06-21T23:05:00Z,2026-06-22
o-000159,c-0202,1902.12,completed,BR,2026-06-04T14:10:00Z,2026-06-05
o-000160,c-1851,77.22,completed,BR,2026-05-30T09:22:00Z,2026-05-31
o-000161,c-0883,368.20,completed,BR,2026-08-03T21:50:00Z,2026-08-03
o-000162,c-0349,441.80,completed,BR,2026-07-10T19:43:00Z,2026-07-10
o-000163,c-1020,2282.51,completed,BR,2026-07-21T20:16:00Z,2026-07-22
o-000164,c-0523,1668.77,pending,BR,2026-07-21T09:43:00Z,2026-07-21
o-000165,c-0152,1107.12,completed,BR,2026-08-06T09:40:00Z,2026-08-07
o-000166,c-1414,629.00,pending,BR,2026-06-17T12:54:00Z,2026-06-18
o-000167,c-0219,596.83,completed,BR,2026-08-04T09:44:00Z,2026-08-05
o-000168,c-0045,2444.97,completed,BR,2026-06-27T00:36:00Z,2026-06-27
o-000169,c-1865,1517.98,completed,BR,2026-06-28T07:38:00Z,2026-06-29
o-000170,c-0449,1593.36,completed,BR,2026-08-17T23:49:00Z,2026-08-17
o-000171,c-1287,247.42,completed,BR,2026-05-28T09:50:00Z,2026-05-29
o-000172,c-0069,1451.04,pending,BR,2026-06-03T09:20:00Z,2026-06-04
o-000173,c-0360,505.98,pending,BR,2026-07-08T16:32:00Z,2026-07-09
o-000174,c-1701,415.54,cancelled,BR,2026-07-23T09:47:00Z,2026-07-24
o-000175,c-1648,292.35,cancelled,BR,2026-06-10T07:55:00Z,2026-06-11
o-000176,c-1981,2115.13,completed,BR,2026-06-03T12:00:00Z,2026-06-04
o-000177,c-1099,313.35,completed,BR,2026-08-17T08:37:00Z,2026-08-18
o-000178,c-1685,1598.18,completed,BR,2026-08-17T07:30:00Z,2026-08-17
o-000179,c-1269,2211.17,completed,BR,2026-08-09T07:41:00Z,2026-08-09
o-000180,c-1302,2060.52,cancelled,BR,2026-06-30T20:26:00Z,2026-06-30
o-000181,c-0287,118.14,completed,BR,2026-07-25T03:06:00Z,2026-07-25
o-000182,c-1818,1346.18,completed,BR,2026-07-09T21:47:00Z,2026-07-10
o-000183,c-1203,1856.96,completed,BR,2026-07-15T20:06:00Z,2026-07-16
o-000184,c-1261,1023.25,cancelled,BR,2026-05-27T22:23:00Z,2026-05-27
o-000185,c-0909,1114.52,completed,BR,2026-07-08T03:43:00Z,2026-07-09
o-000186,c-1116,2254.73,completed,BR,2026-05-30T12:17:00Z,2026-05-30
o-000187,c-1983,309.79,pending,BR,2026-07-20T02:42:00Z,2026-07-20
o-000188,c-1315,1600.53,cancelled,BR,2026-05-29T10:15:00Z,2026-05-29
o-000189,c-1612,1413.62,completed,BR,2026-08-01T06:37:00Z,2026-08-01
o-000190,c-1666,2174.89,completed,BR,2026-06-10T19:00:00Z,2026-06-11
o-000191,c-1759,2460.15,cancelled,BR,2026-07-31T08:51:00Z,2026-07-31
o-000192,c-0226,1654.34,completed,BR,2026-05-24T11:50:00Z,2026-05-24
o-000193,c-1206,812.81,completed,BR,2026-05-29T04:47:00Z,2026-05-30
o-000194,c-1078,288.56,completed,BR,2026-07-19T11:32:00Z,2026-07-19
o-000195,c-0926,1262.08,cancelled,BR,2026-05-28T23:50:00Z,2026-05-29
o-000196,c-0939,1610.14,completed,BR,2026-07-23T12:27:00Z,2026-07-23
o-000197,c-1005,1782.44,completed,BR,2026-06-02T10:38:00Z,2026-06-02
o-000198,c-0135,319.85,completed,BR,2026-08-05T17:45:00Z,2026-08-06
o-000199,c-0781,2486.60,completed,BR,2026-07-20T16:38:00Z,2026-07-21
o-000200,c-0204,1983.77,completed,BR,2026-08-14T20:56:00Z,2026-08-14
o-000201,c-0881,1131.63,completed,BR,2026-07-05T14:25:00Z,2026-07-06
o-000202,c-1495,242.24,completed,BR,2026-08-16T08:23:00Z,2026-08-16
o-000203,c-1407,2307.85,completed,BR,2026-06-02T02:27:00Z,2026-06-02
o-000204,c-1525,1848.30,pending,BR,2026-08-02T01:37:00Z,2026-08-03
o-000205,c-1373,309.97,completed,BR,2026-08-16T13:55:00Z,2026-08-16
o-000206,c-1984,722.64,completed,BR,2026-06-05T18:32:00Z,2026-06-05
o-000207,c-0317,1643.56,completed,BR,2026-06-05T11:54:00Z,2026-06-06
o-000208,c-0236,1907.70,completed,BR,2026-07-16T17:49:00Z,2026-07-16
o-000209,c-1248,2323.07,pending,BR,2026-06-26T00:11:00Z,2026-06-27
o-000210,c-1440,1907.21,cancelled,BR,2026-07-06T00:11:00Z,2026-07-06
o-000211,c-1160,1645.07,completed,BR,2026-08-12T00:05:00Z,2026-08-12
o-000212,c-0771,1052.48,completed,BR,2026-07-09T09:46:00Z,2026-07-10
o-000213,c-1591,2353.81,completed,BR,2026-05-29T04:10:00Z,2026-05-29
o-000214,c-1381,208.55,completed,BR,2026-07-16T15:38:00Z,2026-07-17
o-000215,c-0849,686.55,pending,BR,2026-06-06T11:27:00Z,2026-06-06
o-000216,c-0581,1697.15,completed,BR,2026-07-29T21:19:00Z,2026-07-29
o-000217,c-0452,991.18,completed,BR,2026-05-23T06:19:00Z,2026-05-23
o-000218,c-1572,347.40,completed,BR,2026-07-03T03:00:00Z,2026-07-04
o-000219,c-1530,1079.48,completed,BR,2026-07-30T22:14:00Z,2026-07-31
o-000220,c-0148,995.69,pending,BR,2026-07-17T00:29:00Z,2026-07-17
o-000221,c-1766,786.09,completed,BR,2026-07-13T22:40:00Z,2026-07-14
o-000222,c-0593,292.36,completed,BR,2026-07-03T05:51:00Z,2026-07-04
o-000223,c-1704,1725.58,completed,BR,2026-07-17T03:15:00Z,2026-07-18
o-000224,c-1207,1004.12,completed,BR,2026-07-01T23:21:00Z,2026-07-01
o-000225,c-0683,1948.90,completed,BR,2026-08-12T03:33:00Z,2026-08-12
o-000226,c-1856,1941.69,completed,BR,2026-08-13T04:15:00Z,2026-08-13
o-000227,c-0300,643.64,completed,BR,2026-06-11T20:04:00Z,2026-06-11
o-000228,c-1949,1933.26,completed,BR,2026-08-03T18:28:00Z,2026-08-04
o-000229,c-1770,2427.58,completed,BR,2026-07-18T02:30:00Z,2026-07-19
o-000230,c-1294,760.54,completed,BR,2026-05-30T11:32:00Z,2026-05-30
o-000231,c-0636,1157.05,completed,BR,2026-07-09T09:04:00Z,2026-07-09
o-000232,c-1260,1487.23,completed,BR,2026-08-05T17:50:00Z,2026-08-05
o-000233,c-0922,2273.08,completed,BR,2026-06-16T10:38:00Z,2026-06-17
o-000234,c-1027,381.40,completed,BR,2026-06-05T10:45:00Z,2026-06-05
o-000235,c-1034,1617.09,completed,BR,2026-07-18T14:33:00Z,2026-07-18
o-000236,c-0746,935.27,completed,BR,2026-07-14T10:43:00Z,2026-07-14
o-000237,c-1617,1579.06,completed,BR,2026-07-04T03:35:00Z,2026-07-05
o-000238,c-0582,633.73,pending,BR,2026-08-08T04:21:00Z,2026-08-08
o-000239,c-1194,1660.71,cancelled,BR,2026-07-01T20:44:00Z,2026-07-02
o-000240,c-0265,1489.63,cancelled,BR,2026-07-01T17:24:00Z,2026-07-02
o-000241,c-1666,323.85,completed,BR,2026-08-18T16:05:00Z,2026-08-19
o-000242,c-1042,907.76,completed,BR,2026-06-15T06:21:00Z,2026-06-16
o-000243,c-0394,570.22,completed,BR,2026-06-01T09:54:00Z,2026-06-01
o-000244,c-1040,1928.33,pending,BR,2026-07-29T01:42:00Z,2026-07-30
o-000245,c-1795,1916.94,completed,BR,2026-07-10T04:10:00Z,2026-07-10
o-000246,c-1703,1733.65,completed,BR,2026-06-13T23:28:00Z,2026-06-13
o-000247,c-0842,913.93,completed,BR,2026-07-18T19:18:00Z,2026-07-19
o-000248,c-0480,1337.36,completed,BR,2026-07-22T06:23:00Z,2026-07-23
o-000249,c-0946,1924.75,pending,BR,2026-07-26T16:26:00Z,2026-07-26
o-000250,c-1673,503.25,completed,BR,2026-06-24T01:41:00Z,2026-06-25
o-000251,c-1791,931.17,cancelled,BR,2026-07-28T03:18:00Z,2026-07-28
o-000252,c-1563,404.98,completed,BR,2026-07-27T04:53:00Z,2026-07-28
o-000253,c-0188,2366.30,completed,BR,2026-07-19T11:59:00Z,2026-07-19
o-000254,c-0850,137.88,completed,BR,2026-06-22T12:05:00Z,2026-06-23
o-000255,c-0460,75.33,cancelled,BR,2026-08-14T10:50:00Z,2026-08-14
o-000256,c-0282,100.57,cancelled,BR,2026-07-22T22:53:00Z,2026-07-22
o-000257,c-1555,1765.31,completed,BR,2026-05-23T02:01:00Z,2026-05-24
o-000258,c-0442,2088.23,completed,BR,2026-08-08T16:27:00Z,2026-08-08
o-000259,c-1590,723.81,completed,BR,2026-05-29T07:26:00Z,2026-05-30
o-000260,c-0129,281.59,cancelled,BR,2026-08-07T17:01:00Z,2026-08-07
o-000261,c-1472,363.22,completed,BR,2026-08-09T11:15:00Z,2026-08-10
o-000262,c-0384,1662.61,completed,BR,2026-07-08T02:33:00Z,2026-07-08
o-000263,c-0800,2183.96,completed,BR,2026-07-11T11:16:00Z,2026-07-11
o-000264,c-0732,1972.36,completed,BR,2026-08-15T20:06:00Z,2026-08-16
o-000265,c-0274,115.62,completed,BR,2026-08-13T05:53:00Z,2026-08-14
o-000266,c-1425,1198.94,completed,BR,2026-06-09T02:45:00Z,2026-06-10
o-000267,c-0076,737.14,completed,BR,2026-06-17T01:20:00Z,2026-06-18
o-000268,c-1056,998.57,pending,BR,2026-07-22T08:02:00Z,2026-07-22
o-000269,c-0586,895.65,pending,BR,2026-08-14T10:17:00Z,2026-08-14
o-000270,c-1638,923.21,pending,BR,2026-07-18T12:21:00Z,2026-07-18
o-000271,c-1017,1731.71,completed,BR,2026-07-28T08:51:00Z,2026-07-28
o-000272,c-1490,1064.13,completed,BR,2026-06-15T17:18:00Z,2026-06-16
o-000273,c-0211,204.77,completed,BR,2026-07-01T14:38:00Z,2026-07-02
o-000274,c-0342,1725.96,completed,BR,2026-05-28T23:55:00Z,2026-05-29
o-000275,c-1260,2495.39,completed,BR,2026-05-30T02:42:00Z,2026-05-31
o-000276,c-0745,1285.15,pending,BR,2026-06-12T00:09:00Z,2026-06-13
o-000277,c-0072,319.94,completed,BR,2026-08-13T11:23:00Z,2026-08-14
o-000278,c-1945,1420.28,completed,BR,2026-08-17T14:23:00Z,2026-08-18
o-000279,c-0910,1908.90,completed,BR,2026-07-29T11:25:00Z,2026-07-30
o-000280,c-1331,700.33,cancelled,BR,2026-05-26T23:11:00Z,2026-05-27
o-000281,c-1061,970.53,completed,BR,2026-06-25T08:45:00Z,2026-06-26
o-000282,c-0440,2490.93,completed,BR,2026-07-24T06:07:00Z,2026-07-24
o-000283,c-1747,189.76,completed,BR,2026-07-18T02:51:00Z,2026-07-19
o-000284,c-1368,871.83,completed,BR,2026-07-31T09:57:00Z,2026-08-01
o-000285,c-1744,397.98,completed,BR,2026-08-20T20:11:00Z,2026-08-21
o-000286,c-1042,564.48,cancelled,BR,2026-06-09T07:50:00Z,2026-06-10
o-000287,c-0054,905.44,completed,BR,2026-07-21T17:08:00Z,2026-07-21
o-000288,c-0135,776.68,cancelled,BR,2026-07-23T16:26:00Z,2026-07-24
o-000289,c-1687,1439.38,completed,BR,2026-07-02T20:04:00Z,2026-07-03
o-000290,c-0955,1701.87,completed,BR,2026-08-01T20:37:00Z,2026-08-01
o-000291,c-1573,2415.83,completed,BR,2026-05-30T03:33:00Z,2026-05-30
o-000292,c-0623,415.82,completed,BR,2026-06-20T11:33:00Z,2026-06-21
o-000293,c-1733,201.76,completed,BR,2026-08-01T08:08:00Z,2026-08-02
o-000294,c-1259,1336.03,completed,BR,2026-06-13T18:37:00Z,2026-06-13
o-000295,c-0351,1648.54,pending,BR,2026-08-08T10:53:00Z,2026-08-08
o-000296,c-1691,2160.13,completed,BR,2026-08-13T18:16:00Z,2026-08-13
o-000297,c-1571,1432.48,completed,BR,2026-05-26T15:56:00Z,2026-05-27
o-000298,c-1315,2391.84,completed,BR,2026-08-18T12:19:00Z,2026-08-19
o-000299,c-0150,1723.09,completed,BR,2026-07-15T15:29:00Z,2026-07-15
o-000300,c-0697,1518.62,completed,BR,2026-07-02T23:55:00Z,2026-07-03
o-000301,c-1998,999.80,pending,BR,2026-07-27T17:06:00Z,2026-07-28
o-000302,c-0496,1168.85,completed,BR,2026-06-23T04:06:00Z,2026-06-23
o-000303,c-0595,2363.74,pending,BR,2026-07-15T07:55:00Z,2026-07-15
o-000304,c-1667,821.95,completed,BR,2026-07-02T06:48:00Z,2026-07-02
o-000305,c-1021,2489.94,completed,BR,2026-07-01T15:01:00Z,2026-07-01
o-000306,c-1936,986.14,completed,BR,2026-06-22T06:37:00Z,2026-06-23
o-000307,c-0100,131.10,completed,BR,2026-08-14T21:30:00Z,2026-08-15
o-000308,c-1100,25.40,completed,BR,2026-06-09T08:46:00Z,2026-06-10
o-000309,c-1565,1011.12,completed,BR,2026-05-29T18:35:00Z,2026-05-29
o-000310,c-0743,1385.29,completed,BR,2026-07-26T14:48:00Z,2026-07-27
o-000311,c-1691,2472.78,completed,BR,2026-06-07T04:06:00Z,2026-06-08
o-000312,c-0765,1988.27,completed,BR,2026-07-08T04:12:00Z,2026-07-09
o-000313,c-1025,105.44,completed,BR,2026-07-04T15:33:00Z,2026-07-05
o-000314,c-0306,1517.62,completed,BR,2026-07-03T19:20:00Z,2026-07-03
o-000315,c-0805,2476.59,pending,BR,2026-06-30T18:21:00Z,2026-07-01
o-000316,c-1452,1409.50,completed,BR,2026-05-25T11:21:00Z,2026-05-25
o-000317,c-0854,1461.34,pending,BR,2026-08-19T20:01:00Z,2026-08-20
o-000318,c-0544,2417.84,pending,BR,2026-08-05T18:14:00Z,2026-08-05
o-000319,c-1196,1203.72,completed,BR,2026-08-10T12:09:00Z,2026-08-10
o-000320,c-0065,1433.56,completed,BR,2026-06-16T00:28:00Z,2026-06-17
o-000321,c-0858,382.82,completed,BR,2026-07-14T16:49:00Z,2026-07-15
o-000322,c-1788,2121.70,pending,BR,2026-06-09T16:13:00Z,2026-06-10
o-000323,c-1357,1198.54,completed,BR,2026-06-14T14:58:00Z,2026-06-15
o-000324,c-1119,888.95,pending,BR,2026-08-18T20:51:00Z,2026-08-19
o-000325,c-1250,1213.03,cancelled,BR,2026-06-27T17:19:00Z,2026-06-27
o-000326,c-1929,2432.41,completed,BR,2026-06-28T22:13:00Z,2026-06-29
o-000327,c-0650,1202.11,completed,BR,2026-06-27T09:07:00Z,2026-06-28
o-000328,c-1835,2450.50,pending,BR,2026-06-10T09:02:00Z,2026-06-11
o-000329,c-1957,1786.78,completed,BR,2026-07-18T20:16:00Z,2026-07-19
o-000330,c-0439,509.16,completed,BR,2026-08-02T22:17:00Z,2026-08-02
o-000331,c-0224,1541.11,completed,BR,2026-06-23T01:42:00Z,2026-06-23
o-000332,c-1307,585.93,completed,BR,2026-07-04T22:30:00Z,2026-07-04
o-000333,c-1396,1928.06,completed,BR,2026-08-01T05:26:00Z,2026-08-02
o-000334,c-0978,1628.09,pending,BR,2026-06-28T10:18:00Z,2026-06-28
o-000335,c-1860,1922.97,completed,BR,2026-06-21T17:47:00Z,2026-06-21
o-000336,c-1871,2304.07,completed,BR,2026-06-14T01:53:00Z,2026-06-15
o-000337,c-1614,1240.98,cancelled,BR,2026-06-29T01:00:00Z,2026-06-30
o-000338,c-1164,1508.94,cancelled,BR,2026-07-04T09:29:00Z,2026-07-05
o-000339,c-1822,2346.71,pending,BR,2026-07-21T08:12:00Z,2026-07-21
o-000340,c-0678,410.42,completed,BR,2026-06-24T22:11:00Z,2026-06-24
o-000341,c-1509,846.09,completed,BR,2026-08-17T06:11:00Z,2026-08-18
o-000342,c-1694,1072.12,completed,BR,2026-07-13T21:06:00Z,2026-07-13
o-000343,c-0288,1196.25,cancelled,BR,2026-05-23T08:24:00Z,2026-05-23
o-000344,c-0915,1885.62,cancelled,BR,2026-06-30T18:46:00Z,2026-06-30
o-000345,c-0536,1635.94,completed,BR,2026-05-30T21:07:00Z,2026-05-31
o-000346,c-0629,403.49,completed,BR,2026-07-01T22:07:00Z,2026-07-02
o-000347,c-0753,1538.49,completed,BR,2026-06-09T15:09:00Z,2026-06-10
o-000348,c-1532,2472.15,completed,BR,2026-08-20T17:58:00Z,2026-08-21
o-000349,c-1552,1346.11,completed,BR,2026-06-19T07:43:00Z,2026-06-19
o-000350,c-1077,1119.64,completed,BR,2026-06-01T18:07:00Z,2026-06-01
o-000351,c-1698,1371.38,completed,BR,2026-08-04T17:09:00Z,2026-08-04
o-000352,c-0672,2136.94,completed,BR,2026-08-18T06:45:00Z,2026-08-19
o-000353,c-0187,2247.73,completed,BR,2026-05-30T14:08:00Z,2026-05-31
o-000354,c-0936,1411.96,completed,BR,2026-08-17T09:46:00Z,2026-08-17
o-000355,c-0811,639.87,completed,BR,2026-06-19T18:04:00Z,2026-06-19
o-000356,c-0868,864.60,completed,BR,2026-05-30T02:59:00Z,2026-05-31
o-000357,c-0065,721.29,completed,BR,2026-06-09T20:46:00Z,2026-06-10
o-000358,c-0767,2482.18,completed,BR,2026-07-10T12:05:00Z,2026-07-10
o-000359,c-1339,2151.42,completed,BR,2026-07-30T12:33:00Z,2026-07-30
o-000360,c-1491,2446.92,pending,BR,2026-05-25T09:29:00Z,2026-05-26
o-000361,c-1090,951.29,completed,BR,2026-07-20T11:09:00Z,2026-07-21
o-000362,c-0387,2343.84,pending,BR,2026-06-06T01:51:00Z,2026-06-07
o-000363,c-1260,1916.30,pending,BR,2026-05-25T07:13:00Z,2026-05-25
o-000364,c-0207,1486.89,completed,BR,2026-08-17T22:55:00Z,2026-08-17
o-000365,c-0502,1852.65,completed,BR,2026-06-21T17:13:00Z,2026-06-21
o-000366,c-0287,1262.22,completed,BR,2026-08-04T10:36:00Z,2026-08-05
o-000367,c-0486,757.90,completed,BR,2026-08-15T16:14:00Z,2026-08-16
o-000368,c-0616,691.51,completed,BR,2026-08-06T23:58:00Z,2026-08-06
o-000369,c-1283,1698.48,completed,BR,2026-05-29T11:41:00Z,2026-05-30
o-000370,c-1610,1313.54,completed,BR,2026-07-14T04:19:00Z,2026-07-15
o-000371,c-0377,1887.27,completed,BR,2026-06-20T09:54:00Z,2026-06-20
o-000372,c-1651,1160.25,completed,BR,2026-07-14T13:35:00Z,2026-07-14
o-000373,c-0796,610.93,completed,BR,2026-08-13T02:59:00Z,2026-08-14
o-000374,c-1735,930.84,completed,BR,2026-06-16T01:17:00Z,2026-06-17
o-000375,c-1380,1514.40,completed,BR,2026-06-01T06:51:00Z,2026-06-01
o-000376,c-0982,526.18,cancelled,BR,2026-06-30T00:13:00Z,2026-06-30
o-000377,c-1971,1854.98,pending,BR,2026-07-23T07:44:00Z,2026-07-23
o-000378,c-0813,2288.24,completed,BR,2026-06-28T12:29:00Z,2026-06-29
o-000379,c-0632,657.60,completed,BR,2026-07-25T14:06:00Z,2026-07-26
o-000380,c-1560,2100.13,cancelled,BR,2026-07-09T10:26:00Z,2026-07-09
o-000381,c-1153,2160.89,pending,BR,2026-05-25T08:35:00Z,2026-05-26
o-000382,c-0605,385.27,completed,BR,2026-07-10T18:53:00Z,2026-07-10
o-000383,c-1023,1378.85,cancelled,BR,2026-07-05T08:48:00Z,2026-07-06
o-000384,c-1980,1810.28,pending,BR,2026-07-20T05:46:00Z,2026-07-21
o-000385,c-0347,354.20,completed,BR,2026-06-15T17:41:00Z,2026-06-15
o-000386,c-1074,89.39,pending,BR,2026-08-16T01:48:00Z,2026-08-16
o-000387,c-0845,348.04,completed,BR,2026-05-31T22:09:00Z,2026-05-31
o-000388,c-0448,1266.80,completed,BR,2026-08-10T20:42:00Z,2026-08-11
o-000389,c-1351,1222.20,completed,BR,2026-08-01T13:00:00Z,2026-08-01
o-000390,c-1085,1806.87,completed,BR,2026-06-28T00:32:00Z,2026-06-29
o-000391,c-1652,2349.58,completed,BR,2026-06-04T16:09:00Z,2026-06-04
o-000392,c-0394,1551.35,completed,BR,2026-07-07T08:50:00Z,2026-07-08
o-000393,c-0162,935.76,completed,BR,2026-08-03T07:44:00Z,2026-08-03
o-000394,c-0615,1711.68,pending,BR,2026-08-14T20:48:00Z,2026-08-14
o-000395,c-0192,1016.17,completed,BR,2026-07-22T01:40:00Z,2026-07-22
o-000396,c-1440,432.60,completed,BR,2026-07-17T20:50:00Z,2026-07-18
o-000397,c-1159,2443.44,cancelled,BR,2026-07-29T01:14:00Z,2026-07-29
o-000398,c-1846,2170.95,pending,BR,2026-07-22T08:02:00Z,2026-07-22
o-000399,c-1402,2314.33,pending,BR,2026-08-03T21:02:00Z,2026-08-03
o-000400,c-1903,2126.82,completed,BR,2026-06-18T18:09:00Z,2026-06-19
o-000401,c-1903,196.96,completed,BR,2026-06-22T18:53:00Z,2026-06-23
o-000402,c-1387,2241.83,completed,BR,2026-06-09T22:46:00Z,2026-06-09
o-000403,c-1026,1864.91,completed,BR,2026-06-04T13:14:00Z,2026-06-04
o-000404,c-0698,1514.90,completed,BR,2026-08-07T12:49:00Z,2026-08-08
o-000405,c-0061,1587.14,pending,BR,2026-07-19T15:14:00Z,2026-07-20
o-000406,c-1133,2353.15,completed,BR,2026-08-18T18:42:00Z,2026-08-19
o-000407,c-0176,1931.56,completed,BR,2026-06-23T22:04:00Z,2026-06-23
o-000408,c-0549,389.78,completed,BR,2026-08-12T04:47:00Z,2026-08-13
o-000409,c-0649,904.95,completed,BR,2026-07-01T14:23:00Z,2026-07-02
o-000410,c-0210,335.60,completed,BR,2026-07-19T17:35:00Z,2026-07-20
o-000411,c-0212,70.52,completed,BR,2026-06-03T19:38:00Z,2026-06-04
o-000412,c-1769,966.17,completed,BR,2026-07-11T02:46:00Z,2026-07-11
o-000413,c-1172,1305.16,completed,BR,2026-06-13T04:17:00Z,2026-06-14
o-000414,c-0550,1235.34,completed,BR,2026-07-17T08:26:00Z,2026-07-18
o-000415,c-0992,1957.75,completed,BR,2026-06-23T23:40:00Z,2026-06-24
o-000416,c-1217,1543.59,completed,BR,2026-06-09T09:00:00Z,2026-06-10
o-000417,c-0681,2104.83,completed,BR,2026-07-04T14:21:00Z,2026-07-05
o-000418,c-1671,2059.72,completed,BR,2026-08-07T04:19:00Z,2026-08-08
o-000419,c-1236,2368.46,completed,BR,2026-07-02T05:25:00Z,2026-07-03
o-000420,c-0597,1838.51,completed,BR,2026-08-04T07:20:00Z,2026-08-05
o-000421,c-0575,2042.15,completed,BR,2026-06-06T18:12:00Z,2026-06-06
o-000422,c-1397,1920.21,completed,BR,2026-07-21T22:13:00Z,2026-07-22
o-000423,c-1634,731.87,completed,BR,2026-07-14T21:31:00Z,2026-07-14
o-000424,c-1298,760.57,completed,BR,2026-06-11T22:27:00Z,2026-06-12
o-000425,c-0152,1125.42,completed,BR,2026-08-05T12:34:00Z,2026-08-06
o-000426,c-1114,96.73,cancelled,BR,2026-08-20T17:38:00Z,2026-08-20
o-000427,c-0224,1923.54,completed,BR,2026-07-07T05:41:00Z,2026-07-07
o-000428,c-1154,2459.10,completed,BR,2026-07-13T10:50:00Z,2026-07-14
o-000429,c-0217,31.32,completed,BR,2026-07-27T23:33:00Z,2026-07-27
o-000430,c-0913,938.43,completed,BR,2026-08-17T18:44:00Z,2026-08-17
o-000431,c-0707,2494.27,completed,BR,2026-06-29T13:58:00Z,2026-06-29
o-000432,c-0238,2079.14,pending,BR,2026-07-06T09:21:00Z,2026-07-07
o-000433,c-1607,521.13,completed,BR,2026-07-22T03:28:00Z,2026-07-23
o-000434,c-0654,172.60,completed,BR,2026-06-06T00:54:00Z,2026-06-07
o-000435,c-1328,277.86,pending,BR,2026-06-23T16:11:00Z,2026-06-23
o-000436,c-0678,1401.82,cancelled,BR,2026-06-21T12:40:00Z,2026-06-21
o-000437,c-0382,1602.99,completed,BR,2026-05-26T23:39:00Z,2026-05-26
o-000438,c-0921,1482.55,completed,BR,2026-06-19T06:17:00Z,2026-06-19
o-000439,c-1183,258.87,pending,BR,2026-06-15T11:20:00Z,2026-06-15
o-000440,c-0938,289.32,completed,BR,2026-07-24T16:40:00Z,2026-07-25
o-000441,c-1223,974.65,completed,BR,2026-06-06T11:22:00Z,2026-06-07
o-000442,c-1265,435.46,completed,BR,2026-06-30T19:37:00Z,2026-06-30
o-000443,c-1377,339.20,completed,BR,2026-07-01T03:11:00Z,2026-07-02
o-000444,c-1421,357.69,completed,BR,2026-08-07T04:36:00Z,2026-08-08
o-000445,c-0867,468.46,completed,BR,2026-08-19T20:59:00Z,2026-08-19
o-000446,c-1137,421.33,completed,BR,2026-06-15T10:53:00Z,2026-06-16
o-000447,c-1269,138.76,completed,BR,2026-05-24T15:08:00Z,2026-05-24
o-000448,c-1670,962.94,completed,BR,2026-08-14T15:26:00Z,2026-08-15
o-000449,c-0852,1776.81,completed,BR,2026-06-13T02:36:00Z,2026-06-13
o-000450,c-1630,1903.84,completed,BR,2026-06-27T07:34:00Z,2026-06-28
o-000451,c-0345,1952.95,completed,BR,2026-07-25T17:32:00Z,2026-07-25
o-000452,c-1173,289.95,pending,BR,2026-07-08T17:52:00Z,2026-07-08
o-000453,c-1557,1798.86,completed,BR,2026-07-16T03:47:00Z,2026-07-16
o-000454,c-0610,2187.65,completed,BR,2026-06-25T11:55:00Z,2026-06-25
o-000455,c-0900,2163.90,completed,BR,2026-06-22T06:51:00Z,2026-06-23
o-000456,c-1764,1778.33,completed,BR,2026-06-13T19:08:00Z,2026-06-13
o-000457,c-1667,521.32,completed,BR,2026-07-06T17:17:00Z,2026-07-06
o-000458,c-0663,2447.61,completed,BR,2026-08-04T08:54:00Z,2026-08-04
o-000459,c-0278,2407.12,pending,BR,2026-05-30T08:55:00Z,2026-05-30
o-000460,c-1437,2165.87,completed,BR,2026-07-03T07:48:00Z,2026-07-04
o-000461,c-1003,359.72,completed,BR,2026-08-11T13:24:00Z,2026-08-12
o-000462,c-0155,1585.90,pending,BR,2026-06-03T12:32:00Z,2026-06-04
o-000463,c-1423,2341.16,completed,BR,2026-07-24T10:37:00Z,2026-07-24
o-000464,c-1780,1936.47,pending,BR,2026-07-20T20:42:00Z,2026-07-21
o-000465,c-1742,163.01,completed,BR,2026-06-19T13:52:00Z,2026-06-19
o-000466,c-1014,675.00,pending,BR,2026-07-05T17:36:00Z,2026-07-05
o-000467,c-1160,2131.79,pending,BR,2026-08-18T01:02:00Z,2026-08-18
o-000468,c-1283,1960.80,completed,BR,2026-06-07T05:28:00Z,2026-06-08
o-000469,c-0002,2479.64,completed,BR,2026-08-19T04:56:00Z,2026-08-20
o-000470,c-0326,2186.69,pending,BR,2026-06-03T20:23:00Z,2026-06-04
o-000471,c-0169,932.75,cancelled,BR,2026-06-13T01:25:00Z,2026-06-14
o-000472,c-1487,1750.11,completed,BR,2026-08-14T02:45:00Z,2026-08-14
o-000473,c-0003,537.49,completed,BR,2026-08-06T07:33:00Z,2026-08-07
o-000474,c-0020,25.12,completed,BR,2026-06-07T13:44:00Z,2026-06-07
o-000475,c-0979,181.72,completed,BR,2026-06-05T03:20:00Z,2026-06-06
o-000476,c-1805,751.64,completed,BR,2026-06-09T20:43:00Z,2026-06-09
o-000477,c-0141,1328.62,completed,BR,2026-08-14T05:28:00Z,2026-08-15
o-000478,c-1480,536.57,pending,BR,2026-07-14T19:43:00Z,2026-07-15
o-000479,c-1762,547.03,pending,BR,2026-06-09T03:37:00Z,2026-06-10
o-000480,c-0720,2408.31,completed,BR,2026-06-09T07:17:00Z,2026-06-09
o-000481,c-0509,1385.72,completed,BR,2026-08-08T09:49:00Z,2026-08-08
o-000482,c-1737,2118.44,pending,BR,2026-06-18T16:38:00Z,2026-06-18
o-000483,c-1532,982.42,completed,BR,2026-06-22T15:24:00Z,2026-06-22
o-000484,c-0494,1251.46,completed,BR,2026-07-29T00:23:00Z,2026-07-30
o-000485,c-0271,970.16,pending,BR,2026-07-15T11:34:00Z,2026-07-15
o-000486,c-1563,1180.18,cancelled,BR,2026-06-01T00:37:00Z,2026-06-01
o-000487,c-0029,659.15,completed,BR,2026-05-30T12:32:00Z,2026-05-31
o-000488,c-1288,1783.01,pending,BR,2026-07-16T22:25:00Z,2026-07-16
o-000489,c-1312,1343.73,completed,BR,2026-06-27T02:19:00Z,2026-06-27
o-000490,c-1048,2302.71,cancelled,BR,2026-06-11T17:20:00Z,2026-06-12
o-000491,c-1202,1587.56,pending,BR,2026-08-18T20:04:00Z,2026-08-19
o-000492,c-1431,1096.53,cancelled,BR,2026-06-22T01:15:00Z,2026-06-22
o-000493,c-1894,1089.04,completed,BR,2026-08-08T01:19:00Z,2026-08-08
o-000494,c-0245,36.60,completed,BR,2026-05-24T05:31:00Z,2026-05-25
o-000495,c-1072,1295.47,pending,BR,2026-06-25T05:23:00Z,2026-06-25
o-000496,c-1536,1953.90,completed,BR,2026-06-07T00:21:00Z,2026-06-08
o-000497,c-0558,1312.02,completed,BR,2026-08-04T20:04:00Z,2026-08-05
o-000498,c-0933,1279.40,completed,BR,2026-08-03T05:23:00Z,2026-08-03
o-000499,c-0523,1934.46,pending,BR,2026-08-17T23:07:00Z,2026-08-17
o-000500,c-1518,1274.52,completed,BR,2026-05-24T07:02:00Z,2026-05-25
o-000501,c-0746,960.53,completed,BR,2026-05-27T17:51:00Z,2026-05-28
o-000502,c-0460,807.90,completed,BR,2026-07-02T08:52:00Z,2026-07-02
o-000503,c-1171,935.16,completed,BR,2026-05-29T05:14:00Z,2026-05-29
o-000504,c-1954,1005.31,pending,BR,2026-06-28T09:20:00Z,2026-06-28
o-000505,c-1133,1144.58,completed,BR,2026-06-29T18:50:00Z,2026-06-30
o-000506,c-1515,1558.68,completed,BR,2026-08-06T15:49:00Z,2026-08-06
o-000507,c-1501,2251.61,pending,BR,2026-06-23T04:00:00Z,2026-06-24
o-000508,c-0049,586.33,completed,BR,2026-08-19T00:21:00Z,2026-08-19
o-000509,c-1555,1644.97,pending,BR,2026-07-01T03:13:00Z,2026-07-01
o-000510,c-0860,1232.61,completed,BR,2026-06-10T22:17:00Z,2026-06-10
o-000511,c-0090,2303.58,pending,BR,2026-07-28T13:44:00Z,2026-07-29
o-000512,c-0939,2436.51,completed,BR,2026-06-04T16:08:00Z,2026-06-05
o-000513,c-0154,1481.78,completed,BR,2026-08-15T04:15:00Z,2026-08-16
o-000514,c-0535,2128.03,cancelled,BR,2026-07-12T22:53:00Z,2026-07-13
o-000515,c-0652,1134.63,completed,BR,2026-06-17T04:49:00Z,2026-06-17
o-000516,c-0319,268.62,completed,BR,2026-07-02T13:07:00Z,2026-07-03
o-000517,c-1976,1926.99,completed,BR,2026-07-21T08:54:00Z,2026-07-21
o-000518,c-0186,398.25,completed,BR,2026-08-20T19:02:00Z,2026-08-20
o-000519,c-1712,2142.15,completed,BR,2026-06-23T11:25:00Z,2026-06-23
o-000520,c-1387,750.61,pending,BR,2026-06-14T00:25:00Z,2026-06-15
o-000521,c-1139,1871.46,completed,BR,2026-07-21T03:51:00Z,2026-07-21
o-000522,c-0249,34.83,pending,BR,2026-06-20T04:12:00Z,2026-06-21
o-000523,c-0763,1717.28,cancelled,BR,2026-06-02T18:37:00Z,2026-06-03
o-000524,c-1879,2032.80,completed,BR,2026-05-31T06:57:00Z,2026-06-01
o-000525,c-1658,326.33,cancelled,BR,2026-07-04T03:02:00Z,2026-07-05
o-000526,c-0104,424.13,completed,BR,2026-07-12T15:01:00Z,2026-07-13
o-000527,c-1400,1069.53,completed,BR,2026-06-15T08:17:00Z,2026-06-16
o-000528,c-1810,375.84,completed,BR,2026-08-09T07:41:00Z,2026-08-10
o-000529,c-1022,1032.92,completed,BR,2026-05-30T02:17:00Z,2026-05-31
o-000530,c-0282,1050.99,completed,BR,2026-07-29T07:40:00Z,2026-07-29
o-000531,c-0784,1955.88,completed,BR,2026-07-31T15:22:00Z,2026-08-01
o-000532,c-0796,679.74,completed,BR,2026-08-07T07:01:00Z,2026-08-08
o-000533,c-0120,2022.59,completed,BR,2026-07-07T18:14:00Z,2026-07-07
o-000534,c-0206,623.40,completed,BR,2026-07-30T23:03:00Z,2026-07-30
o-000535,c-1180,2117.03,pending,BR,2026-07-07T05:11:00Z,2026-07-07
o-000536,c-1214,798.42,pending,BR,2026-07-07T18:01:00Z,2026-07-08
o-000537,c-1941,1421.29,completed,BR,2026-06-16T15:34:00Z,2026-06-17
o-000538,c-0360,1228.64,completed,BR,2026-06-21T19:14:00Z,2026-06-21
o-000539,c-1079,1197.58,completed,BR,2026-08-09T06:51:00Z,2026-08-09
o-000540,c-0698,1793.76,cancelled,BR,2026-07-03T01:01:00Z,2026-07-03
o-000541,c-1202,1763.22,completed,BR,2026-06-06T16:55:00Z,2026-06-07
o-000542,c-1968,185.97,completed,BR,2026-08-15T12:37:00Z,2026-08-15
o-000543,c-0690,757.90,completed,BR,2026-06-12T23:27:00Z,2026-06-13
o-000544,c-1330,796.62,completed,BR,2026-08-02T22:56:00Z,2026-08-03
o-000545,c-0458,1665.50,pending,BR,2026-07-10T09:46:00Z,2026-07-11
o-000546,c-0261,448.38,completed,BR,2026-08-20T18:25:00Z,2026-08-20
o-000547,c-0373,1507.96,cancelled,BR,2026-08-09T07:40:00Z,2026-08-09
o-000548,c-1919,1242.98,completed,BR,2026-06-01T07:22:00Z,2026-06-02
o-000549,c-0344,1592.29,cancelled,BR,2026-08-16T20:46:00Z,2026-08-17
o-000550,c-0915,33.43,completed,BR,2026-08-19T02:22:00Z,2026-08-20
o-000551,c-1612,274.55,completed,BR,2026-07-11T14:46:00Z,2026-07-12
o-000552,c-1985,420.01,completed,BR,2026-07-10T11:34:00Z,2026-07-11
o-000553,c-0208,2072.87,pending,BR,2026-08-04T20:48:00Z,2026-08-04
o-000554,c-0334,1130.96,pending,BR,2026-05-27T09:01:00Z,2026-05-28
o-000555,c-0535,2379.40,completed,BR,2026-06-13T12:10:00Z,2026-06-13
o-000556,c-1121,2354.88,cancelled,BR,2026-07-05T19:39:00Z,2026-07-06
o-000557,c-1443,82.33,cancelled,BR,2026-06-13T19:56:00Z,2026-06-14
o-000558,c-0322,138.62,completed,BR,2026-06-16T13:44:00Z,2026-06-17
o-000559,c-1353,707.40,completed,BR,2026-05-29T12:36:00Z,2026-05-30
o-000560,c-0315,140.99,completed,BR,2026-06-03T09:52:00Z,2026-06-04
o-000561,c-0409,246.98,completed,BR,2026-08-12T09:05:00Z,2026-08-13
o-000562,c-1729,293.19,pending,BR,2026-07-22T15:57:00Z,2026-07-23
o-000563,c-0187,1606.46,completed,BR,2026-07-09T12:23:00Z,2026-07-09
o-000564,c-0913,116.32,completed,BR,2026-06-25T07:53:00Z,2026-06-26
o-000565,c-1156,158.79,pending,BR,2026-08-16T03:05:00Z,2026-08-17
o-000566,c-1656,1355.92,cancelled,BR,2026-08-06T07:35:00Z,2026-08-06
o-000567,c-1722,970.83,completed,BR,2026-07-30T21:55:00Z,2026-07-31
o-000568,c-1173,2204.73,completed,BR,2026-06-02T12:57:00Z,2026-06-02
o-000569,c-1029,1430.19,completed,BR,2026-08-04T21:39:00Z,2026-08-04
o-000570,c-0247,2373.39,completed,BR,2026-06-13T06:51:00Z,2026-06-13
o-000571,c-0259,111.48,completed,BR,2026-08-18T13:12:00Z,2026-08-18
o-000572,c-1709,1489.64,completed,BR,2026-05-31T02:24:00Z,2026-06-01
o-000573,c-1131,818.69,completed,BR,2026-07-20T00:50:00Z,2026-07-21
o-000574,c-0231,1039.03,completed,BR,2026-08-06T18:48:00Z,2026-08-06
o-000575,c-1895,268.56,pending,BR,2026-06-28T17:56:00Z,2026-06-29
o-000576,c-1798,1030.17,completed,BR,2026-07-24T18:38:00Z,2026-07-25
o-000577,c-0077,434.64,completed,BR,2026-08-10T19:43:00Z,2026-08-11
o-000578,c-0080,992.50,pending,BR,2026-08-19T07:03:00Z,2026-08-20
o-000579,c-1886,675.12,completed,BR,2026-07-05T09:19:00Z,2026-07-06
o-000580,c-1727,1231.59,completed,BR,2026-06-04T07:08:00Z,2026-06-05
o-000581,c-1996,1860.59,pending,BR,2026-07-03T08:46:00Z,2026-07-04
o-000582,c-1239,1615.66,completed,BR,2026-06-19T13:47:00Z,2026-06-20
o-000583,c-1556,1293.67,completed,BR,2026-05-30T16:50:00Z,2026-05-30
o-000584,c-0135,781.25,completed,BR,2026-06-09T16:56:00Z,2026-06-09
o-000585,c-0356,485.94,pending,BR,2026-05-30T07:02:00Z,2026-05-31
o-000586,c-0104,2295.49,completed,BR,2026-06-27T11:52:00Z,2026-06-28
o-000587,c-1035,995.37,cancelled,BR,2026-08-18T00:15:00Z,2026-08-19
o-000588,c-1002,1487.14,completed,BR,2026-07-22T18:35:00Z,2026-07-23
o-000589,c-0706,412.97,pending,BR,2026-08-19T02:18:00Z,2026-08-19
o-000590,c-0792,128.88,pending,BR,2026-06-19T07:41:00Z,2026-06-19
o-000591,c-1388,520.79,completed,BR,2026-07-27T00:55:00Z,2026-07-27
o-000592,c-0971,2279.23,completed,BR,2026-08-07T00:14:00Z,2026-08-08
o-000593,c-1246,2013.69,completed,BR,2026-08-13T08:27:00Z,2026-08-14
o-000594,c-1745,875.03,completed,BR,2026-07-21T09:43:00Z,2026-07-22
o-000595,c-1198,260.27,completed,BR,2026-08-15T11:35:00Z,2026-08-16
o-000596,c-0612,1712.61,completed,BR,2026-07-05T08:40:00Z,2026-07-06
o-000597,c-1765,695.83,completed,BR,2026-08-14T09:12:00Z,2026-08-14
o-000598,c-1060,1914.86,pending,BR,2026-08-07T12:42:00Z,2026-08-08
o-000599,c-1395,354.12,completed,BR,2026-07-25T09:16:00Z,2026-07-26
o-000600,c-0829,973.75,completed,BR,2026-08-04T06:21:00Z,2026-08-04
o-000601,c-1406,1338.91,pending,BR,2026-08-16T11:32:00Z,2026-08-17
o-000602,c-1732,429.12,completed,BR,2026-08-02T05:18:00Z,2026-08-02
o-000603,c-0965,324.22,completed,BR,2026-08-02T05:43:00Z,2026-08-03
o-000604,c-1341,227.80,completed,BR,2026-07-01T13:50:00Z,2026-07-02
o-000605,c-0762,655.10,completed,BR,2026-06-07T15:03:00Z,2026-06-07
o-000606,c-0968,2224.12,completed,BR,2026-08-18T12:33:00Z,2026-08-19
o-000607,c-0847,139.88,pending,BR,2026-06-09T06:21:00Z,2026-06-10
o-000608,c-1167,2232.65,cancelled,BR,2026-06-10T10:55:00Z,2026-06-10
o-000609,c-1596,206.62,completed,BR,2026-06-14T10:40:00Z,2026-06-14
o-000610,c-0010,1132.87,completed,BR,2026-06-13T18:48:00Z,2026-06-13
o-000611,c-1003,1964.10,pending,BR,2026-06-08T19:27:00Z,2026-06-09
o-000612,c-0827,1075.42,completed,BR,2026-05-23T01:34:00Z,2026-05-23
o-000613,c-1497,935.89,completed,BR,2026-07-03T16:12:00Z,2026-07-03
o-000614,c-1386,15.29,pending,BR,2026-06-20T22:56:00Z,2026-06-21
o-000615,c-0640,326.68,completed,BR,2026-08-06T09:10:00Z,2026-08-06
o-000616,c-1688,119.07,cancelled,BR,2026-07-20T23:33:00Z,2026-07-21
o-000617,c-0889,2220.50,cancelled,BR,2026-07-05T15:22:00Z,2026-07-05
o-000618,c-0338,2370.47,cancelled,BR,2026-07-13T00:14:00Z,2026-07-13
o-000619,c-1490,2462.27,completed,BR,2026-05-25T18:32:00Z,2026-05-25
o-000620,c-0253,919.65,completed,BR,2026-05-27T12:56:00Z,2026-05-28
o-000621,c-1580,1339.16,completed,BR,2026-05-29T21:06:00Z,2026-05-29
o-000622,c-0099,1725.93,completed,BR,2026-07-10T03:35:00Z,2026-07-11
o-000623,c-0972,1756.16,completed,BR,2026-08-18T20:00:00Z,2026-08-19
o-000624,c-0862,1655.85,completed,BR,2026-06-26T19:38:00Z,2026-06-26
o-000625,c-0858,2077.48,completed,BR,2026-08-10T03:18:00Z,2026-08-10
o-000626,c-1608,270.13,completed,BR,2026-06-17T08:53:00Z,2026-06-17
o-000627,c-0734,1760.07,completed,BR,2026-05-28T17:31:00Z,2026-05-28
o-000628,c-1410,2333.15,completed,BR,2026-05-23T00:42:00Z,2026-05-23
o-000629,c-1858,280.53,completed,BR,2026-07-25T04:05:00Z,2026-07-25
o-000630,c-1482,1810.32,cancelled,BR,2026-08-13T07:29:00Z,2026-08-14
o-000631,c-0541,1163.37,completed,BR,2026-06-14T01:54:00Z,2026-06-15
o-000632,c-0738,2004.98,completed,BR,2026-06-06T03:54:00Z,2026-06-06
o-000633,c-0020,2130.74,completed,BR,2026-06-13T10:22:00Z,2026-06-14
o-000634,c-1957,1556.41,pending,BR,2026-06-03T11:52:00Z,2026-06-04
o-000635,c-0375,289.01,completed,BR,2026-07-20T08:53:00Z,2026-07-21
o-000636,c-1413,2127.43,pending,BR,2026-08-14T05:07:00Z,2026-08-14
o-000637,c-1426,1817.40,cancelled,BR,2026-06-12T03:26:00Z,2026-06-13
o-000638,c-1644,1424.51,completed,BR,2026-08-09T12:49:00Z,2026-08-10
o-000639,c-1253,76.90,completed,BR,2026-06-08T15:58:00Z,2026-06-09
o-000640,c-0232,2219.55,completed,BR,2026-05-31T08:41:00Z,2026-06-01
o-000641,c-0026,1762.90,completed,BR,2026-08-04T23:36:00Z,2026-08-04
o-000642,c-1958,1676.26,completed,BR,2026-07-28T22:44:00Z,2026-07-28
o-000643,c-0887,1655.97,completed,BR,2026-07-06T21:43:00Z,2026-07-07
o-000644,c-0305,2098.39,completed,BR,2026-08-09T01:00:00Z,2026-08-09
o-000645,c-1036,2122.87,pending,BR,2026-06-13T02:48:00Z,2026-06-14
o-000646,c-0657,606.03,cancelled,BR,2026-05-29T16:14:00Z,2026-05-30
o-000647,c-0826,2043.67,completed,BR,2026-07-18T18:28:00Z,2026-07-18
o-000648,c-1755,1248.65,completed,BR,2026-07-25T23:41:00Z,2026-07-25
o-000649,c-0211,1011.58,completed,BR,2026-08-01T00:52:00Z,2026-08-01
o-000650,c-1622,1512.49,completed,BR,2026-06-30T16:35:00Z,2026-06-30
o-000651,c-1341,1680.33,cancelled,BR,2026-07-08T01:52:00Z,2026-07-08
o-000652,c-1730,1138.88,completed,BR,2026-08-10T19:30:00Z,2026-08-11
o-000653,c-1467,1134.07,completed,BR,2026-08-15T07:00:00Z,2026-08-16
o-000654,c-0728,2075.56,cancelled,BR,2026-06-29T17:33:00Z,2026-06-30
o-000655,c-1438,270.27,pending,BR,2026-07-25T04:52:00Z,2026-07-26
o-000656,c-0220,639.45,completed,BR,2026-06-07T12:13:00Z,2026-06-08
o-000657,c-1689,1954.64,completed,BR,2026-06-05T13:02:00Z,2026-06-05
o-000658,c-1582,2229.93,completed,BR,2026-08-06T16:08:00Z,2026-08-07
o-000659,c-0009,1328.26,completed,BR,2026-07-17T18:30:00Z,2026-07-17
o-000660,c-1417,1448.49,pending,BR,2026-06-08T03:24:00Z,2026-06-09
o-000661,c-1033,2204.07,completed,BR,2026-08-08T22:48:00Z,2026-08-08
o-000662,c-0561,997.69,completed,BR,2026-06-29T14:51:00Z,2026-06-29
o-000663,c-0283,1034.80,completed,BR,2026-07-27T09:53:00Z,2026-07-28
o-000664,c-1458,1843.36,completed,BR,2026-06-19T06:13:00Z,2026-06-20
o-000665,c-1407,866.51,completed,BR,2026-08-14T05:32:00Z,2026-08-15
o-000666,c-1455,292.94,completed,BR,2026-07-23T18:36:00Z,2026-07-24
o-000667,c-1381,1870.93,pending,BR,2026-06-28T13:51:00Z,2026-06-28
o-000668,c-1071,270.64,completed,BR,2026-05-29T21:03:00Z,2026-05-29
o-000669,c-0547,1876.71,completed,BR,2026-06-28T21:16:00Z,2026-06-28
o-000670,c-1720,159.77,pending,BR,2026-06-18T17:02:00Z,2026-06-19
o-000671,c-1668,1134.22,completed,BR,2026-08-17T23:35:00Z,2026-08-17
o-000672,c-1521,1619.56,completed,BR,2026-07-27T22:18:00Z,2026-07-27
o-000673,c-1898,957.05,completed,BR,2026-08-18T10:35:00Z,2026-08-18
o-000674,c-0027,1860.46,completed,BR,2026-07-18T07:58:00Z,2026-07-19
o-000675,c-1547,1473.02,pending,BR,2026-06-17T23:12:00Z,2026-06-18
o-000676,c-0920,447.68,completed,BR,2026-06-15T05:47:00Z,2026-06-15
o-000677,c-0773,106.38,completed,BR,2026-06-25T04:10:00Z,2026-06-26
o-000678,c-0012,829.75,completed,BR,2026-06-11T01:09:00Z,2026-06-12
o-000679,c-1223,131.88,cancelled,BR,2026-08-09T21:19:00Z,2026-08-10
o-000680,c-1618,1433.83,completed,BR,2026-07-02T16:14:00Z,2026-07-02
o-000681,c-1067,175.10,completed,BR,2026-07-15T17:34:00Z,2026-07-16
o-000682,c-0189,876.76,pending,BR,2026-08-15T10:21:00Z,2026-08-16
o-000683,c-0602,550.02,pending,BR,2026-07-29T15:35:00Z,2026-07-29
o-000684,c-0235,1674.00,completed,BR,2026-08-13T19:58:00Z,2026-08-13
o-000685,c-1964,104.49,pending,BR,2026-07-10T03:24:00Z,2026-07-11
o-000686,c-1107,1811.32,completed,BR,2026-07-28T11:32:00Z,2026-07-29
o-000687,c-0997,114.41,pending,BR,2026-06-16T10:32:00Z,2026-06-16
o-000688,c-1942,244.41,cancelled,BR,2026-07-30T17:00:00Z,2026-07-30
o-000689,c-0432,1677.49,pending,BR,2026-08-18T13:53:00Z,2026-08-18
o-000690,c-0422,1346.70,completed,BR,2026-07-17T20:52:00Z,2026-07-17
o-000691,c-1530,1716.68,completed,BR,2026-07-04T01:05:00Z,2026-07-04
o-000692,c-0112,449.09,completed,BR,2026-06-01T18:52:00Z,2026-06-01
o-000693,c-1866,650.33,completed,BR,2026-08-11T12:27:00Z,2026-08-12
o-000694,c-0035,976.81,completed,BR,2026-05-23T20:46:00Z,2026-05-23
o-000695,c-1549,1866.15,completed,BR,2026-06-01T11:59:00Z,2026-06-01
o-000696,c-0594,1968.30,completed,BR,2026-06-03T09:48:00Z,2026-06-04
o-000697,c-0782,990.81,completed,BR,2026-07-22T05:34:00Z,2026-07-22
o-000698,c-0280,1868.15,pending,BR,2026-07-31T09:40:00Z,2026-07-31
o-000699,c-0611,1694.84,cancelled,BR,2026-08-13T11:00:00Z,2026-08-13
o-000700,c-0253,109.22,completed,BR,2026-07-12T17:35:00Z,2026-07-12
o-000701,c-0625,529.08,pending,BR,2026-07-06T06:26:00Z,2026-07-06
o-000702,c-0330,464.06,completed,BR,2026-06-24T06:07:00Z,2026-06-24
o-000703,c-1375,2000.15,pending,BR,2026-08-01T14:41:00Z,2026-08-01
o-000704,c-0596,1680.85,completed,BR,2026-06-17T23:37:00Z,2026-06-18
o-000705,c-1949,830.47,completed,BR,2026-08-14T07:06:00Z,2026-08-15
o-000706,c-1269,179.17,completed,BR,2026-07-24T14:21:00Z,2026-07-25
o-000707,c-1421,1462.50,completed,BR,2026-07-08T10:27:00Z,2026-07-08
o-000708,c-0010,786.47,pending,BR,2026-08-13T13:17:00Z,2026-08-14
o-000709,c-0276,1700.55,completed,BR,2026-07-23T14:28:00Z,2026-07-24
o-000710,c-1587,767.15,completed,BR,2026-06-14T20:38:00Z,2026-06-14
o-000711,c-1724,705.14,pending,BR,2026-07-30T06:16:00Z,2026-07-30
o-000712,c-1490,193.12,completed,BR,2026-07-26T20:01:00Z,2026-07-27
o-000713,c-1576,1477.14,cancelled,BR,2026-08-01T08:34:00Z,2026-08-02
o-000714,c-1340,1939.12,completed,BR,2026-06-20T18:46:00Z,2026-06-21
o-000715,c-0275,1164.43,completed,BR,2026-07-12T11:32:00Z,2026-07-12
o-000716,c-1358,601.01,cancelled,BR,2026-08-09T21:10:00Z,2026-08-09
o-000717,c-0914,402.26,completed,BR,2026-08-03T21:55:00Z,2026-08-03
o-000718,c-1508,1831.35,cancelled,BR,2026-05-28T07:48:00Z,2026-05-29
o-000719,c-0475,161.84,completed,BR,2026-05-28T21:13:00Z,2026-05-29
o-000720,c-0795,1176.84,completed,BR,2026-05-28T01:41:00Z,2026-05-29
o-000721,c-0212,1760.82,completed,BR,2026-06-27T23:16:00Z,2026-06-27
o-000722,c-0772,1635.92,completed,BR,2026-08-14T02:33:00Z,2026-08-15
o-000723,c-0771,2431.82,completed,BR,2026-07-13T11:52:00Z,2026-07-14
o-000724,c-0998,1982.68,pending,BR,2026-05-23T16:56:00Z,2026-05-23
o-000725,c-0901,418.19,completed,BR,2026-08-13T08:13:00Z,2026-08-13
o-000726,c-0383,397.61,completed,BR,2026-06-07T21:14:00Z,2026-06-08
o-000727,c-1662,828.91,completed,BR,2026-08-17T15:30:00Z,2026-08-17
o-000728,c-1210,407.31,pending,BR,2026-05-25T07:02:00Z,2026-05-25
o-000729,c-1175,1482.91,completed,BR,2026-07-27T01:57:00Z,2026-07-27
o-000730,c-0115,420.02,cancelled,BR,2026-07-28T12:38:00Z,2026-07-28
o-000731,c-1800,1800.27,completed,BR,2026-06-28T02:13:00Z,2026-06-29
o-000732,c-1243,2481.98,pending,BR,2026-06-13T07:53:00Z,2026-06-14
o-000733,c-1231,361.07,completed,BR,2026-06-15T19:42:00Z,2026-06-16
o-000734,c-0344,1811.85,completed,BR,2026-07-20T19:37:00Z,2026-07-20
o-000735,c-0471,948.64,completed,BR,2026-05-25T06:33:00Z,2026-05-26
o-000736,c-1693,378.16,completed,BR,2026-07-22T19:38:00Z,2026-07-22
o-000737,c-1798,1960.75,completed,BR,2026-06-07T02:30:00Z,2026-06-07
o-000738,c-1848,1510.67,pending,BR,2026-08-17T20:27:00Z,2026-08-18
o-000739,c-0759,2187.69,completed,BR,2026-07-16T07:51:00Z,2026-07-17
o-000740,c-1618,1922.84,completed,BR,2026-08-20T18:06:00Z,2026-08-21
o-000741,c-0275,640.02,pending,BR,2026-06-02T09:38:00Z,2026-06-03
o-000742,c-0528,476.61,completed,BR,2026-05-23T18:33:00Z,2026-05-23
o-000743,c-1065,22.95,completed,BR,2026-08-19T10:26:00Z,2026-08-20
o-000744,c-0219,391.17,completed,BR,2026-06-24T08:54:00Z,2026-06-25
o-000745,c-1157,917.28,completed,BR,2026-08-18T12:48:00Z,2026-08-18
o-000746,c-0847,1382.50,completed,BR,2026-06-14T11:35:00Z,2026-06-15
o-000747,c-0520,2471.33,completed,BR,2026-07-12T23:08:00Z,2026-07-12
o-000748,c-1532,578.28,pending,BR,2026-06-12T03:13:00Z,2026-06-13
o-000749,c-1610,849.40,completed,BR,2026-08-20T21:45:00Z,2026-08-20
o-000750,c-0330,975.81,completed,BR,2026-06-03T04:30:00Z,2026-06-04
o-000751,c-0181,164.88,completed,BR,2026-06-02T19:02:00Z,2026-06-03
o-000752,c-1907,2461.20,completed,BR,2026-07-28T09:45:00Z,2026-07-28
o-000753,c-1937,1935.15,completed,BR,2026-07-25T14:00:00Z,2026-07-25
o-000754,c-1742,1643.93,pending,BR,2026-06-28T06:02:00Z,2026-06-28
o-000755,c-1260,427.86,completed,BR,2026-06-22T20:00:00Z,2026-06-22
o-000756,c-0178,2492.06,pending,BR,2026-07-07T21:25:00Z,2026-07-08
o-000757,c-1201,504.77,completed,BR,2026-05-31T02:35:00Z,2026-06-01
o-000758,c-1488,2075.26,cancelled,BR,2026-07-06T11:52:00Z,2026-07-07
o-000759,c-0464,1517.88,completed,BR,2026-07-13T18:00:00Z,2026-07-14
o-000760,c-0359,1020.80,completed,BR,2026-06-01T16:18:00Z,2026-06-02
o-000761,c-1940,296.94,completed,BR,2026-06-24T17:52:00Z,2026-06-25
o-000762,c-1422,1109.71,completed,BR,2026-07-23T07:48:00Z,2026-07-24
o-000763,c-1969,1940.12,completed,BR,2026-08-06T00:30:00Z,2026-08-06
o-000764,c-0529,173.55,completed,BR,2026-06-20T21:44:00Z,2026-06-20
o-000765,c-1639,792.75,cancelled,BR,2026-07-28T17:00:00Z,2026-07-29
o-000766,c-0509,721.79,completed,BR,2026-07-05T02:35:00Z,2026-07-05
o-000767,c-0976,788.11,completed,BR,2026-08-04T08:11:00Z,2026-08-04
o-000768,c-1022,1844.10,completed,BR,2026-06-22T08:13:00Z,2026-06-22
o-000769,c-0416,2088.18,pending,BR,2026-07-07T04:49:00Z,2026-07-07
o-000770,c-0246,2300.87,completed,BR,2026-08-15T15:39:00Z,2026-08-15
o-000771,c-1566,2143.44,cancelled,BR,2026-07-23T11:39:00Z,2026-07-24
o-000772,c-1009,2245.81,pending,BR,2026-08-04T08:31:00Z,2026-08-04
o-000773,c-1566,2290.44,completed,BR,2026-06-20T18:08:00Z,2026-06-20
o-000774,c-1077,1999.18,completed,BR,2026-07-31T01:32:00Z,2026-08-01
o-000775,c-0807,2151.70,pending,BR,2026-07-20T03:44:00Z,2026-07-21
o-000776,c-0647,1724.58,completed,BR,2026-06-18T12:37:00Z,2026-06-18
o-000777,c-0667,907.20,pending,BR,2026-06-15T17:16:00Z,2026-06-15
o-000778,c-0552,1181.01,completed,BR,2026-07-08T05:31:00Z,2026-07-09
o-000779,c-0432,1050.64,pending,BR,2026-07-08T12:17:00Z,2026-07-09
o-000780,c-0369,1430.67,cancelled,BR,2026-08-18T07:52:00Z,2026-08-18
o-000781,c-1477,678.52,completed,BR,2026-07-17T12:12:00Z,2026-07-17
o-000782,c-1639,2398.07,completed,BR,2026-05-24T05:26:00Z,2026-05-25
o-000783,c-0276,2488.93,pending,BR,2026-07-28T17:46:00Z,2026-07-29
o-000784,c-1609,1219.12,completed,BR,2026-08-03T01:25:00Z,2026-08-03
o-000785,c-1415,412.54,completed,BR,2026-06-24T15:53:00Z,2026-06-24
o-000786,c-0922,1862.76,completed,BR,2026-07-08T17:35:00Z,2026-07-09
o-000787,c-0705,54.49,completed,BR,2026-08-17T19:12:00Z,2026-08-17
o-000788,c-1599,715.10,completed,BR,2026-07-27T15:49:00Z,2026-07-28
o-000789,c-1822,200.63,completed,BR,2026-07-21T20:09:00Z,2026-07-21
o-000790,c-1312,2020.25,completed,BR,2026-08-11T19:36:00Z,2026-08-12
o-000791,c-1739,2268.15,completed,BR,2026-07-05T07:20:00Z,2026-07-06
o-000792,c-1338,731.93,completed,BR,2026-08-13T12:17:00Z,2026-08-14
o-000793,c-1600,2157.70,completed,BR,2026-08-06T16:28:00Z,2026-08-07
o-000794,c-0343,463.80,completed,BR,2026-06-22T21:16:00Z,2026-06-22
o-000795,c-0432,421.44,completed,BR,2026-05-31T15:35:00Z,2026-05-31
o-000796,c-0054,1928.48,completed,BR,2026-06-02T03:16:00Z,2026-06-02
o-000797,c-0173,1638.81,pending,BR,2026-07-01T07:15:00Z,2026-07-02
o-000798,c-0908,1568.07,completed,BR,2026-06-13T00:02:00Z,2026-06-14
o-000799,c-1763,2288.60,pending,BR,2026-07-21T17:59:00Z,2026-07-22
o-000800,c-1124,1114.89,cancelled,BR,2026-08-20T17:11:00Z,2026-08-21
o-000801,c-1293,1873.53,pending,BR,2026-07-17T16:40:00Z,2026-07-18
o-000802,c-1862,871.18,completed,BR,2026-06-03T14:19:00Z,2026-06-04
o-000803,c-0845,653.22,completed,BR,2026-05-23T16:52:00Z,2026-05-23
o-000804,c-0705,720.47,completed,BR,2026-08-19T15:48:00Z,2026-08-20
o-000805,c-0614,27.79,completed,BR,2026-06-29T19:14:00Z,2026-06-29
o-000806,c-1123,937.24,completed,BR,2026-08-02T13:25:00Z,2026-08-02
o-000807,c-0335,1788.77,completed,BR,2026-07-10T07:16:00Z,2026-07-10
o-000808,c-0865,1565.18,completed,BR,2026-08-09T22:43:00Z,2026-08-10
o-000809,c-0584,1622.90,completed,BR,2026-06-26T13:12:00Z,2026-06-26
o-000810,c-0374,345.88,completed,BR,2026-07-20T19:28:00Z,2026-07-21
o-000811,c-1435,1558.77,completed,BR,2026-05-25T04:03:00Z,2026-05-25
o-000812,c-0381,2430.97,completed,BR,2026-06-08T22:28:00Z,2026-06-08
o-000813,c-0477,230.04,completed,BR,2026-06-19T10:26:00Z,2026-06-20
o-000814,c-1610,1999.66,cancelled,BR,2026-07-21T22:50:00Z,2026-07-21
o-000815,c-0677,205.16,pending,BR,2026-06-10T01:17:00Z,2026-06-11
o-000816,c-0147,1360.26,completed,BR,2026-06-24T12:53:00Z,2026-06-24
o-000817,c-0250,2436.62,completed,BR,2026-07-11T14:15:00Z,2026-07-11
o-000818,c-0408,1154.78,pending,BR,2026-07-28T21:13:00Z,2026-07-29
o-000819,c-0797,1705.20,completed,BR,2026-07-03T05:40:00Z,2026-07-03
o-000820,c-1526,2343.87,completed,BR,2026-06-24T15:40:00Z,2026-06-25
o-000821,c-0407,904.26,completed,BR,2026-08-16T06:07:00Z,2026-08-16
o-000822,c-1297,1088.23,completed,BR,2026-06-27T18:07:00Z,2026-06-28
o-000823,c-1617,611.51,cancelled,BR,2026-08-05T22:30:00Z,2026-08-05
o-000824,c-0761,1928.14,completed,BR,2026-07-25T02:43:00Z,2026-07-26
o-000825,c-1907,2424.28,pending,BR,2026-05-30T01:22:00Z,2026-05-30
o-000826,c-1437,1343.20,completed,BR,2026-07-24T07:20:00Z,2026-07-25
o-000827,c-1650,2230.03,pending,BR,2026-05-25T22:24:00Z,2026-05-26
o-000828,c-1484,341.16,pending,BR,2026-07-24T22:28:00Z,2026-07-25
o-000829,c-1112,1744.11,completed,BR,2026-06-15T17:22:00Z,2026-06-16
o-000830,c-1500,1173.64,pending,BR,2026-08-07T17:10:00Z,2026-08-07
o-000831,c-1088,391.79,completed,BR,2026-06-25T17:23:00Z,2026-06-26
o-000832,c-0002,1940.92,completed,BR,2026-06-15T00:39:00Z,2026-06-16
o-000833,c-1590,1552.39,completed,BR,2026-05-31T21:34:00Z,2026-06-01
o-000834,c-0389,1312.55,completed,BR,2026-08-01T04:39:00Z,2026-08-02
o-000835,c-0661,1027.46,completed,BR,2026-06-04T16:42:00Z,2026-06-04
o-000836,c-0090,2088.81,completed,BR,2026-05-27T06:06:00Z,2026-05-28
o-000837,c-0393,251.39,completed,BR,2026-07-11T21:31:00Z,2026-07-12
o-000838,c-0101,919.05,completed,BR,2026-06-01T00:59:00Z,2026-06-01
o-000839,c-1343,1231.06,pending,BR,2026-06-02T14:51:00Z,2026-06-02
o-000840,c-0740,1397.26,cancelled,BR,2026-07-15T11:50:00Z,2026-07-15
o-000841,c-1687,1544.25,completed,BR,2026-06-01T09:04:00Z,2026-06-01
o-000842,c-1968,1301.12,completed,BR,2026-06-21T17:24:00Z,2026-06-21
o-000843,c-0396,1317.85,completed,BR,2026-08-11T05:35:00Z,2026-08-12
o-000844,c-1529,268.26,completed,BR,2026-07-07T21:29:00Z,2026-07-08
o-000845,c-1809,264.74,pending,BR,2026-08-01T12:32:00Z,2026-08-02
o-000846,c-1347,399.65,cancelled,BR,2026-07-18T11:57:00Z,2026-07-19
o-000847,c-1127,2478.70,completed,BR,2026-07-09T13:48:00Z,2026-07-10
o-000848,c-1692,1816.04,completed,BR,2026-08-03T17:13:00Z,2026-08-04
o-000849,c-1569,1377.85,pending,BR,2026-07-08T14:28:00Z,2026-07-09
o-000850,c-0001,1817.15,cancelled,BR,2026-08-07T00:33:00Z,2026-08-07
o-000851,c-1824,758.09,completed,BR,2026-06-20T06:54:00Z,2026-06-21
o-000852,c-0045,1929.95,cancelled,BR,2026-06-27T17:32:00Z,2026-06-27
o-000853,c-0194,99.15,completed,BR,2026-06-09T08:23:00Z,2026-06-09
o-000854,c-0478,644.33,completed,BR,2026-08-04T12:36:00Z,2026-08-04
o-000855,c-1504,197.62,completed,BR,2026-07-23T05:31:00Z,2026-07-23
o-000856,c-1220,1607.43,completed,BR,2026-08-04T12:05:00Z,2026-08-04
o-000857,c-1888,1928.40,completed,BR,2026-07-17T13:59:00Z,2026-07-17
o-000858,c-1782,1927.12,pending,BR,2026-08-08T00:40:00Z,2026-08-09
o-000859,c-0111,765.43,completed,BR,2026-07-31T18:09:00Z,2026-08-01
o-000860,c-1029,1745.93,completed,BR,2026-08-17T23:25:00Z,2026-08-18
o-000861,c-1542,1489.85,completed,BR,2026-06-20T13:18:00Z,2026-06-21
o-000862,c-0304,334.81,completed,BR,2026-08-04T23:03:00Z,2026-08-05
o-000863,c-0538,217.27,completed,BR,2026-08-20T04:48:00Z,2026-08-20
o-000864,c-0985,1400.44,completed,BR,2026-08-14T18:12:00Z,2026-08-14
o-000865,c-0497,183.75,pending,BR,2026-07-03T21:59:00Z,2026-07-03
o-000866,c-0231,1681.01,completed,BR,2026-07-06T06:20:00Z,2026-07-07
o-000867,c-1217,1640.25,pending,BR,2026-06-13T11:39:00Z,2026-06-14
o-000868,c-1277,368.82,completed,BR,2026-06-21T06:43:00Z,2026-06-22
o-000869,c-0320,1895.55,pending,BR,2026-06-06T23:03:00Z,2026-06-06
o-000870,c-1944,1554.40,completed,BR,2026-06-28T00:21:00Z,2026-06-28
o-000871,c-0625,1127.90,completed,BR,2026-06-18T23:34:00Z,2026-06-18
o-000872,c-0418,1368.33,pending,BR,2026-08-01T15:39:00Z,2026-08-01
o-000873,c-1424,1748.39,completed,BR,2026-08-05T21:33:00Z,2026-08-05
o-000874,c-0524,429.95,completed,BR,2026-08-20T19:17:00Z,2026-08-20
o-000875,c-0953,1638.62,completed,BR,2026-07-11T21:17:00Z,2026-07-12
o-000876,c-1771,274.19,completed,BR,2026-08-14T12:14:00Z,2026-08-15
o-000877,c-1042,2441.65,completed,BR,2026-07-02T15:55:00Z,2026-07-02
o-000878,c-0382,501.19,cancelled,BR,2026-08-02T22:01:00Z,2026-08-02
o-000879,c-0507,2306.06,completed,BR,2026-07-24T12:47:00Z,2026-07-24
o-000880,c-0038,870.22,completed,BR,2026-08-11T09:15:00Z,2026-08-12
o-000881,c-1663,159.71,completed,BR,2026-07-11T00:35:00Z,2026-07-12
o-000882,c-0462,383.51,pending,BR,2026-08-15T04:05:00Z,2026-08-16
o-000883,c-1067,2401.71,completed,BR,2026-08-11T21:14:00Z,2026-08-12
o-000884,c-0493,1434.38,completed,BR,2026-07-01T19:21:00Z,2026-07-02
o-000885,c-1111,333.77,completed,BR,2026-08-05T17:43:00Z,2026-08-05
o-000886,c-1767,349.58,completed,BR,2026-07-29T04:27:00Z,2026-07-29
o-000887,c-1344,2332.91,cancelled,BR,2026-07-02T02:35:00Z,2026-07-02
o-000888,c-0378,797.41,pending,BR,2026-05-26T10:56:00Z,2026-05-27
o-000889,c-1969,1031.07,completed,BR,2026-08-12T23:17:00Z,2026-08-12
o-000890,c-1596,473.89,completed,BR,2026-05-26T19:39:00Z,2026-05-27
o-000891,c-1241,1419.77,completed,BR,2026-06-21T07:43:00Z,2026-06-21
o-000892,c-0736,203.29,pending,BR,2026-06-09T16:54:00Z,2026-06-10
o-000893,c-1459,1625.67,completed,BR,2026-07-11T15:30:00Z,2026-07-11
o-000894,c-0336,487.18,completed,BR,2026-05-24T08:26:00Z,2026-05-24
o-000895,c-1521,1679.99,completed,BR,2026-06-18T02:11:00Z,2026-06-19
o-000896,c-1776,1544.56,completed,BR,2026-07-20T07:27:00Z,2026-07-21
o-000897,c-1590,109.36,pending,BR,2026-07-10T23:20:00Z,2026-07-11
o-000898,c-1253,2348.15,completed,BR,2026-07-30T16:41:00Z,2026-07-30
o-000899,c-1067,277.74,completed,BR,2026-05-28T07:33:00Z,2026-05-29
o-000900,c-1506,102.93,completed,BR,2026-08-11T01:12:00Z,2026-08-12
o-000901,c-0901,998.11,completed,BR,2026-06-28T14:10:00Z,2026-06-29
o-000902,c-0603,1534.77,completed,BR,2026-07-28T04:29:00Z,2026-07-29
o-000903,c-0186,1808.00,completed,BR,2026-08-05T22:34:00Z,2026-08-05
o-000904,c-0806,1036.83,completed,BR,2026-06-14T14:37:00Z,2026-06-14
o-000905,c-1808,1139.43,completed,BR,2026-08-19T20:58:00Z,2026-08-19
o-000906,c-1472,1834.49,completed,BR,2026-07-19T20:23:00Z,2026-07-19
o-000907,c-1073,1769.66,pending,BR,2026-07-27T19:10:00Z,2026-07-28
o-000908,c-1128,954.61,pending,BR,2026-07-04T18:55:00Z,2026-07-04
o-000909,c-0333,2172.70,completed,BR,2026-05-29T13:19:00Z,2026-05-30
o-000910,c-1496,1922.73,completed,BR,2026-08-11T05:07:00Z,2026-08-11
o-000911,c-1967,511.12,completed,BR,2026-06-24T00:29:00Z,2026-06-25
o-000912,c-1752,1249.11,pending,BR,2026-08-08T15:15:00Z,2026-08-08
o-000913,c-1206,1650.38,completed,BR,2026-07-18T02:38:00Z,2026-07-18
o-000914,c-0502,2206.01,completed,BR,2026-08-11T17:52:00Z,2026-08-11
o-000915,c-0101,466.18,completed,BR,2026-07-06T01:09:00Z,2026-07-06
o-000916,c-1367,1447.34,completed,BR,2026-07-04T02:03:00Z,2026-07-04
o-000917,c-0854,2484.37,completed,BR,2026-06-28T19:42:00Z,2026-06-28
o-000918,c-1979,1141.07,completed,BR,2026-05-27T02:49:00Z,2026-05-28
o-000919,c-0662,924.58,completed,BR,2026-05-31T13:53:00Z,2026-05-31
o-000920,c-0600,1179.69,completed,BR,2026-06-27T10:33:00Z,2026-06-28
o-000921,c-1075,528.56,completed,BR,2026-05-30T03:36:00Z,2026-05-30
o-000922,c-0991,1811.56,completed,BR,2026-06-28T13:38:00Z,2026-06-29
o-000923,c-0532,1315.85,cancelled,BR,2026-07-07T04:39:00Z,2026-07-08
o-000924,c-1065,1824.32,completed,BR,2026-06-15T19:14:00Z,2026-06-16
o-000925,c-0397,8.94,completed,BR,2026-08-11T03:47:00Z,2026-08-11
o-000926,c-1638,1540.19,completed,BR,2026-05-28T10:22:00Z,2026-05-28
o-000927,c-0024,1603.34,completed,BR,2026-06-24T02:19:00Z,2026-06-25
o-000928,c-1038,1377.23,pending,BR,2026-06-06T21:21:00Z,2026-06-07
o-000929,c-0812,1812.37,completed,BR,2026-05-26T05:12:00Z,2026-05-27
o-000930,c-1708,848.15,completed,BR,2026-07-22T01:41:00Z,2026-07-22
o-000931,c-0987,392.69,completed,BR,2026-07-30T10:29:00Z,2026-07-31
o-000932,c-1901,1857.75,pending,BR,2026-06-30T18:46:00Z,2026-07-01
o-000933,c-1138,1342.03,completed,BR,2026-08-18T10:51:00Z,2026-08-19
o-000934,c-0136,2424.19,completed,BR,2026-05-26T10:24:00Z,2026-05-26
o-000935,c-1170,1516.19,completed,BR,2026-06-06T09:45:00Z,2026-06-07
o-000936,c-1454,83.91,completed,BR,2026-07-25T07:23:00Z,2026-07-26
o-000937,c-1699,2377.06,completed,BR,2026-06-30T05:07:00Z,2026-07-01
o-000938,c-1608,98.30,completed,BR,2026-06-03T14:32:00Z,2026-06-03
o-000939,c-1637,1209.24,completed,BR,2026-06-16T10:59:00Z,2026-06-17
o-000940,c-1501,2185.33,completed,BR,2026-07-03T04:49:00Z,2026-07-03
o-000941,c-1684,2455.77,completed,BR,2026-06-08T06:46:00Z,2026-06-08
o-000942,c-0941,972.03,pending,BR,2026-06-06T00:19:00Z,2026-06-06
o-000943,c-1408,2121.07,pending,BR,2026-07-04T14:56:00Z,2026-07-04
o-000944,c-0212,1303.84,completed,BR,2026-07-01T00:36:00Z,2026-07-02
o-000945,c-1309,2230.88,completed,BR,2026-06-16T09:17:00Z,2026-06-17
o-000946,c-1583,1105.58,completed,BR,2026-06-11T05:17:00Z,2026-06-11
o-000947,c-0032,2395.95,completed,BR,2026-06-05T06:34:00Z,2026-06-06
o-000948,c-1126,799.62,completed,BR,2026-06-28T18:15:00Z,2026-06-28
o-000949,c-0146,781.89,pending,BR,2026-07-31T14:03:00Z,2026-07-31
o-000950,c-0060,1179.49,completed,BR,2026-06-05T12:03:00Z,2026-06-05
o-000951,c-0874,982.83,completed,BR,2026-08-06T20:53:00Z,2026-08-07
o-000952,c-1263,892.28,completed,BR,2026-06-17T22:48:00Z,2026-06-17
o-000953,c-1995,2307.35,pending,BR,2026-08-03T04:05:00Z,2026-08-04
o-000954,c-0200,1141.68,completed,BR,2026-07-21T15:14:00Z,2026-07-21
o-000955,c-0295,2153.44,completed,BR,2026-07-08T12:11:00Z,2026-07-09
o-000956,c-1616,2152.68,completed,BR,2026-07-24T00:04:00Z,2026-07-25
o-000957,c-0232,881.84,completed,BR,2026-06-13T09:49:00Z,2026-06-14
o-000958,c-1238,1438.82,completed,BR,2026-07-13T22:50:00Z,2026-07-13
o-000959,c-0668,1392.59,completed,BR,2026-06-30T17:29:00Z,2026-07-01
o-000960,c-1210,1036.54,completed,BR,2026-08-01T05:30:00Z,2026-08-02
o-000961,c-0136,855.08,pending,BR,2026-08-06T13:50:00Z,2026-08-07
o-000962,c-1162,1969.38,completed,BR,2026-06-22T05:42:00Z,2026-06-22
o-000963,c-1515,2327.50,completed,BR,2026-07-24T03:37:00Z,2026-07-25
o-000964,c-0667,1389.94,pending,BR,2026-06-14T09:25:00Z,2026-06-14
o-000965,c-1226,276.32,pending,BR,2026-07-10T10:31:00Z,2026-07-10
o-000966,c-0186,547.94,completed,BR,2026-08-05T20:51:00Z,2026-08-05
o-000967,c-1551,371.08,completed,BR,2026-07-30T09:24:00Z,2026-07-31
o-000968,c-0401,518.13,pending,BR,2026-06-30T18:50:00Z,2026-07-01
o-000969,c-1882,2358.62,completed,BR,2026-07-06T02:37:00Z,2026-07-06
o-000970,c-1253,2466.12,completed,BR,2026-06-08T09:03:00Z,2026-06-09
o-000971,c-1846,1374.47,completed,BR,2026-08-02T11:07:00Z,2026-08-03
o-000972,c-1773,82.81,completed,BR,2026-08-06T12:40:00Z,2026-08-07
o-000973,c-1458,960.06,completed,BR,2026-07-31T06:42:00Z,2026-07-31
o-000974,c-0973,351.98,completed,BR,2026-07-08T13:09:00Z,2026-07-09
o-000975,c-1788,1676.81,completed,BR,2026-06-01T20:01:00Z,2026-06-01
o-000976,c-1478,2212.80,completed,BR,2026-06-09T02:08:00Z,2026-06-10
o-000977,c-1762,1142.79,pending,BR,2026-08-08T13:39:00Z,2026-08-08
o-000978,c-0931,1275.99,completed,BR,2026-07-19T12:22:00Z,2026-07-19
o-000979,c-0381,1064.81,completed,BR,2026-07-25T23:15:00Z,2026-07-26
o-000980,c-0842,2316.78,completed,BR,2026-05-27T01:36:00Z,2026-05-28
o-000981,c-1444,924.60,completed,BR,2026-08-19T02:09:00Z,2026-08-20
o-000982,c-0953,1294.79,completed,BR,2026-08-09T02:15:00Z,2026-08-10
o-000983,c-1292,1855.51,cancelled,BR,2026-06-01T21:40:00Z,2026-06-02
o-000984,c-1256,136.67,completed,BR,2026-05-24T15:29:00Z,2026-05-25
o-000985,c-1176,1835.87,completed,BR,2026-06-29T09:10:00Z,2026-06-29
o-000986,c-1424,2307.55,pending,BR,2026-08-03T08:03:00Z,2026-08-04
o-000987,c-1185,426.85,completed,BR,2026-06-29T23:39:00Z,2026-06-29
o-000988,c-0588,1214.48,completed,BR,2026-06-01T08:16:00Z,2026-06-01
o-000989,c-1262,706.02,pending,BR,2026-05-24T23:07:00Z,2026-05-24
o-000990,c-1864,1481.47,completed,BR,2026-07-19T11:51:00Z,2026-07-19
o-000991,c-0536,1957.41,completed,BR,2026-06-15T16:55:00Z,2026-06-15
o-000992,c-0703,2460.26,cancelled,BR,2026-08-07T04:53:00Z,2026-08-08
o-000993,c-1542,2484.00,pending,BR,2026-06-22T21:28:00Z,2026-06-22
o-000994,c-0432,1446.50,pending,BR,2026-05-29T20:16:00Z,2026-05-29
o-000995,c-0108,423.16,completed,BR,2026-06-30T15:47:00Z,2026-06-30
o-000996,c-0778,1710.36,completed,BR,2026-06-25T04:33:00Z,2026-06-26
o-000997,c-0025,725.54,pending,BR,2026-07-10T21:20:00Z,2026-07-10
o-000998,c-0200,2294.69,completed,BR,2026-07-17T19:58:00Z,2026-07-18
o-000999,c-0687,679.46,pending,BR,2026-06-24T20:37:00Z,2026-06-25
o-001000,c-0945,1934.01,pending,BR,2026-08-17T18:49:00Z,2026-08-17
o-001001,c-1065,846.83,completed,BR,2026-06-15T10:35:00Z,2026-06-15
o-001002,c-1378,26.15,completed,BR,2026-07-14T03:33:00Z,2026-07-14
o-001003,c-1404,1117.63,completed,BR,2026-06-28T08:12:00Z,2026-06-28
o-001004,c-0049,1550.40,completed,BR,2026-08-07T21:57:00Z,2026-08-07
o-001005,c-1947,1500.47,completed,BR,2026-06-07T02:54:00Z,2026-06-07
o-001006,c-0770,1642.70,pending,BR,2026-08-03T05:57:00Z,2026-08-03
o-001007,c-1425,464.74,completed,BR,2026-08-15T02:40:00Z,2026-08-16
o-001008,c-1890,2488.14,pending,BR,2026-08-19T21:49:00Z,2026-08-20
o-001009,c-0528,409.11,completed,BR,2026-05-30T12:24:00Z,2026-05-31
o-001010,c-0124,649.31,pending,BR,2026-06-14T14:04:00Z,2026-06-15
o-001011,c-1902,505.67,completed,BR,2026-08-13T15:06:00Z,2026-08-13
o-001012,c-1108,1922.92,completed,BR,2026-08-13T03:58:00Z,2026-08-14
o-001013,c-1466,651.20,completed,BR,2026-06-01T18:46:00Z,2026-06-02
o-001014,c-1592,1117.48,pending,BR,2026-06-11T20:40:00Z,2026-06-11
o-001015,c-1911,99.40,completed,BR,2026-06-11T22:21:00Z,2026-06-12
o-001016,c-1177,14.24,completed,BR,2026-07-24T15:27:00Z,2026-07-25
o-001017,c-1729,1820.78,pending,BR,2026-05-31T17:14:00Z,2026-05-31
o-001018,c-0788,2385.62,pending,BR,2026-07-23T03:36:00Z,2026-07-24
o-001019,c-0683,1706.18,completed,BR,2026-08-11T20:05:00Z,2026-08-12
o-001020,c-1095,2134.09,completed,BR,2026-07-20T09:41:00Z,2026-07-20
o-001021,c-0362,1388.42,cancelled,BR,2026-08-15T06:19:00Z,2026-08-16
o-001022,c-1836,271.39,completed,BR,2026-07-24T02:56:00Z,2026-07-25
o-001023,c-1506,477.71,completed,BR,2026-05-26T23:37:00Z,2026-05-26
o-001024,c-1002,974.97,pending,BR,2026-08-13T09:31:00Z,2026-08-14
o-001025,c-1980,2489.60,completed,BR,2026-05-30T10:50:00Z,2026-05-30
o-001026,c-0831,299.88,pending,BR,2026-08-16T16:29:00Z,2026-08-16
o-001027,c-1518,1450.47,cancelled,BR,2026-05-27T23:09:00Z,2026-05-28
o-001028,c-1340,52.56,cancelled,BR,2026-08-10T01:15:00Z,2026-08-10
o-001029,c-0030,434.76,completed,BR,2026-07-01T03:29:00Z,2026-07-01
o-001030,c-1711,1479.65,pending,BR,2026-06-05T03:31:00Z,2026-06-05
o-001031,c-0130,2012.11,completed,BR,2026-08-17T12:20:00Z,2026-08-17
o-001032,c-1999,1711.80,completed,BR,2026-07-03T06:48:00Z,2026-07-03
o-001033,c-1215,437.75,completed,BR,2026-06-27T04:48:00Z,2026-06-28
o-001034,c-0345,1742.26,completed,BR,2026-07-18T07:59:00Z,2026-07-18
o-001035,c-0274,254.42,pending,BR,2026-08-09T12:49:00Z,2026-08-09
o-001036,c-0033,2199.67,completed,BR,2026-05-23T05:59:00Z,2026-05-23
o-001037,c-1448,1631.13,pending,BR,2026-07-15T22:51:00Z,2026-07-16
o-001038,c-1418,321.60,completed,BR,2026-06-26T16:28:00Z,2026-06-27
o-001039,c-0490,2345.53,completed,BR,2026-05-27T19:11:00Z,2026-05-28
o-001040,c-1254,2375.99,completed,BR,2026-06-30T11:26:00Z,2026-06-30
o-001041,c-1143,592.92,completed,BR,2026-07-29T03:39:00Z,2026-07-30
o-001042,c-1767,1904.01,completed,BR,2026-06-20T14:49:00Z,2026-06-20
o-001043,c-0567,137.41,completed,BR,2026-06-11T21:54:00Z,2026-06-12
o-001044,c-1019,444.93,completed,BR,2026-05-28T01:41:00Z,2026-05-29
o-001045,c-0584,527.93,completed,BR,2026-08-09T14:02:00Z,2026-08-09
o-001046,c-1517,135.88,completed,BR,2026-06-12T00:31:00Z,2026-06-12
o-001047,c-0146,2238.22,pending,BR,2026-08-06T18:20:00Z,2026-08-07
o-001048,c-0408,1868.98,pending,BR,2026-06-21T03:20:00Z,2026-06-21
o-001049,c-0201,596.61,completed,BR,2026-06-17T12:57:00Z,2026-06-17
o-001050,c-0151,1180.12,completed,BR,2026-07-17T04:13:00Z,2026-07-18
o-001051,c-0365,971.39,completed,BR,2026-06-16T20:22:00Z,2026-06-17
o-001052,c-0415,843.05,completed,BR,2026-08-03T01:17:00Z,2026-08-03
o-001053,c-0228,2129.87,completed,BR,2026-06-13T10:14:00Z,2026-06-14
o-001054,c-1237,396.19,pending,BR,2026-08-09T05:36:00Z,2026-08-09
o-001055,c-0178,1032.18,completed,BR,2026-06-19T18:30:00Z,2026-06-20
o-001056,c-0572,41.19,completed,BR,2026-06-23T07:20:00Z,2026-06-24
o-001057,c-1187,559.90,cancelled,BR,2026-06-11T18:57:00Z,2026-06-11
o-001058,c-0856,2450.56,completed,BR,2026-07-22T23:49:00Z,2026-07-22
o-001059,c-0872,1330.15,completed,BR,2026-08-20T03:28:00Z,2026-08-21
o-001060,c-0493,212.31,pending,BR,2026-08-19T23:26:00Z,2026-08-19
o-001061,c-0272,899.22,completed,BR,2026-06-03T00:30:00Z,2026-06-04
o-001062,c-0332,1759.74,pending,BR,2026-08-05T00:29:00Z,2026-08-06
o-001063,c-1581,350.87,completed,BR,2026-06-15T11:40:00Z,2026-06-16
o-001064,c-1442,1585.34,pending,BR,2026-06-01T12:57:00Z,2026-06-02
o-001065,c-1088,86.62,completed,BR,2026-06-26T22:39:00Z,2026-06-26
o-001066,c-1614,1713.24,completed,BR,2026-07-04T23:59:00Z,2026-07-04
o-001067,c-1055,2363.58,completed,BR,2026-05-29T03:24:00Z,2026-05-30
o-001068,c-0954,1549.74,completed,BR,2026-06-14T20:35:00Z,2026-06-14
o-001069,c-1149,1774.80,completed,BR,2026-07-04T07:34:00Z,2026-07-04
o-001070,c-1330,1198.84,cancelled,BR,2026-08-05T22:13:00Z,2026-08-05
o-001071,c-0657,885.02,completed,BR,2026-08-18T13:17:00Z,2026-08-18
o-001072,c-0130,935.17,completed,BR,2026-07-26T16:53:00Z,2026-07-26
o-001073,c-0963,1776.01,completed,BR,2026-07-30T09:28:00Z,2026-07-31
o-001074,c-1639,1684.90,completed,BR,2026-05-31T06:57:00Z,2026-06-01
o-001075,c-0179,205.03,pending,BR,2026-06-28T02:06:00Z,2026-06-28
o-001076,c-0566,284.50,completed,BR,2026-06-11T06:33:00Z,2026-06-11
o-001077,c-0601,1044.26,completed,BR,2026-06-08T15:22:00Z,2026-06-09
o-001078,c-0910,1845.58,completed,BR,2026-06-16T02:01:00Z,2026-06-16
o-001079,c-1710,2368.88,completed,BR,2026-07-14T18:21:00Z,2026-07-15
o-001080,c-0996,1485.43,completed,BR,2026-08-01T14:29:00Z,2026-08-02
o-001081,c-1162,334.23,pending,BR,2026-06-13T08:14:00Z,2026-06-14
o-001082,c-0762,2426.96,pending,BR,2026-05-29T04:22:00Z,2026-05-30
o-001083,c-0934,2390.75,completed,BR,2026-06-12T22:34:00Z,2026-06-13
o-001084,c-0374,2433.15,pending,BR,2026-08-19T21:50:00Z,2026-08-19
o-001085,c-0331,598.57,completed,BR,2026-07-02T18:08:00Z,2026-07-03
o-001086,c-0534,927.33,completed,BR,2026-05-27T21:20:00Z,2026-05-28
o-001087,c-0303,935.42,completed,BR,2026-06-12T17:19:00Z,2026-06-12
o-001088,c-1886,67.19,cancelled,BR,2026-06-10T14:59:00Z,2026-06-11
o-001089,c-0320,15.71,pending,BR,2026-07-26T10:41:00Z,2026-07-27
o-001090,c-0971,2240.46,cancelled,BR,2026-08-04T21:09:00Z,2026-08-05
o-001091,c-0694,1724.42,pending,BR,2026-05-28T04:43:00Z,2026-05-28
o-001092,c-0631,66.87,completed,BR,2026-06-20T14:22:00Z,2026-06-20
o-001093,c-0669,142.31,completed,BR,2026-08-05T16:14:00Z,2026-08-06
o-001094,c-0401,61.26,completed,BR,2026-07-19T21:42:00Z,2026-07-19
o-001095,c-1999,1281.91,completed,BR,2026-07-02T19:38:00Z,2026-07-02
o-001096,c-1861,1668.58,completed,BR,2026-07-16T11:24:00Z,2026-07-17
o-001097,c-0025,715.20,completed,BR,2026-07-19T17:05:00Z,2026-07-19
o-001098,c-1491,2220.07,pending,BR,2026-07-15T14:18:00Z,2026-07-15
o-001099,c-1651,1821.36,pending,BR,2026-07-15T04:53:00Z,2026-07-15
o-001100,c-0295,523.42,completed,BR,2026-07-29T10:04:00Z,2026-07-30
o-001101,c-0182,21.51,completed,BR,2026-06-26T13:11:00Z,2026-06-27
o-001102,c-1455,1421.95,cancelled,BR,2026-06-17T05:53:00Z,2026-06-18
o-001103,c-0593,1386.90,completed,BR,2026-06-30T18:19:00Z,2026-07-01
o-001104,c-1146,1850.94,completed,BR,2026-05-23T04:16:00Z,2026-05-24
o-001105,c-1958,1603.19,completed,BR,2026-06-07T20:42:00Z,2026-06-08
o-001106,c-0855,452.53,cancelled,BR,2026-08-13T07:01:00Z,2026-08-13
o-001107,c-1567,696.66,cancelled,BR,2026-05-31T19:47:00Z,2026-06-01
o-001108,c-1191,1203.81,completed,BR,2026-06-25T20:43:00Z,2026-06-26
o-001109,c-1996,1737.14,completed,BR,2026-07-27T23:36:00Z,2026-07-27
o-001110,c-1732,652.55,completed,BR,2026-06-10T10:29:00Z,2026-06-10
o-001111,c-0732,412.46,completed,BR,2026-07-15T20:58:00Z,2026-07-16
o-001112,c-0100,728.19,completed,BR,2026-06-01T16:12:00Z,2026-06-01
o-001113,c-1567,240.80,pending,BR,2026-07-31T10:55:00Z,2026-08-01
o-001114,c-1694,2113.26,pending,BR,2026-06-26T21:44:00Z,2026-06-27
o-001115,c-0197,1338.38,completed,BR,2026-06-10T00:08:00Z,2026-06-11
o-001116,c-0764,1948.13,completed,BR,2026-06-12T03:13:00Z,2026-06-12
o-001117,c-1031,556.68,completed,BR,2026-08-02T19:44:00Z,2026-08-02
o-001118,c-0855,1153.93,completed,BR,2026-06-08T00:30:00Z,2026-06-09
o-001119,c-0639,1729.17,completed,BR,2026-07-18T19:33:00Z,2026-07-19
o-001120,c-0353,1776.19,completed,BR,2026-06-07T07:08:00Z,2026-06-07
o-001121,c-1410,570.30,completed,BR,2026-06-08T02:27:00Z,2026-06-08
o-001122,c-0160,51.92,completed,BR,2026-07-17T01:12:00Z,2026-07-17
o-001123,c-0068,1983.67,completed,BR,2026-05-30T15:07:00Z,2026-05-31
o-001124,c-0089,170.29,completed,BR,2026-06-04T03:58:00Z,2026-06-04
o-001125,c-1204,2253.43,completed,BR,2026-07-06T00:05:00Z,2026-07-06
o-001126,c-1733,1866.76,completed,BR,2026-08-05T11:22:00Z,2026-08-05
o-001127,c-1752,1254.08,pending,BR,2026-06-22T16:36:00Z,2026-06-22
o-001128,c-0203,2049.87,pending,BR,2026-07-29T06:45:00Z,2026-07-29
o-001129,c-1975,708.23,cancelled,BR,2026-07-30T00:46:00Z,2026-07-30
o-001130,c-1893,538.97,completed,BR,2026-07-22T11:44:00Z,2026-07-22
o-001131,c-0901,1685.45,completed,BR,2026-07-07T12:27:00Z,2026-07-07
o-001132,c-1054,572.75,completed,BR,2026-07-02T03:29:00Z,2026-07-02
o-001133,c-1065,344.10,pending,BR,2026-06-28T17:46:00Z,2026-06-28
o-001134,c-0169,823.65,completed,BR,2026-06-28T14:38:00Z,2026-06-29
o-001135,c-1408,2440.57,completed,BR,2026-08-01T13:18:00Z,2026-08-02
o-001136,c-0387,2142.65,pending,BR,2026-07-22T21:23:00Z,2026-07-22
o-001137,c-0027,2496.81,completed,BR,2026-06-05T12:28:00Z,2026-06-05
o-001138,c-0245,362.70,completed,BR,2026-08-06T03:47:00Z,2026-08-06
o-001139,c-0133,912.46,completed,BR,2026-06-17T19:54:00Z,2026-06-18
o-001140,c-0252,586.01,completed,BR,2026-07-25T08:48:00Z,2026-07-26
o-001141,c-1549,1974.78,completed,BR,2026-07-13T11:30:00Z,2026-07-14
o-001142,c-0993,1280.98,completed,BR,2026-07-20T03:07:00Z,2026-07-21
o-001143,c-1003,1245.70,completed,BR,2026-06-09T00:06:00Z,2026-06-09
o-001144,c-1701,175.23,completed,BR,2026-06-14T12:38:00Z,2026-06-15
o-001145,c-0313,760.37,completed,BR,2026-06-01T21:48:00Z,2026-06-02
o-001146,c-1624,1167.72,completed,BR,2026-07-25T15:32:00Z,2026-07-26
o-001147,c-1111,862.32,pending,BR,2026-07-31T00:48:00Z,2026-07-31
o-001148,c-0882,2200.91,completed,BR,2026-07-19T10:54:00Z,2026-07-20
o-001149,c-0907,1151.84,completed,BR,2026-08-02T21:55:00Z,2026-08-03
o-001150,c-1812,1766.62,completed,BR,2026-06-09T09:45:00Z,2026-06-10
o-001151,c-0999,1911.21,completed,BR,2026-07-24T21:35:00Z,2026-07-25
o-001152,c-0975,1407.83,completed,BR,2026-05-30T12:16:00Z,2026-05-31
o-001153,c-1211,2427.32,completed,BR,2026-07-07T09:20:00Z,2026-07-07
o-001154,c-0058,1478.21,completed,BR,2026-07-08T11:51:00Z,2026-07-08
o-001155,c-1568,2228.90,completed,BR,2026-06-04T13:22:00Z,2026-06-05
o-001156,c-0844,881.42,completed,BR,2026-06-23T07:41:00Z,2026-06-24
o-001157,c-1214,216.93,completed,BR,2026-07-01T03:21:00Z,2026-07-01
o-001158,c-0041,1348.35,completed,BR,2026-08-15T13:36:00Z,2026-08-16
o-001159,c-0547,55.90,completed,BR,2026-05-25T10:24:00Z,2026-05-26
o-001160,c-0661,1433.48,pending,BR,2026-06-04T22:43:00Z,2026-06-04
o-001161,c-0689,1244.34,pending,BR,2026-08-16T10:10:00Z,2026-08-17
o-001162,c-0745,2423.72,completed,BR,2026-08-12T02:53:00Z,2026-08-12
o-001163,c-0589,666.56,completed,BR,2026-08-04T12:51:00Z,2026-08-04
o-001164,c-1280,1858.51,completed,BR,2026-08-05T03:37:00Z,2026-08-06
o-001165,c-0560,172.84,pending,BR,2026-07-22T13:13:00Z,2026-07-23
o-001166,c-1630,196.27,pending,BR,2026-07-26T09:27:00Z,2026-07-27
o-001167,c-0410,1038.71,completed,BR,2026-07-27T14:42:00Z,2026-07-27
o-001168,c-1805,51.42,completed,BR,2026-06-15T18:31:00Z,2026-06-15
o-001169,c-1354,2405.48,pending,BR,2026-07-21T08:59:00Z,2026-07-22
o-001170,c-1915,1417.46,completed,BR,2026-07-28T06:23:00Z,2026-07-29
o-001171,c-0303,604.73,pending,BR,2026-06-30T13:26:00Z,2026-07-01
o-001172,c-1762,2076.38,completed,BR,2026-06-18T13:17:00Z,2026-06-19
o-001173,c-1324,405.66,completed,BR,2026-06-22T12:15:00Z,2026-06-22
o-001174,c-0308,483.83,completed,BR,2026-07-01T14:31:00Z,2026-07-02
o-001175,c-0865,1619.07,completed,BR,2026-06-12T08:08:00Z,2026-06-12
o-001176,c-0530,1975.23,completed,BR,2026-08-01T05:41:00Z,2026-08-01
o-001177,c-1974,1807.57,pending,BR,2026-05-30T02:20:00Z,2026-05-31
o-001178,c-1776,163.64,cancelled,BR,2026-07-08T21:42:00Z,2026-07-08
o-001179,c-0813,2358.19,pending,BR,2026-06-09T07:07:00Z,2026-06-09
o-001180,c-1069,1662.22,completed,BR,2026-07-29T08:31:00Z,2026-07-29
o-001181,c-0488,1501.55,pending,BR,2026-07-02T10:53:00Z,2026-07-03
o-001182,c-1651,1872.19,completed,BR,2026-07-16T06:09:00Z,2026-07-16
o-001183,c-0359,539.20,completed,BR,2026-07-14T08:55:00Z,2026-07-14
o-001184,c-1005,1336.01,completed,BR,2026-06-06T10:34:00Z,2026-06-07
o-001185,c-0973,1708.43,cancelled,BR,2026-06-10T11:30:00Z,2026-06-11
o-001186,c-1683,773.89,completed,BR,2026-08-08T01:53:00Z,2026-08-08
o-001187,c-1415,2294.06,completed,BR,2026-06-24T17:24:00Z,2026-06-25
o-001188,c-1309,2396.42,completed,BR,2026-08-18T03:34:00Z,2026-08-18
o-001189,c-1757,1108.79,completed,BR,2026-07-12T08:19:00Z,2026-07-12
o-001190,c-1918,2057.66,completed,BR,2026-06-18T05:58:00Z,2026-06-19
o-001191,c-1294,796.37,pending,BR,2026-08-13T13:50:00Z,2026-08-13
o-001192,c-0562,2166.78,pending,BR,2026-07-24T15:47:00Z,2026-07-25
o-001193,c-1898,2103.70,completed,BR,2026-06-04T05:44:00Z,2026-06-05
o-001194,c-1037,170.59,completed,BR,2026-08-01T23:20:00Z,2026-08-02
o-001195,c-1424,73.24,completed,BR,2026-08-13T05:40:00Z,2026-08-14
o-001196,c-1621,1604.54,completed,BR,2026-06-17T20:19:00Z,2026-06-18
o-001197,c-1180,210.17,completed,BR,2026-07-28T22:49:00Z,2026-07-28
o-001198,c-1735,1487.07,completed,BR,2026-07-02T14:30:00Z,2026-07-02
o-001199,c-0534,437.83,completed,BR,2026-07-03T09:12:00Z,2026-07-03
o-001200,c-0849,922.16,completed,BR,2026-07-10T18:14:00Z,2026-07-10
o-001201,c-1942,62.31,completed,BR,2026-08-09T20:14:00Z,2026-08-09
o-001202,c-1996,1158.75,completed,BR,2026-06-13T01:25:00Z,2026-06-14
o-001203,c-1230,654.09,completed,BR,2026-07-09T05:36:00Z,2026-07-09
o-001204,c-0029,1797.87,completed,BR,2026-07-20T21:31:00Z,2026-07-20
o-001205,c-0460,1785.34,completed,BR,2026-06-26T09:47:00Z,2026-06-27
o-001206,c-0783,329.85,pending,BR,2026-08-07T06:52:00Z,2026-08-08
o-001207,c-1489,1694.59,completed,BR,2026-07-14T04:01:00Z,2026-07-15
o-001208,c-2000,658.19,completed,BR,2026-06-23T11:37:00Z,2026-06-24
o-001209,c-0176,30.75,completed,BR,2026-07-03T22:25:00Z,2026-07-03
o-001210,c-1461,961.82,completed,BR,2026-08-07T08:04:00Z,2026-08-07
o-001211,c-1141,151.59,completed,BR,2026-06-22T15:58:00Z,2026-06-23
o-001212,c-1242,2348.61,cancelled,BR,2026-08-07T22:47:00Z,2026-08-07
o-001213,c-0011,637.87,completed,BR,2026-06-30T12:42:00Z,2026-07-01
o-001214,c-0271,2420.30,completed,BR,2026-08-05T05:16:00Z,2026-08-05
o-001215,c-1032,1234.64,completed,BR,2026-07-21T04:05:00Z,2026-07-22
o-001216,c-1455,1328.41,completed,BR,2026-06-06T10:02:00Z,2026-06-06
o-001217,c-1023,2179.84,pending,BR,2026-07-08T13:18:00Z,2026-07-09
o-001218,c-1256,2074.83,cancelled,BR,2026-07-28T10:27:00Z,2026-07-28
o-001219,c-0647,1843.49,completed,BR,2026-06-11T17:54:00Z,2026-06-12
o-001220,c-0109,476.36,completed,BR,2026-06-15T01:30:00Z,2026-06-16
o-001221,c-0335,1766.38,completed,BR,2026-07-25T01:28:00Z,2026-07-26
o-001222,c-1453,1404.33,completed,BR,2026-06-06T23:55:00Z,2026-06-06
o-001223,c-0254,877.26,completed,BR,2026-06-28T05:53:00Z,2026-06-28
o-001224,c-1536,1274.30,completed,BR,2026-08-15T18:13:00Z,2026-08-15
o-001225,c-1078,1918.28,completed,BR,2026-06-01T07:49:00Z,2026-06-02
o-001226,c-1387,240.29,completed,BR,2026-06-28T21:43:00Z,2026-06-28
o-001227,c-0808,937.03,cancelled,BR,2026-06-05T10:09:00Z,2026-06-05
o-001228,c-0167,1153.28,completed,BR,2026-07-23T14:40:00Z,2026-07-24
o-001229,c-1217,1646.73,completed,BR,2026-05-28T20:39:00Z,2026-05-29
o-001230,c-0666,2368.81,cancelled,BR,2026-08-03T04:13:00Z,2026-08-03
o-001231,c-1642,1610.89,completed,BR,2026-05-30T23:04:00Z,2026-05-31
o-001232,c-0190,1000.15,completed,BR,2026-07-13T02:01:00Z,2026-07-13
o-001233,c-0334,974.31,completed,BR,2026-08-13T20:09:00Z,2026-08-13
o-001234,c-0612,1229.66,completed,BR,2026-07-01T21:38:00Z,2026-07-01
o-001235,c-0736,1665.47,pending,BR,2026-07-27T06:31:00Z,2026-07-28
o-001236,c-1814,973.28,completed,BR,2026-08-07T13:05:00Z,2026-08-08
o-001237,c-1661,923.75,completed,BR,2026-08-11T13:05:00Z,2026-08-11
o-001238,c-1052,857.65,completed,BR,2026-06-20T20:43:00Z,2026-06-20
o-001239,c-1907,1240.83,completed,BR,2026-07-29T02:18:00Z,2026-07-30
o-001240,c-0896,202.56,pending,BR,2026-06-30T04:08:00Z,2026-07-01
o-001241,c-1724,625.39,completed,BR,2026-08-03T01:35:00Z,2026-08-03
o-001242,c-1879,117.51,completed,BR,2026-07-16T13:06:00Z,2026-07-17
o-001243,c-1354,1802.17,pending,BR,2026-07-07T08:37:00Z,2026-07-07
o-001244,c-1575,1261.09,completed,BR,2026-08-15T14:11:00Z,2026-08-15
o-001245,c-1727,985.43,completed,BR,2026-06-30T10:37:00Z,2026-07-01
o-001246,c-1552,1677.30,completed,BR,2026-06-25T10:58:00Z,2026-06-25
o-001247,c-0433,466.79,pending,BR,2026-08-08T08:55:00Z,2026-08-08
o-001248,c-0889,1338.27,completed,BR,2026-06-06T00:10:00Z,2026-06-07
o-001249,c-0943,1731.06,pending,BR,2026-08-08T23:31:00Z,2026-08-09
o-001250,c-1267,2033.77,completed,BR,2026-08-19T21:44:00Z,2026-08-20
o-001251,c-1648,760.13,completed,BR,2026-05-24T06:07:00Z,2026-05-24
o-001252,c-1426,2426.45,pending,BR,2026-06-18T15:41:00Z,2026-06-18
o-001253,c-1331,608.24,pending,BR,2026-07-30T06:05:00Z,2026-07-31
o-001254,c-1577,1161.25,completed,BR,2026-05-25T03:10:00Z,2026-05-25
o-001255,c-1514,1757.98,cancelled,BR,2026-07-22T00:55:00Z,2026-07-23
o-001256,c-1199,610.36,completed,BR,2026-07-12T01:21:00Z,2026-07-12
o-001257,c-0211,1577.87,completed,BR,2026-07-15T15:47:00Z,2026-07-16
o-001258,c-0076,1221.30,completed,BR,2026-08-06T23:39:00Z,2026-08-07
o-001259,c-0475,1787.15,completed,BR,2026-07-16T18:20:00Z,2026-07-16
o-001260,c-0549,2232.73,completed,BR,2026-07-22T03:31:00Z,2026-07-23
o-001261,c-0919,1745.30,completed,BR,2026-06-28T23:12:00Z,2026-06-29
o-001262,c-0705,1098.09,completed,BR,2026-08-06T21:21:00Z,2026-08-07
o-001263,c-0269,2208.52,pending,BR,2026-07-11T13:53:00Z,2026-07-12
o-001264,c-1631,1183.45,cancelled,BR,2026-06-12T19:13:00Z,2026-06-13
o-001265,c-1415,1874.39,completed,BR,2026-06-08T05:12:00Z,2026-06-08
o-001266,c-1241,1233.00,pending,BR,2026-07-25T09:15:00Z,2026-07-25
o-001267,c-1141,122.39,completed,BR,2026-06-25T11:43:00Z,2026-06-25
o-001268,c-0358,2070.73,pending,BR,2026-05-27T02:21:00Z,2026-05-28
o-001269,c-0234,1545.82,completed,BR,2026-06-20T15:16:00Z,2026-06-21
o-001270,c-1608,891.33,completed,BR,2026-08-02T08:57:00Z,2026-08-02
o-001271,c-1748,1726.89,completed,BR,2026-08-16T03:45:00Z,2026-08-16
o-001272,c-1898,2365.94,pending,BR,2026-06-06T03:50:00Z,2026-06-06
o-001273,c-1687,1408.37,completed,BR,2026-06-13T20:07:00Z,2026-06-13
o-001274,c-1866,907.29,pending,BR,2026-07-18T16:31:00Z,2026-07-18
o-001275,c-0316,1619.50,completed,BR,2026-06-09T03:54:00Z,2026-06-09
o-001276,c-0900,2424.24,pending,BR,2026-05-23T07:53:00Z,2026-05-24
o-001277,c-0700,720.46,completed,BR,2026-06-26T11:45:00Z,2026-06-27
o-001278,c-0739,1575.45,completed,BR,2026-07-29T13:50:00Z,2026-07-29
o-001279,c-0283,2005.41,completed,BR,2026-07-14T14:54:00Z,2026-07-15
o-001280,c-1933,79.26,completed,BR,2026-05-24T22:51:00Z,2026-05-24
o-001281,c-0174,849.07,completed,BR,2026-06-13T13:03:00Z,2026-06-14
o-001282,c-1555,97.55,cancelled,BR,2026-06-11T18:03:00Z,2026-06-12
o-001283,c-0859,1008.00,completed,BR,2026-08-01T09:46:00Z,2026-08-02
o-001284,c-1863,863.67,pending,BR,2026-07-29T19:58:00Z,2026-07-29
o-001285,c-1435,1012.83,completed,BR,2026-07-31T19:50:00Z,2026-08-01
o-001286,c-1429,866.40,pending,BR,2026-08-14T12:49:00Z,2026-08-14
o-001287,c-1805,757.32,completed,BR,2026-07-04T12:46:00Z,2026-07-04
o-001288,c-1066,2479.85,completed,BR,2026-06-03T16:35:00Z,2026-06-04
o-001289,c-1068,855.07,completed,BR,2026-05-25T00:56:00Z,2026-05-26
o-001290,c-0495,2081.41,completed,BR,2026-07-16T16:07:00Z,2026-07-16
o-001291,c-1724,935.58,completed,BR,2026-07-07T03:03:00Z,2026-07-07
o-001292,c-0920,748.41,pending,BR,2026-07-20T10:15:00Z,2026-07-20
o-001293,c-0718,751.51,completed,BR,2026-08-04T21:08:00Z,2026-08-05
o-001294,c-1065,1845.09,completed,BR,2026-07-28T18:12:00Z,2026-07-29
o-001295,c-0931,249.48,completed,BR,2026-07-14T02:05:00Z,2026-07-14
o-001296,c-0871,2221.83,completed,BR,2026-07-19T02:23:00Z,2026-07-20
o-001297,c-1205,1399.63,pending,BR,2026-06-25T18:31:00Z,2026-06-26
o-001298,c-0902,1724.10,cancelled,BR,2026-07-15T05:09:00Z,2026-07-15
o-001299,c-0993,1779.32,completed,BR,2026-07-27T16:07:00Z,2026-07-27
o-001300,c-0933,1186.02,pending,BR,2026-08-02T11:58:00Z,2026-08-02
o-001301,c-1233,2131.53,completed,BR,2026-07-09T18:18:00Z,2026-07-09
o-001302,c-1071,387.49,completed,BR,2026-07-09T09:18:00Z,2026-07-10
o-001303,c-0058,1979.05,completed,BR,2026-08-06T13:03:00Z,2026-08-07
o-001304,c-1821,712.29,completed,BR,2026-07-24T00:07:00Z,2026-07-25
o-001305,c-0139,2176.71,completed,BR,2026-08-04T09:36:00Z,2026-08-05
o-001306,c-1844,847.87,completed,BR,2026-08-08T04:48:00Z,2026-08-08
o-001307,c-1034,1592.97,pending,BR,2026-08-16T14:09:00Z,2026-08-17
o-001308,c-0183,2000.53,completed,BR,2026-07-14T12:14:00Z,2026-07-15
o-001309,c-0695,1354.78,cancelled,BR,2026-07-18T23:17:00Z,2026-07-18
o-001310,c-1774,418.21,completed,BR,2026-08-11T22:19:00Z,2026-08-11
o-001311,c-1319,1400.59,completed,BR,2026-08-10T17:36:00Z,2026-08-10
o-001312,c-1961,1427.76,completed,BR,2026-07-22T16:57:00Z,2026-07-22
o-001313,c-0247,1647.34,completed,BR,2026-05-25T08:50:00Z,2026-05-25
o-001314,c-0503,2075.08,pending,BR,2026-08-05T14:05:00Z,2026-08-06
o-001315,c-0823,1474.29,completed,BR,2026-05-25T10:27:00Z,2026-05-25
o-001316,c-0850,65.02,completed,BR,2026-07-10T08:05:00Z,2026-07-10
o-001317,c-0204,1356.74,completed,BR,2026-06-15T08:49:00Z,2026-06-15
o-001318,c-0316,770.45,completed,BR,2026-06-13T01:39:00Z,2026-06-14
o-001319,c-0372,72.79,completed,BR,2026-07-11T03:20:00Z,2026-07-11
o-001320,c-0846,2233.06,completed,BR,2026-06-07T01:12:00Z,2026-06-07
o-001321,c-1541,1494.53,completed,BR,2026-07-27T16:24:00Z,2026-07-27
o-001322,c-0552,156.28,completed,BR,2026-07-14T02:30:00Z,2026-07-14
o-001323,c-0835,1585.69,cancelled,BR,2026-05-25T08:35:00Z,2026-05-25
o-001324,c-0505,1908.63,completed,BR,2026-06-08T09:36:00Z,2026-06-09
o-001325,c-0914,214.35,completed,BR,2026-06-18T04:23:00Z,2026-06-18
o-001326,c-1602,616.68,cancelled,BR,2026-08-02T14:02:00Z,2026-08-02
o-001327,c-1665,1164.31,pending,BR,2026-06-29T20:10:00Z,2026-06-29
o-001328,c-0124,2334.10,completed,BR,2026-08-07T08:53:00Z,2026-08-08
o-001329,c-0720,2106.88,completed,BR,2026-07-27T09:02:00Z,2026-07-27
o-001330,c-1514,1337.55,completed,BR,2026-06-03T12:44:00Z,2026-06-03
o-001331,c-1701,353.43,completed,BR,2026-06-27T13:13:00Z,2026-06-28
o-001332,c-1811,1706.84,completed,BR,2026-06-25T22:28:00Z,2026-06-26
o-001333,c-0504,1657.38,completed,BR,2026-06-18T14:38:00Z,2026-06-19
o-001334,c-0033,2285.48,completed,BR,2026-05-23T19:30:00Z,2026-05-23
o-001335,c-1847,28.90,completed,BR,2026-08-02T22:45:00Z,2026-08-03
o-001336,c-1562,985.01,completed,BR,2026-08-14T20:04:00Z,2026-08-14
o-001337,c-1828,2081.05,completed,BR,2026-08-17T03:22:00Z,2026-08-18
o-001338,c-1695,1505.27,completed,BR,2026-08-20T00:07:00Z,2026-08-21
o-001339,c-0759,2340.94,completed,BR,2026-06-20T23:01:00Z,2026-06-21
o-001340,c-1394,2303.89,completed,BR,2026-06-03T19:40:00Z,2026-06-04
o-001341,c-1656,1795.93,completed,BR,2026-07-25T11:02:00Z,2026-07-26
o-001342,c-1010,2261.75,completed,BR,2026-06-18T00:12:00Z,2026-06-19
o-001343,c-0228,2175.44,completed,BR,2026-07-25T05:35:00Z,2026-07-25
o-001344,c-1352,1848.34,completed,BR,2026-08-08T18:11:00Z,2026-08-08
o-001345,c-1205,324.97,completed,BR,2026-06-25T18:54:00Z,2026-06-25
o-001346,c-1805,1310.08,pending,BR,2026-06-16T21:01:00Z,2026-06-17
o-001347,c-1395,1402.49,completed,BR,2026-07-16T20:43:00Z,2026-07-16
o-001348,c-1749,2347.20,completed,BR,2026-07-14T08:07:00Z,2026-07-15
o-001349,c-1015,906.87,pending,BR,2026-06-20T01:17:00Z,2026-06-21
o-001350,c-1091,1124.91,completed,BR,2026-06-16T10:05:00Z,2026-06-16
o-001351,c-1511,567.94,completed,BR,2026-06-01T07:12:00Z,2026-06-01
o-001352,c-0675,780.46,completed,BR,2026-06-04T00:30:00Z,2026-06-05
o-001353,c-1655,64.94,pending,BR,2026-07-04T08:15:00Z,2026-07-04
o-001354,c-0970,599.71,completed,BR,2026-05-29T10:33:00Z,2026-05-29
o-001355,c-1933,186.91,completed,BR,2026-07-18T03:40:00Z,2026-07-19
o-001356,c-1186,316.44,cancelled,BR,2026-05-27T12:20:00Z,2026-05-27
o-001357,c-1603,323.20,cancelled,BR,2026-07-18T01:19:00Z,2026-07-19
o-001358,c-0135,259.06,completed,BR,2026-05-29T09:54:00Z,2026-05-30
o-001359,c-0823,244.10,pending,BR,2026-06-21T19:50:00Z,2026-06-21
o-001360,c-0929,962.88,pending,BR,2026-08-10T19:06:00Z,2026-08-11
o-001361,c-1334,2344.27,pending,BR,2026-07-20T16:21:00Z,2026-07-20
o-001362,c-0222,261.21,completed,BR,2026-05-31T18:50:00Z,2026-05-31
o-001363,c-1853,1435.16,completed,BR,2026-06-24T11:26:00Z,2026-06-25
o-001364,c-1485,1554.02,completed,BR,2026-06-09T01:03:00Z,2026-06-09
o-001365,c-0639,1463.38,completed,BR,2026-08-14T11:19:00Z,2026-08-14
o-001366,c-0302,1176.46,completed,BR,2026-06-29T11:00:00Z,2026-06-29
o-001367,c-0118,597.28,pending,BR,2026-08-02T01:27:00Z,2026-08-03
o-001368,c-0401,2441.39,completed,BR,2026-06-17T02:21:00Z,2026-06-17
o-001369,c-1368,1191.93,completed,BR,2026-07-21T19:44:00Z,2026-07-22
o-001370,c-1745,1448.13,cancelled,BR,2026-08-09T09:26:00Z,2026-08-10
o-001371,c-0333,266.60,pending,BR,2026-05-28T15:14:00Z,2026-05-28
o-001372,c-1309,561.45,completed,BR,2026-08-10T06:15:00Z,2026-08-11
o-001373,c-1505,1922.03,pending,BR,2026-07-10T06:25:00Z,2026-07-10
o-001374,c-1692,2474.75,completed,BR,2026-06-01T11:01:00Z,2026-06-01
o-001375,c-0292,729.99,completed,BR,2026-08-05T11:02:00Z,2026-08-05
o-001376,c-0408,498.57,completed,BR,2026-06-25T23:11:00Z,2026-06-26
o-001377,c-1736,1388.49,completed,BR,2026-05-25T05:53:00Z,2026-05-26
o-001378,c-1866,257.47,pending,BR,2026-06-09T12:41:00Z,2026-06-09
o-001379,c-0694,2340.60,completed,BR,2026-06-22T11:51:00Z,2026-06-23
o-001380,c-1354,432.54,completed,BR,2026-08-10T13:56:00Z,2026-08-10
o-001381,c-0243,365.36,cancelled,BR,2026-06-16T06:34:00Z,2026-06-17
o-001382,c-1423,938.77,completed,BR,2026-08-12T07:58:00Z,2026-08-12
o-001383,c-1563,1541.99,completed,BR,2026-07-30T09:50:00Z,2026-07-30
o-001384,c-0672,621.69,completed,BR,2026-06-27T04:54:00Z,2026-06-28
o-001385,c-0429,1819.61,pending,BR,2026-08-15T19:04:00Z,2026-08-15
o-001386,c-1042,973.35,pending,BR,2026-07-27T11:31:00Z,2026-07-28
o-001387,c-0367,807.95,completed,BR,2026-08-19T15:45:00Z,2026-08-20
o-001388,c-0971,674.50,completed,BR,2026-08-05T20:02:00Z,2026-08-05
o-001389,c-0450,2237.74,completed,BR,2026-06-22T12:13:00Z,2026-06-23
o-001390,c-0871,2222.33,completed,BR,2026-07-09T08:35:00Z,2026-07-09
o-001391,c-0276,1880.30,completed,BR,2026-07-28T11:14:00Z,2026-07-28
o-001392,c-0953,1283.09,completed,BR,2026-07-19T14:27:00Z,2026-07-20
o-001393,c-0753,2012.24,completed,BR,2026-07-10T00:11:00Z,2026-07-11
o-001394,c-0479,667.73,completed,BR,2026-06-02T09:53:00Z,2026-06-02
o-001395,c-1610,694.68,completed,BR,2026-06-07T02:23:00Z,2026-06-07
o-001396,c-1119,504.76,completed,BR,2026-07-04T08:19:00Z,2026-07-05
o-001397,c-0391,1765.58,cancelled,BR,2026-07-31T08:00:00Z,2026-08-01
o-001398,c-0578,2056.66,pending,BR,2026-07-13T12:52:00Z,2026-07-13
o-001399,c-0967,1636.96,cancelled,BR,2026-06-11T12:14:00Z,2026-06-11
o-001400,c-1482,1874.10,completed,BR,2026-07-28T18:50:00Z,2026-07-29
o-001401,c-1480,2036.92,completed,BR,2026-06-02T10:54:00Z,2026-06-02
o-001402,c-0879,1926.48,completed,BR,2026-06-18T14:28:00Z,2026-06-18
o-001403,c-0768,351.68,pending,BR,2026-07-01T23:00:00Z,2026-07-02
o-001404,c-1660,1648.83,completed,BR,2026-06-20T13:27:00Z,2026-06-21
o-001405,c-1563,1947.72,completed,BR,2026-07-03T18:01:00Z,2026-07-03
o-001406,c-1889,352.14,cancelled,BR,2026-07-04T18:40:00Z,2026-07-05
o-001407,c-0781,514.49,completed,BR,2026-07-30T12:12:00Z,2026-07-31
o-001408,c-0223,825.46,cancelled,BR,2026-08-12T09:05:00Z,2026-08-12
o-001409,c-0214,1688.84,completed,BR,2026-08-19T19:31:00Z,2026-08-19
o-001410,c-0383,501.50,cancelled,BR,2026-07-11T09:13:00Z,2026-07-11
o-001411,c-0597,1650.63,completed,BR,2026-05-30T11:33:00Z,2026-05-30
o-001412,c-0352,820.30,cancelled,BR,2026-07-12T05:07:00Z,2026-07-12
o-001413,c-1099,1048.94,pending,BR,2026-07-11T06:08:00Z,2026-07-11
o-001414,c-0635,1083.34,completed,BR,2026-07-22T05:38:00Z,2026-07-23
o-001415,c-1204,511.42,completed,BR,2026-07-20T08:12:00Z,2026-07-20
o-001416,c-0293,1117.10,pending,BR,2026-08-08T07:33:00Z,2026-08-09
o-001417,c-1865,1425.23,completed,BR,2026-07-21T18:02:00Z,2026-07-21
o-001418,c-0590,1617.52,cancelled,BR,2026-07-06T22:53:00Z,2026-07-07
o-001419,c-0801,1534.50,pending,BR,2026-06-14T13:15:00Z,2026-06-14
o-001420,c-1844,1546.25,completed,BR,2026-07-11T21:11:00Z,2026-07-11
o-001421,c-0806,1748.12,completed,BR,2026-06-12T08:56:00Z,2026-06-13
o-001422,c-1366,2291.16,completed,BR,2026-06-19T15:26:00Z,2026-06-19
o-001423,c-0756,195.95,completed,BR,2026-07-03T13:28:00Z,2026-07-03
o-001424,c-0518,522.39,completed,BR,2026-05-26T02:40:00Z,2026-05-27
o-001425,c-0781,862.43,completed,BR,2026-06-16T12:02:00Z,2026-06-16
o-001426,c-0514,291.13,cancelled,BR,2026-07-03T21:47:00Z,2026-07-04
o-001427,c-0993,1156.09,completed,BR,2026-08-15T07:45:00Z,2026-08-16
o-001428,c-0288,1179.62,completed,BR,2026-06-12T05:53:00Z,2026-06-12
o-001429,c-1244,255.79,completed,BR,2026-07-30T23:25:00Z,2026-07-30
o-001430,c-0159,1680.12,completed,BR,2026-06-26T04:28:00Z,2026-06-27
o-001431,c-0365,545.60,completed,BR,2026-08-17T17:13:00Z,2026-08-18
o-001432,c-1427,124.15,completed,BR,2026-07-28T20:42:00Z,2026-07-28
o-001433,c-0800,1727.42,completed,BR,2026-08-07T00:03:00Z,2026-08-08
o-001434,c-1572,508.34,completed,BR,2026-06-22T06:05:00Z,2026-06-22
o-001435,c-0864,74.72,completed,BR,2026-06-16T21:42:00Z,2026-06-16
o-001436,c-0452,2397.07,completed,BR,2026-08-16T05:46:00Z,2026-08-16
o-001437,c-0091,1042.12,completed,BR,2026-07-03T10:35:00Z,2026-07-03
o-001438,c-1280,521.76,completed,BR,2026-07-16T03:14:00Z,2026-07-16
o-001439,c-0217,894.66,completed,BR,2026-07-13T20:20:00Z,2026-07-13
o-001440,c-0798,535.86,completed,BR,2026-08-15T08:41:00Z,2026-08-16
o-001441,c-0090,172.99,completed,BR,2026-06-30T19:31:00Z,2026-06-30
o-001442,c-1460,1342.77,cancelled,BR,2026-08-03T05:16:00Z,2026-08-03
o-001443,c-1229,814.26,completed,BR,2026-07-11T21:59:00Z,2026-07-11
o-001444,c-0681,442.45,pending,BR,2026-08-19T10:54:00Z,2026-08-20
o-001445,c-0139,841.09,completed,BR,2026-08-05T14:24:00Z,2026-08-05
o-001446,c-1032,1470.73,cancelled,BR,2026-06-21T00:39:00Z,2026-06-21
o-001447,c-0633,594.81,completed,BR,2026-06-23T19:05:00Z,2026-06-23
o-001448,c-0282,939.44,completed,BR,2026-06-11T12:13:00Z,2026-06-11
o-001449,c-0488,2308.91,completed,BR,2026-07-18T23:56:00Z,2026-07-19
o-001450,c-0275,698.93,completed,BR,2026-05-28T16:50:00Z,2026-05-29
o-001451,c-1328,2032.71,pending,BR,2026-06-21T23:21:00Z,2026-06-22
o-001452,c-0497,518.51,completed,BR,2026-08-16T07:51:00Z,2026-08-16
o-001453,c-1246,2182.40,completed,BR,2026-06-15T14:40:00Z,2026-06-15
o-001454,c-0133,2175.32,completed,BR,2026-06-16T01:40:00Z,2026-06-16
o-001455,c-1922,514.53,completed,BR,2026-08-06T17:53:00Z,2026-08-06
o-001456,c-0484,1271.02,completed,BR,2026-07-21T09:10:00Z,2026-07-21
o-001457,c-0502,1062.92,completed,BR,2026-06-30T09:36:00Z,2026-07-01
o-001458,c-1982,1590.83,completed,BR,2026-07-23T02:23:00Z,2026-07-24
o-001459,c-0774,423.58,completed,BR,2026-07-26T19:47:00Z,2026-07-27
o-001460,c-1558,393.92,cancelled,BR,2026-07-23T00:48:00Z,2026-07-24
o-001461,c-0876,2135.84,pending,BR,2026-06-30T19:34:00Z,2026-06-30
o-001462,c-1133,1817.99,completed,BR,2026-07-21T09:29:00Z,2026-07-22
o-001463,c-0769,1407.54,completed,BR,2026-07-04T04:45:00Z,2026-07-05
o-001464,c-0401,391.04,completed,BR,2026-05-24T16:46:00Z,2026-05-25
o-001465,c-1007,1014.37,completed,BR,2026-07-12T23:23:00Z,2026-07-13
o-001466,c-1003,772.99,cancelled,BR,2026-06-01T13:56:00Z,2026-06-01
o-001467,c-1888,315.57,cancelled,BR,2026-06-12T06:48:00Z,2026-06-13
o-001468,c-1961,641.87,cancelled,BR,2026-07-06T16:45:00Z,2026-07-07
o-001469,c-1301,1722.78,completed,BR,2026-08-14T12:59:00Z,2026-08-15
o-001470,c-1507,620.75,completed,BR,2026-07-08T20:45:00Z,2026-07-08
o-001471,c-1429,1665.86,completed,BR,2026-08-08T14:43:00Z,2026-08-08
o-001472,c-0521,622.30,completed,BR,2026-08-15T05:00:00Z,2026-08-15
o-001473,c-1579,235.30,completed,BR,2026-07-11T12:45:00Z,2026-07-11
o-001474,c-1062,2275.32,pending,BR,2026-06-13T13:16:00Z,2026-06-14
o-001475,c-1026,2419.37,completed,BR,2026-07-10T18:19:00Z,2026-07-11
o-001476,c-1542,2191.62,pending,BR,2026-06-03T03:40:00Z,2026-06-04
o-001477,c-1668,361.07,pending,BR,2026-07-12T22:19:00Z,2026-07-12
o-001478,c-0345,2041.89,completed,BR,2026-05-31T22:26:00Z,2026-06-01
o-001479,c-1341,724.41,completed,BR,2026-06-14T11:11:00Z,2026-06-14
o-001480,c-0406,1218.75,completed,BR,2026-06-06T14:36:00Z,2026-06-06
o-001481,c-0381,506.35,pending,BR,2026-06-16T08:57:00Z,2026-06-17
o-001482,c-0903,1568.96,completed,BR,2026-08-12T05:05:00Z,2026-08-13
o-001483,c-0176,947.43,completed,BR,2026-07-05T00:37:00Z,2026-07-05
o-001484,c-0979,1215.56,pending,BR,2026-05-24T01:17:00Z,2026-05-24
o-001485,c-1363,1458.20,cancelled,BR,2026-06-04T06:33:00Z,2026-06-04
o-001486,c-0770,1509.45,cancelled,BR,2026-06-26T15:30:00Z,2026-06-27
o-001487,c-1238,1076.49,completed,BR,2026-07-05T10:52:00Z,2026-07-05
o-001488,c-1928,906.22,completed,BR,2026-08-09T01:22:00Z,2026-08-10
o-001489,c-1652,254.94,completed,BR,2026-08-20T12:46:00Z,2026-08-20
o-001490,c-0053,1506.76,pending,BR,2026-06-27T22:48:00Z,2026-06-27
o-001491,c-0755,1132.54,completed,BR,2026-07-22T16:26:00Z,2026-07-22
o-001492,c-0007,2465.52,cancelled,BR,2026-07-03T00:40:00Z,2026-07-04
o-001493,c-1789,119.16,pending,BR,2026-07-03T21:28:00Z,2026-07-03
o-001494,c-1243,1213.92,pending,BR,2026-06-02T11:27:00Z,2026-06-03
o-001495,c-1349,2143.46,cancelled,BR,2026-07-11T09:38:00Z,2026-07-11
o-001496,c-1459,362.19,completed,BR,2026-08-04T22:32:00Z,2026-08-04
o-001497,c-0262,1247.32,completed,BR,2026-08-17T17:55:00Z,2026-08-18
o-001498,c-0345,2241.54,cancelled,BR,2026-07-23T21:34:00Z,2026-07-23
o-001499,c-0499,533.04,pending,BR,2026-08-15T22:05:00Z,2026-08-15
o-001500,c-0891,2483.44,completed,BR,2026-07-03T12:49:00Z,2026-07-04
o-001501,c-0452,1799.34,completed,BR,2026-08-16T03:42:00Z,2026-08-16
o-001502,c-1890,1338.69,pending,BR,2026-06-03T22:21:00Z,2026-06-03
o-001503,c-1909,1442.05,cancelled,BR,2026-05-31T20:21:00Z,2026-06-01
o-001504,c-1865,1795.02,pending,BR,2026-07-10T20:41:00Z,2026-07-11
o-001505,c-1656,587.25,completed,BR,2026-06-29T02:07:00Z,2026-06-29
o-001506,c-0697,1852.75,cancelled,BR,2026-06-06T18:23:00Z,2026-06-06
o-001507,c-1748,786.86,completed,BR,2026-05-23T09:03:00Z,2026-05-23
o-001508,c-1735,973.42,completed,BR,2026-07-08T21:59:00Z,2026-07-08
o-001509,c-1065,1661.04,completed,BR,2026-06-05T12:00:00Z,2026-06-06
o-001510,c-0648,366.03,cancelled,BR,2026-06-20T15:43:00Z,2026-06-21
o-001511,c-0302,1505.66,completed,BR,2026-08-16T22:02:00Z,2026-08-17
o-001512,c-0633,1258.43,completed,BR,2026-06-27T22:36:00Z,2026-06-28
o-001513,c-1293,2072.57,completed,BR,2026-07-10T01:51:00Z,2026-07-11
o-001514,c-0313,2070.57,completed,BR,2026-06-20T22:47:00Z,2026-06-20
o-001515,c-1891,2164.25,completed,BR,2026-07-24T23:25:00Z,2026-07-25
o-001516,c-1670,1649.83,pending,BR,2026-05-25T17:25:00Z,2026-05-26
o-001517,c-0866,1696.36,cancelled,BR,2026-07-12T12:04:00Z,2026-07-13
o-001518,c-0579,1742.46,completed,BR,2026-08-01T12:06:00Z,2026-08-01
o-001519,c-0663,1881.90,completed,BR,2026-05-29T22:19:00Z,2026-05-30
o-001520,c-1341,413.42,completed,BR,2026-08-20T15:18:00Z,2026-08-20
o-001521,c-0430,549.25,pending,BR,2026-08-14T00:23:00Z,2026-08-14
o-001522,c-1390,1964.82,pending,BR,2026-07-10T13:43:00Z,2026-07-10
o-001523,c-1897,145.55,completed,BR,2026-07-22T05:03:00Z,2026-07-22
o-001524,c-1056,1626.99,completed,BR,2026-06-11T20:46:00Z,2026-06-12
o-001525,c-0502,89.81,completed,BR,2026-07-24T09:44:00Z,2026-07-24
o-001526,c-1337,1864.27,pending,BR,2026-08-16T21:05:00Z,2026-08-17
o-001527,c-1772,2046.40,completed,BR,2026-08-11T20:28:00Z,2026-08-12
o-001528,c-0024,304.40,completed,BR,2026-07-24T20:42:00Z,2026-07-24
o-001529,c-0048,1469.19,cancelled,BR,2026-07-23T08:44:00Z,2026-07-23
o-001530,c-1627,1484.23,completed,BR,2026-08-13T22:27:00Z,2026-08-14
o-001531,c-1171,317.46,completed,BR,2026-07-30T05:25:00Z,2026-07-30
o-001532,c-0807,1392.37,completed,BR,2026-07-29T15:04:00Z,2026-07-29
o-001533,c-1544,1883.71,cancelled,BR,2026-06-07T05:55:00Z,2026-06-07
o-001534,c-0011,1389.03,pending,BR,2026-06-07T01:08:00Z,2026-06-07
o-001535,c-1337,407.22,completed,BR,2026-05-27T02:07:00Z,2026-05-28
o-001536,c-0745,2415.86,completed,BR,2026-08-15T00:15:00Z,2026-08-16
o-001537,c-0095,2365.81,completed,BR,2026-06-29T21:34:00Z,2026-06-30
o-001538,c-0287,1444.79,completed,BR,2026-07-28T11:38:00Z,2026-07-28
o-001539,c-1409,252.03,pending,BR,2026-06-22T01:12:00Z,2026-06-22
o-001540,c-0614,2140.93,completed,BR,2026-06-09T19:35:00Z,2026-06-09
o-001541,c-1212,900.87,completed,BR,2026-08-10T13:04:00Z,2026-08-11
o-001542,c-0534,957.55,cancelled,BR,2026-07-13T14:05:00Z,2026-07-14
o-001543,c-1386,1066.23,completed,BR,2026-07-30T06:04:00Z,2026-07-31
o-001544,c-1297,1743.52,completed,BR,2026-07-09T18:42:00Z,2026-07-09
o-001545,c-0860,2054.81,completed,BR,2026-07-17T12:01:00Z,2026-07-17
o-001546,c-0159,678.96,completed,BR,2026-08-18T17:26:00Z,2026-08-18
o-001547,c-0675,1602.24,completed,BR,2026-07-04T08:09:00Z,2026-07-04
o-001548,c-0561,29.61,completed,BR,2026-06-20T12:06:00Z,2026-06-20
o-001549,c-0360,1318.56,pending,BR,2026-08-06T15:06:00Z,2026-08-07
o-001550,c-1435,1432.53,completed,BR,2026-06-26T19:06:00Z,2026-06-26
o-001551,c-0350,798.40,pending,BR,2026-06-15T11:51:00Z,2026-06-16
o-001552,c-0977,1482.81,completed,BR,2026-08-18T16:45:00Z,2026-08-18
o-001553,c-1347,320.29,completed,BR,2026-06-26T01:58:00Z,2026-06-27
o-001554,c-1449,1944.93,completed,BR,2026-07-15T22:29:00Z,2026-07-15
o-001555,c-0899,2465.68,pending,BR,2026-07-26T09:17:00Z,2026-07-27
o-001556,c-1067,2354.48,pending,BR,2026-06-21T09:40:00Z,2026-06-21
o-001557,c-1941,767.63,pending,BR,2026-06-03T20:05:00Z,2026-06-03
o-001558,c-1495,603.89,completed,BR,2026-08-04T01:05:00Z,2026-08-05
o-001559,c-1135,2324.32,pending,BR,2026-05-24T13:43:00Z,2026-05-24
o-001560,c-0983,1247.02,completed,BR,2026-08-17T17:44:00Z,2026-08-17
o-001561,c-0831,39.68,completed,BR,2026-05-23T22:27:00Z,2026-05-24
o-001562,c-0501,2485.58,completed,BR,2026-07-29T21:38:00Z,2026-07-29
o-001563,c-1244,1124.39,completed,BR,2026-07-29T07:11:00Z,2026-07-29
o-001564,c-0752,2099.33,completed,BR,2026-05-29T13:31:00Z,2026-05-30
o-001565,c-0350,936.34,completed,BR,2026-08-17T07:53:00Z,2026-08-17
o-001566,c-0595,751.45,completed,BR,2026-06-19T00:47:00Z,2026-06-20
o-001567,c-0446,2308.03,cancelled,BR,2026-08-13T16:52:00Z,2026-08-13
o-001568,c-1916,1160.33,completed,BR,2026-07-24T01:22:00Z,2026-07-24
o-001569,c-1261,1153.58,completed,BR,2026-06-05T00:22:00Z,2026-06-05
o-001570,c-0824,889.56,completed,BR,2026-07-24T06:05:00Z,2026-07-24
o-001571,c-0842,313.99,completed,BR,2026-06-11T21:16:00Z,2026-06-11
o-001572,c-0964,991.42,completed,BR,2026-07-16T05:34:00Z,2026-07-17
o-001573,c-0223,2473.48,completed,BR,2026-07-18T05:08:00Z,2026-07-19
o-001574,c-1531,1087.73,completed,BR,2026-06-17T03:12:00Z,2026-06-18
o-001575,c-0083,338.53,completed,BR,2026-07-04T01:10:00Z,2026-07-04
o-001576,c-1943,1200.84,completed,BR,2026-06-26T03:26:00Z,2026-06-27
o-001577,c-1127,1241.44,completed,BR,2026-06-08T10:48:00Z,2026-06-09
o-001578,c-1028,1816.36,pending,BR,2026-07-11T04:07:00Z,2026-07-11
o-001579,c-1624,57.77,completed,BR,2026-07-26T00:49:00Z,2026-07-26
o-001580,c-0107,1697.38,completed,BR,2026-08-07T23:00:00Z,2026-08-08
o-001581,c-0984,727.22,completed,BR,2026-07-16T07:39:00Z,2026-07-16
o-001582,c-1494,1280.54,completed,BR,2026-06-06T08:44:00Z,2026-06-06
o-001583,c-1365,2052.42,completed,BR,2026-06-05T22:46:00Z,2026-06-05
o-001584,c-0387,2481.42,completed,BR,2026-08-12T04:14:00Z,2026-08-12
o-001585,c-0271,1006.20,completed,BR,2026-06-16T04:27:00Z,2026-06-16
o-001586,c-1263,503.11,pending,BR,2026-07-10T13:33:00Z,2026-07-11
o-001587,c-1434,1585.11,completed,BR,2026-07-05T13:30:00Z,2026-07-05
o-001588,c-1045,1070.55,completed,BR,2026-06-06T08:23:00Z,2026-06-07
o-001589,c-1932,880.81,completed,BR,2026-07-02T01:11:00Z,2026-07-02
o-001590,c-0002,135.07,pending,BR,2026-06-19T09:30:00Z,2026-06-20
o-001591,c-1861,1518.27,completed,BR,2026-06-24T15:23:00Z,2026-06-25
o-001592,c-0624,283.26,completed,BR,2026-08-18T17:49:00Z,2026-08-18
o-001593,c-0679,904.62,pending,BR,2026-08-06T16:38:00Z,2026-08-07
o-001594,c-0488,1627.37,completed,BR,2026-07-11T02:56:00Z,2026-07-11
o-001595,c-0268,1575.75,completed,BR,2026-05-28T18:58:00Z,2026-05-28
o-001596,c-0396,1763.13,cancelled,BR,2026-06-01T17:39:00Z,2026-06-02
o-001597,c-0618,1814.75,cancelled,BR,2026-06-17T17:46:00Z,2026-06-17
o-001598,c-0090,323.94,completed,BR,2026-06-24T17:22:00Z,2026-06-25
o-001599,c-0919,1576.51,completed,BR,2026-07-17T02:30:00Z,2026-07-18
o-001600,c-1073,2328.67,completed,BR,2026-05-25T05:38:00Z,2026-05-26
o-001601,c-1427,2418.88,completed,BR,2026-08-03T01:50:00Z,2026-08-03
o-001602,c-1517,2037.26,completed,BR,2026-07-30T16:04:00Z,2026-07-30
o-001603,c-0897,1878.07,completed,BR,2026-07-11T12:38:00Z,2026-07-12
o-001604,c-0424,464.25,completed,BR,2026-06-19T18:44:00Z,2026-06-19
o-001605,c-1801,2321.93,completed,BR,2026-07-26T22:46:00Z,2026-07-27
o-001606,c-0622,2131.93,completed,BR,2026-06-26T17:07:00Z,2026-06-26
o-001607,c-0459,118.80,completed,BR,2026-05-28T20:09:00Z,2026-05-29
o-001608,c-1900,336.76,pending,BR,2026-05-29T20:15:00Z,2026-05-29
o-001609,c-1095,294.88,completed,BR,2026-08-11T19:23:00Z,2026-08-12
o-001610,c-0171,2366.34,pending,BR,2026-06-25T23:08:00Z,2026-06-26
o-001611,c-1840,1530.65,completed,BR,2026-05-30T20:52:00Z,2026-05-30
o-001612,c-1688,891.93,pending,BR,2026-06-27T05:16:00Z,2026-06-27
o-001613,c-1101,1645.01,pending,BR,2026-08-05T03:46:00Z,2026-08-06
o-001614,c-1937,1636.29,pending,BR,2026-08-12T19:35:00Z,2026-08-12
o-001615,c-1673,1108.25,completed,BR,2026-06-18T18:40:00Z,2026-06-19
o-001616,c-0319,1117.91,pending,BR,2026-07-17T11:09:00Z,2026-07-18
o-001617,c-0192,1242.42,completed,BR,2026-06-14T06:36:00Z,2026-06-15
o-001618,c-1932,1825.05,completed,BR,2026-05-25T09:10:00Z,2026-05-25
o-001619,c-1675,988.52,completed,BR,2026-05-31T04:04:00Z,2026-06-01
o-001620,c-0503,1140.29,completed,BR,2026-07-13T03:46:00Z,2026-07-13
o-001621,c-1489,1877.36,completed,BR,2026-06-04T12:24:00Z,2026-06-04
o-001622,c-0226,2067.27,pending,BR,2026-08-13T01:08:00Z,2026-08-13
o-001623,c-1578,213.57,completed,BR,2026-08-11T19:00:00Z,2026-08-11
o-001624,c-1962,1980.19,completed,BR,2026-07-05T22:05:00Z,2026-07-05
o-001625,c-0286,1203.66,completed,BR,2026-07-18T05:19:00Z,2026-07-19
o-001626,c-0981,390.51,completed,BR,2026-08-19T08:40:00Z,2026-08-19
o-001627,c-0044,2063.19,completed,BR,2026-06-29T03:32:00Z,2026-06-30
o-001628,c-0291,8.02,completed,BR,2026-06-21T13:24:00Z,2026-06-21
o-001629,c-0724,1640.13,completed,BR,2026-08-18T12:43:00Z,2026-08-18
o-001630,c-1008,428.05,completed,BR,2026-06-05T09:22:00Z,2026-06-05
o-001631,c-1261,837.64,completed,BR,2026-06-02T01:38:00Z,2026-06-02
o-001632,c-0365,1074.43,completed,BR,2026-06-15T21:27:00Z,2026-06-15
o-001633,c-1830,1669.85,completed,BR,2026-06-28T11:56:00Z,2026-06-28
o-001634,c-0556,2291.00,completed,BR,2026-06-25T22:51:00Z,2026-06-25
o-001635,c-1616,10.44,cancelled,BR,2026-06-11T20:09:00Z,2026-06-12
o-001636,c-0303,979.55,pending,BR,2026-07-23T02:07:00Z,2026-07-24
o-001637,c-1966,1818.14,completed,BR,2026-07-03T04:11:00Z,2026-07-04
o-001638,c-0723,801.69,completed,BR,2026-08-19T13:38:00Z,2026-08-20
o-001639,c-0284,2006.34,completed,BR,2026-06-23T12:26:00Z,2026-06-24
o-001640,c-1104,1336.76,completed,BR,2026-06-21T12:05:00Z,2026-06-22
o-001641,c-1080,1446.80,completed,BR,2026-06-20T22:05:00Z,2026-06-20
o-001642,c-0741,12.15,cancelled,BR,2026-05-25T11:35:00Z,2026-05-26
o-001643,c-1962,338.31,completed,BR,2026-07-06T11:54:00Z,2026-07-06
o-001644,c-0604,1153.67,pending,BR,2026-08-01T13:15:00Z,2026-08-01
o-001645,c-1696,565.35,pending,BR,2026-06-07T22:45:00Z,2026-06-07
o-001646,c-0774,1834.04,completed,BR,2026-07-16T11:03:00Z,2026-07-16
o-001647,c-1358,1456.11,completed,BR,2026-08-07T05:01:00Z,2026-08-07
o-001648,c-0749,357.49,completed,BR,2026-05-24T18:53:00Z,2026-05-25
o-001649,c-0307,1914.72,completed,BR,2026-06-09T23:33:00Z,2026-06-10
o-001650,c-0963,1031.75,completed,BR,2026-08-13T22:00:00Z,2026-08-14
o-001651,c-0228,393.94,pending,BR,2026-05-27T19:48:00Z,2026-05-27
o-001652,c-1031,405.07,completed,BR,2026-07-16T21:56:00Z,2026-07-17
o-001653,c-1135,1779.96,completed,BR,2026-08-04T16:19:00Z,2026-08-04
o-001654,c-0868,2328.97,completed,BR,2026-06-03T16:24:00Z,2026-06-03
o-001655,c-1522,533.60,completed,BR,2026-06-20T12:11:00Z,2026-06-20
o-001656,c-1673,1732.60,completed,BR,2026-08-14T20:25:00Z,2026-08-15
o-001657,c-0338,141.41,completed,BR,2026-07-16T06:17:00Z,2026-07-16
o-001658,c-0214,199.13,completed,BR,2026-07-04T00:15:00Z,2026-07-05
o-001659,c-0334,1356.21,completed,BR,2026-08-07T00:48:00Z,2026-08-08
o-001660,c-0385,1381.47,completed,BR,2026-05-27T07:17:00Z,2026-05-27
o-001661,c-1168,1414.17,completed,BR,2026-07-23T01:03:00Z,2026-07-24
o-001662,c-0191,2359.06,completed,BR,2026-07-07T09:25:00Z,2026-07-07
o-001663,c-0645,1880.85,pending,BR,2026-06-08T22:43:00Z,2026-06-08
o-001664,c-0679,1021.18,pending,BR,2026-06-04T16:51:00Z,2026-06-04
o-001665,c-0049,1470.00,completed,BR,2026-08-06T01:18:00Z,2026-08-06
o-001666,c-0311,1707.52,completed,BR,2026-08-11T02:45:00Z,2026-08-11
o-001667,c-1812,543.04,completed,BR,2026-06-10T22:10:00Z,2026-06-11
o-001668,c-0917,1964.45,completed,BR,2026-07-08T19:54:00Z,2026-07-09
o-001669,c-0082,2227.25,pending,BR,2026-07-11T07:13:00Z,2026-07-11
o-001670,c-1963,385.24,completed,BR,2026-07-25T03:51:00Z,2026-07-25
o-001671,c-0293,1916.96,completed,BR,2026-06-03T15:06:00Z,2026-06-04
o-001672,c-0643,428.45,completed,BR,2026-05-31T08:36:00Z,2026-06-01
o-001673,c-0724,227.63,completed,BR,2026-07-20T08:30:00Z,2026-07-21
o-001674,c-1563,2192.26,completed,BR,2026-06-09T03:36:00Z,2026-06-10
o-001675,c-0082,911.86,completed,BR,2026-07-14T19:58:00Z,2026-07-14
o-001676,c-0903,920.00,pending,BR,2026-07-02T11:05:00Z,2026-07-03
o-001677,c-1037,1127.98,pending,BR,2026-08-18T01:39:00Z,2026-08-18
o-001678,c-1518,1977.52,completed,BR,2026-08-02T00:09:00Z,2026-08-02
o-001679,c-0596,942.68,completed,BR,2026-06-01T07:24:00Z,2026-06-02
o-001680,c-1371,238.29,completed,BR,2026-08-13T17:57:00Z,2026-08-14
o-001681,c-0224,219.13,pending,BR,2026-07-12T13:12:00Z,2026-07-13
o-001682,c-0674,165.86,completed,BR,2026-08-08T15:13:00Z,2026-08-09
o-001683,c-0235,699.55,completed,BR,2026-06-11T15:09:00Z,2026-06-11
o-001684,c-0656,1422.68,cancelled,BR,2026-07-10T01:59:00Z,2026-07-11
o-001685,c-1618,1078.12,completed,BR,2026-05-29T06:55:00Z,2026-05-29
o-001686,c-1952,1897.75,completed,BR,2026-06-24T20:11:00Z,2026-06-24
o-001687,c-0291,177.80,completed,BR,2026-06-30T22:28:00Z,2026-07-01
o-001688,c-1075,539.19,pending,BR,2026-06-15T01:05:00Z,2026-06-16
o-001689,c-0701,2408.60,completed,BR,2026-06-17T11:26:00Z,2026-06-18
o-001690,c-0974,1341.09,pending,BR,2026-08-20T13:22:00Z,2026-08-21
o-001691,c-1686,29.78,pending,BR,2026-08-07T06:04:00Z,2026-08-07
o-001692,c-0664,1661.84,pending,BR,2026-07-02T00:09:00Z,2026-07-03
o-001693,c-1913,372.98,pending,BR,2026-06-06T21:26:00Z,2026-06-07
o-001694,c-1067,1807.10,cancelled,BR,2026-06-08T20:28:00Z,2026-06-08
o-001695,c-0075,550.46,cancelled,BR,2026-07-15T22:34:00Z,2026-07-15
o-001696,c-1231,947.00,completed,BR,2026-06-16T21:36:00Z,2026-06-16
o-001697,c-0759,2035.38,completed,BR,2026-07-01T16:52:00Z,2026-07-01
o-001698,c-1433,1250.33,cancelled,BR,2026-07-14T13:22:00Z,2026-07-15
o-001699,c-1697,1358.46,completed,BR,2026-07-04T03:59:00Z,2026-07-04
o-001700,c-0940,1073.82,completed,BR,2026-08-07T05:34:00Z,2026-08-08
o-001701,c-0782,716.14,completed,BR,2026-08-18T13:40:00Z,2026-08-19
o-001702,c-1438,1552.84,cancelled,BR,2026-06-04T02:51:00Z,2026-06-04
o-001703,c-0184,1625.81,completed,BR,2026-07-14T03:31:00Z,2026-07-14
o-001704,c-1298,1113.04,completed,BR,2026-05-27T21:18:00Z,2026-05-28
o-001705,c-0434,561.08,completed,BR,2026-07-10T03:12:00Z,2026-07-11
o-001706,c-1947,315.48,cancelled,BR,2026-07-21T13:58:00Z,2026-07-22
o-001707,c-0016,2349.34,pending,BR,2026-07-26T09:17:00Z,2026-07-27
o-001708,c-0630,2097.02,pending,BR,2026-07-15T21:15:00Z,2026-07-15
o-001709,c-1844,2273.10,completed,BR,2026-05-26T04:50:00Z,2026-05-27
o-001710,c-1722,2042.68,pending,BR,2026-08-07T10:21:00Z,2026-08-07
o-001711,c-1965,1432.61,completed,BR,2026-08-02T12:12:00Z,2026-08-03
o-001712,c-1697,133.69,cancelled,BR,2026-07-16T04:40:00Z,2026-07-17
o-001713,c-1492,438.42,cancelled,BR,2026-07-28T05:27:00Z,2026-07-28
o-001714,c-0204,1776.51,completed,BR,2026-06-07T20:36:00Z,2026-06-08
o-001715,c-1727,1906.62,cancelled,BR,2026-08-01T05:20:00Z,2026-08-01
o-001716,c-0191,237.70,completed,BR,2026-08-11T18:09:00Z,2026-08-11
o-001717,c-1266,1770.40,cancelled,BR,2026-06-02T18:24:00Z,2026-06-02
o-001718,c-1521,1836.75,cancelled,BR,2026-08-12T20:49:00Z,2026-08-13
o-001719,c-0383,603.11,pending,BR,2026-06-30T06:34:00Z,2026-06-30
o-001720,c-1488,1951.17,pending,BR,2026-06-25T21:03:00Z,2026-06-26
o-001721,c-0170,2337.76,completed,BR,2026-08-12T18:55:00Z,2026-08-12
o-001722,c-0228,1150.52,completed,BR,2026-06-05T04:18:00Z,2026-06-06
o-001723,c-1833,455.67,completed,BR,2026-07-08T06:25:00Z,2026-07-08
o-001724,c-1006,1989.63,completed,BR,2026-07-24T20:04:00Z,2026-07-24
o-001725,c-1408,1052.67,pending,BR,2026-08-12T14:51:00Z,2026-08-12
o-001726,c-0369,750.39,cancelled,BR,2026-08-15T18:40:00Z,2026-08-15
o-001727,c-0241,2439.91,cancelled,BR,2026-07-23T19:38:00Z,2026-07-23
o-001728,c-0325,1306.76,completed,BR,2026-06-07T06:38:00Z,2026-06-07
o-001729,c-1098,62.48,completed,BR,2026-06-11T06:55:00Z,2026-06-12
o-001730,c-0236,2246.94,completed,BR,2026-06-09T07:05:00Z,2026-06-09
o-001731,c-0549,687.80,completed,BR,2026-06-03T11:45:00Z,2026-06-04
o-001732,c-0957,1864.26,completed,BR,2026-07-27T12:59:00Z,2026-07-27
o-001733,c-0513,436.53,completed,BR,2026-06-27T12:06:00Z,2026-06-28
o-001734,c-0340,1986.28,cancelled,BR,2026-07-24T13:56:00Z,2026-07-25
o-001735,c-0868,1492.84,completed,BR,2026-07-02T19:06:00Z,2026-07-03
o-001736,c-0880,503.30,completed,BR,2026-08-11T02:28:00Z,2026-08-11
o-001737,c-1822,89.23,completed,BR,2026-08-06T13:18:00Z,2026-08-07
o-001738,c-0816,79.70,completed,BR,2026-07-03T13:50:00Z,2026-07-03
o-001739,c-0733,617.07,completed,BR,2026-07-09T11:09:00Z,2026-07-10
o-001740,c-0251,29.03,completed,BR,2026-07-04T06:29:00Z,2026-07-05
o-001741,c-1841,585.46,completed,BR,2026-06-28T19:13:00Z,2026-06-28
o-001742,c-0211,1404.59,completed,BR,2026-08-16T02:36:00Z,2026-08-17
o-001743,c-1398,1891.72,completed,BR,2026-07-02T06:12:00Z,2026-07-02
o-001744,c-1644,1237.37,completed,BR,2026-06-27T13:07:00Z,2026-06-27
o-001745,c-0928,431.99,completed,BR,2026-07-11T07:36:00Z,2026-07-11
o-001746,c-0584,49.50,pending,BR,2026-08-04T00:58:00Z,2026-08-05
o-001747,c-0583,331.99,cancelled,BR,2026-05-27T17:58:00Z,2026-05-27
o-001748,c-0691,1613.72,completed,BR,2026-06-04T13:46:00Z,2026-06-05
o-001749,c-0563,796.39,completed,BR,2026-06-02T17:49:00Z,2026-06-03
o-001750,c-1012,1532.74,completed,BR,2026-08-20T14:31:00Z,2026-08-20
o-001751,c-1727,937.90,completed,BR,2026-05-26T07:03:00Z,2026-05-26
o-001752,c-0285,267.31,completed,BR,2026-08-19T23:27:00Z,2026-08-19
o-001753,c-0349,224.60,pending,BR,2026-07-09T17:00:00Z,2026-07-09
o-001754,c-0532,2208.88,completed,BR,2026-05-29T09:04:00Z,2026-05-30
o-001755,c-0675,1721.36,pending,BR,2026-07-10T08:44:00Z,2026-07-10
o-001756,c-1895,348.72,completed,BR,2026-06-08T10:55:00Z,2026-06-08
o-001757,c-1543,1462.41,pending,BR,2026-07-14T20:28:00Z,2026-07-14
o-001758,c-1069,1321.33,completed,BR,2026-08-15T15:17:00Z,2026-08-16
o-001759,c-1583,1828.51,completed,BR,2026-06-25T09:45:00Z,2026-06-25
o-001760,c-0723,1398.50,pending,BR,2026-08-15T20:47:00Z,2026-08-15
o-001761,c-1424,199.65,cancelled,BR,2026-05-30T06:00:00Z,2026-05-30
o-001762,c-0959,2047.19,completed,BR,2026-06-05T10:13:00Z,2026-06-06
o-001763,c-1558,2361.23,completed,BR,2026-08-14T04:54:00Z,2026-08-14
o-001764,c-1873,329.50,cancelled,BR,2026-07-11T14:55:00Z,2026-07-11
o-001765,c-1598,1003.51,completed,BR,2026-07-16T05:43:00Z,2026-07-17
o-001766,c-1949,2175.23,completed,BR,2026-06-10T14:56:00Z,2026-06-10
o-001767,c-1526,279.95,completed,BR,2026-07-20T05:17:00Z,2026-07-20
o-001768,c-0976,1656.40,completed,BR,2026-06-25T03:59:00Z,2026-06-25
o-001769,c-0726,1081.53,completed,BR,2026-07-26T13:32:00Z,2026-07-27
o-001770,c-0109,1106.14,completed,BR,2026-05-29T20:24:00Z,2026-05-30
o-001771,c-0398,738.54,completed,BR,2026-08-07T08:33:00Z,2026-08-08
o-001772,c-1063,1086.75,completed,BR,2026-08-13T07:07:00Z,2026-08-13
o-001773,c-0236,137.58,completed,BR,2026-06-26T07:04:00Z,2026-06-26
o-001774,c-0565,570.03,completed,BR,2026-07-13T12:25:00Z,2026-07-13
o-001775,c-0451,1836.14,pending,BR,2026-06-26T15:13:00Z,2026-06-26
o-001776,c-1610,512.92,completed,BR,2026-08-07T09:46:00Z,2026-08-07
o-001777,c-0194,466.77,cancelled,BR,2026-08-10T15:47:00Z,2026-08-11
o-001778,c-1747,2267.14,completed,BR,2026-07-02T21:04:00Z,2026-07-02
o-001779,c-0384,833.73,completed,BR,2026-05-24T21:30:00Z,2026-05-25
o-001780,c-0685,56.96,cancelled,BR,2026-06-01T05:43:00Z,2026-06-01
o-001781,c-1217,883.60,completed,BR,2026-05-23T15:55:00Z,2026-05-23
o-001782,c-0968,277.92,pending,BR,2026-08-03T21:18:00Z,2026-08-03
o-001783,c-1076,1260.35,pending,BR,2026-06-04T03:19:00Z,2026-06-05
o-001784,c-0927,1229.20,completed,BR,2026-07-31T08:42:00Z,2026-08-01
o-001785,c-0520,913.90,completed,BR,2026-07-07T09:45:00Z,2026-07-08
o-001786,c-1826,1296.99,completed,BR,2026-08-07T15:07:00Z,2026-08-08
o-001787,c-1405,1300.68,completed,BR,2026-06-10T13:54:00Z,2026-06-10
o-001788,c-1351,2485.25,completed,BR,2026-05-26T07:36:00Z,2026-05-27
o-001789,c-0737,519.74,completed,BR,2026-07-10T20:06:00Z,2026-07-11
o-001790,c-1797,1569.09,completed,BR,2026-07-19T16:11:00Z,2026-07-20
o-001791,c-1865,1699.27,pending,BR,2026-07-12T18:26:00Z,2026-07-13
o-001792,c-0634,480.48,completed,BR,2026-08-20T10:53:00Z,2026-08-20
o-001793,c-0888,1989.36,completed,BR,2026-07-06T09:07:00Z,2026-07-06
o-001794,c-1022,2318.45,completed,BR,2026-08-18T04:33:00Z,2026-08-19
o-001795,c-1278,1397.56,completed,BR,2026-07-24T09:04:00Z,2026-07-25
o-001796,c-0032,1137.38,completed,BR,2026-08-06T03:03:00Z,2026-08-07
o-001797,c-0627,17.70,completed,BR,2026-05-23T01:16:00Z,2026-05-23
o-001798,c-0718,2197.41,pending,BR,2026-07-26T21:49:00Z,2026-07-26
o-001799,c-1954,219.58,completed,BR,2026-06-17T13:37:00Z,2026-06-17
o-001800,c-0596,551.05,completed,BR,2026-07-07T07:51:00Z,2026-07-08
o-001801,c-0866,1000.79,cancelled,BR,2026-06-25T09:38:00Z,2026-06-26
o-001802,c-0355,1411.95,completed,BR,2026-07-03T18:08:00Z,2026-07-03
o-001803,c-0513,343.55,completed,BR,2026-06-30T09:05:00Z,2026-07-01
o-001804,c-1161,2318.16,completed,BR,2026-06-15T12:50:00Z,2026-06-16
o-001805,c-0197,350.83,completed,BR,2026-07-02T16:59:00Z,2026-07-03
o-001806,c-0960,888.71,completed,BR,2026-07-14T14:01:00Z,2026-07-14
o-001807,c-1961,1918.09,completed,BR,2026-06-09T19:58:00Z,2026-06-10
o-001808,c-1612,610.40,completed,BR,2026-06-08T19:34:00Z,2026-06-09
o-001809,c-0110,1889.56,completed,BR,2026-07-13T21:00:00Z,2026-07-14
o-001810,c-1654,1908.67,completed,BR,2026-05-29T02:03:00Z,2026-05-30
o-001811,c-1700,2465.50,completed,BR,2026-08-07T03:52:00Z,2026-08-08
o-001812,c-1159,1206.26,completed,BR,2026-05-30T03:47:00Z,2026-05-30
o-001813,c-1437,516.64,completed,BR,2026-07-25T04:14:00Z,2026-07-25
o-001814,c-0617,1572.46,completed,BR,2026-05-23T15:39:00Z,2026-05-23
o-001815,c-0235,172.52,completed,BR,2026-06-07T16:06:00Z,2026-06-07
o-001816,c-0419,263.50,completed,BR,2026-07-26T14:25:00Z,2026-07-26
o-001817,c-1897,308.92,completed,BR,2026-06-15T07:53:00Z,2026-06-16
o-001818,c-1683,1533.84,completed,BR,2026-08-15T19:07:00Z,2026-08-16
o-001819,c-0300,1592.31,completed,BR,2026-08-15T07:10:00Z,2026-08-15
o-001820,c-0976,1203.76,completed,BR,2026-06-04T18:31:00Z,2026-06-05
o-001821,c-1368,691.58,completed,BR,2026-06-05T14:26:00Z,2026-06-06
o-001822,c-0304,74.79,completed,BR,2026-08-03T12:00:00Z,2026-08-04
o-001823,c-0070,1614.55,pending,BR,2026-08-10T14:02:00Z,2026-08-11
o-001824,c-1972,352.56,pending,BR,2026-07-20T08:00:00Z,2026-07-20
o-001825,c-0733,1254.09,pending,BR,2026-06-18T11:57:00Z,2026-06-19
o-001826,c-1051,161.60,completed,BR,2026-07-07T20:46:00Z,2026-07-08
o-001827,c-0942,1789.38,pending,BR,2026-06-27T21:19:00Z,2026-06-28
o-001828,c-0140,2290.82,completed,BR,2026-07-10T15:38:00Z,2026-07-10
o-001829,c-1180,1772.71,completed,BR,2026-08-15T16:16:00Z,2026-08-15
o-001830,c-1430,813.57,cancelled,BR,2026-07-06T18:39:00Z,2026-07-07
o-001831,c-0139,117.10,pending,BR,2026-06-12T07:06:00Z,2026-06-12
o-001832,c-1023,2335.91,completed,BR,2026-06-21T23:50:00Z,2026-06-21
o-001833,c-0216,2249.99,completed,BR,2026-07-11T13:59:00Z,2026-07-11
o-001834,c-0127,1531.70,completed,BR,2026-06-01T14:48:00Z,2026-06-02
o-001835,c-1243,1580.08,completed,BR,2026-06-14T10:06:00Z,2026-06-15
o-001836,c-0774,337.38,completed,BR,2026-08-02T06:12:00Z,2026-08-03
o-001837,c-1006,1096.60,completed,BR,2026-06-17T23:10:00Z,2026-06-18
o-001838,c-1667,1323.68,pending,BR,2026-06-03T18:01:00Z,2026-06-03
o-001839,c-0417,87.93,completed,BR,2026-05-23T11:49:00Z,2026-05-24
o-001840,c-1164,1368.72,completed,BR,2026-06-15T21:46:00Z,2026-06-16
o-001841,c-0390,2081.85,completed,BR,2026-07-22T16:22:00Z,2026-07-23
o-001842,c-1267,2249.89,pending,BR,2026-05-31T14:27:00Z,2026-06-01
o-001843,c-1790,181.81,completed,BR,2026-07-28T09:06:00Z,2026-07-28
o-001844,c-1022,580.28,completed,BR,2026-07-04T00:14:00Z,2026-07-05
o-001845,c-1889,2071.23,completed,BR,2026-07-07T02:55:00Z,2026-07-07
o-001846,c-1983,723.73,completed,BR,2026-06-22T16:59:00Z,2026-06-23
o-001847,c-0818,1548.52,completed,BR,2026-06-06T18:30:00Z,2026-06-07
o-001848,c-1338,79.80,completed,BR,2026-06-25T06:21:00Z,2026-06-25
o-001849,c-0286,514.56,pending,BR,2026-07-04T21:58:00Z,2026-07-04
o-001850,c-0483,1236.42,pending,BR,2026-08-03T19:44:00Z,2026-08-03
o-001851,c-0709,2452.73,cancelled,BR,2026-08-07T23:39:00Z,2026-08-07
o-001852,c-1818,1380.81,cancelled,BR,2026-06-26T23:02:00Z,2026-06-26
o-001853,c-0073,1244.01,completed,BR,2026-07-06T13:30:00Z,2026-07-07
o-001854,c-1601,2125.33,cancelled,BR,2026-05-25T01:01:00Z,2026-05-25
o-001855,c-1095,1522.31,completed,BR,2026-08-18T23:01:00Z,2026-08-19
o-001856,c-0107,970.88,completed,BR,2026-06-08T13:44:00Z,2026-06-09
o-001857,c-1126,348.74,completed,BR,2026-08-09T11:22:00Z,2026-08-09
o-001858,c-0703,1094.13,completed,BR,2026-06-21T02:37:00Z,2026-06-21
o-001859,c-0466,1035.60,pending,BR,2026-07-30T18:02:00Z,2026-07-30
o-001860,c-1789,1800.97,pending,BR,2026-06-01T01:08:00Z,2026-06-02
o-001861,c-0370,710.08,completed,BR,2026-08-08T20:56:00Z,2026-08-08
o-001862,c-0599,328.64,completed,BR,2026-08-15T03:42:00Z,2026-08-15
o-001863,c-0157,629.25,completed,BR,2026-07-25T22:47:00Z,2026-07-26
o-001864,c-1839,2288.18,completed,BR,2026-06-30T11:49:00Z,2026-07-01
o-001865,c-1780,1635.84,completed,BR,2026-06-26T10:44:00Z,2026-06-26
o-001866,c-0111,869.86,completed,BR,2026-08-10T15:17:00Z,2026-08-10
o-001867,c-0417,2280.56,pending,BR,2026-07-28T07:19:00Z,2026-07-28
o-001868,c-0252,934.11,pending,BR,2026-06-10T01:15:00Z,2026-06-11
o-001869,c-1332,1911.66,cancelled,BR,2026-05-25T15:53:00Z,2026-05-25
o-001870,c-0554,698.53,completed,BR,2026-06-02T01:17:00Z,2026-06-03
o-001871,c-1015,52.03,completed,BR,2026-07-18T01:14:00Z,2026-07-18
o-001872,c-0777,465.14,completed,BR,2026-05-29T21:19:00Z,2026-05-29
o-001873,c-1110,1908.68,cancelled,BR,2026-08-08T10:59:00Z,2026-08-09
o-001874,c-1660,1884.53,completed,BR,2026-05-26T10:46:00Z,2026-05-27
o-001875,c-1774,1071.74,pending,BR,2026-05-30T03:35:00Z,2026-05-31
o-001876,c-1951,1804.64,completed,BR,2026-07-30T14:27:00Z,2026-07-31
o-001877,c-0333,2400.96,completed,BR,2026-06-22T04:58:00Z,2026-06-22
o-001878,c-0575,1999.97,cancelled,BR,2026-06-02T07:49:00Z,2026-06-03
o-001879,c-0692,1429.85,completed,BR,2026-06-27T11:17:00Z,2026-06-28
o-001880,c-1603,1634.31,pending,BR,2026-05-24T03:19:00Z,2026-05-25
o-001881,c-1713,664.97,completed,BR,2026-07-21T00:28:00Z,2026-07-21
o-001882,c-0956,97.32,completed,BR,2026-08-12T17:13:00Z,2026-08-13
o-001883,c-0120,1451.03,completed,BR,2026-08-09T17:20:00Z,2026-08-09
o-001884,c-0903,453.61,pending,BR,2026-06-27T08:55:00Z,2026-06-28
o-001885,c-0261,572.41,completed,BR,2026-08-10T20:03:00Z,2026-08-10
o-001886,c-0235,1638.23,completed,BR,2026-07-26T14:37:00Z,2026-07-27
o-001887,c-0086,1385.75,completed,BR,2026-06-25T08:01:00Z,2026-06-26
o-001888,c-1107,1797.21,completed,BR,2026-07-06T03:04:00Z,2026-07-07
o-001889,c-0232,1280.03,completed,BR,2026-07-03T18:23:00Z,2026-07-04
o-001890,c-0147,1606.51,pending,BR,2026-06-10T00:20:00Z,2026-06-11
o-001891,c-0687,2437.87,pending,BR,2026-07-09T15:18:00Z,2026-07-09
o-001892,c-0329,923.91,completed,BR,2026-06-11T18:01:00Z,2026-06-11
o-001893,c-1248,532.64,completed,BR,2026-07-27T18:45:00Z,2026-07-28
o-001894,c-1925,541.10,pending,BR,2026-05-27T21:46:00Z,2026-05-27
o-001895,c-0781,1907.72,completed,BR,2026-06-01T07:36:00Z,2026-06-02
o-001896,c-1104,1833.95,pending,BR,2026-07-29T01:38:00Z,2026-07-30
o-001897,c-1351,1313.50,completed,BR,2026-06-26T06:53:00Z,2026-06-27
o-001898,c-1866,613.85,completed,BR,2026-07-08T07:29:00Z,2026-07-09
o-001899,c-1533,2431.13,completed,BR,2026-07-18T23:56:00Z,2026-07-19
o-001900,c-0742,203.83,completed,BR,2026-06-01T11:41:00Z,2026-06-02
o-001901,c-1240,579.72,pending,BR,2026-06-21T18:52:00Z,2026-06-21
o-001902,c-1896,1346.35,pending,BR,2026-07-14T21:37:00Z,2026-07-14
o-001903,c-1241,654.40,completed,BR,2026-07-02T03:05:00Z,2026-07-03
o-001904,c-0863,1265.04,completed,BR,2026-07-25T20:56:00Z,2026-07-25
o-001905,c-1843,453.89,completed,BR,2026-06-13T03:26:00Z,2026-06-14
o-001906,c-1568,1388.67,cancelled,BR,2026-06-04T04:55:00Z,2026-06-04
o-001907,c-1708,1081.39,completed,BR,2026-06-01T04:32:00Z,2026-06-02
o-001908,c-1852,1058.78,completed,BR,2026-08-20T17:15:00Z,2026-08-21
o-001909,c-0244,845.34,pending,BR,2026-07-05T18:38:00Z,2026-07-05
o-001910,c-1480,117.87,pending,BR,2026-07-07T14:58:00Z,2026-07-08
o-001911,c-1292,1127.14,pending,BR,2026-06-29T15:44:00Z,2026-06-29
o-001912,c-1503,462.71,pending,BR,2026-07-27T02:09:00Z,2026-07-27
o-001913,c-1216,1484.66,completed,BR,2026-07-20T12:20:00Z,2026-07-21
o-001914,c-0362,1274.12,completed,BR,2026-06-04T07:19:00Z,2026-06-05
o-001915,c-0699,125.48,completed,BR,2026-07-29T18:32:00Z,2026-07-30
o-001916,c-0585,810.39,completed,BR,2026-06-14T04:02:00Z,2026-06-14
o-001917,c-0882,1300.24,completed,BR,2026-08-09T10:06:00Z,2026-08-10
o-001918,c-0584,418.15,completed,BR,2026-07-24T14:14:00Z,2026-07-24
o-001919,c-0591,2348.32,completed,BR,2026-08-08T03:59:00Z,2026-08-08
o-001920,c-1365,700.18,completed,BR,2026-08-01T16:48:00Z,2026-08-01
o-001921,c-0057,1497.99,completed,BR,2026-07-31T17:51:00Z,2026-07-31
o-001922,c-0014,1223.47,pending,BR,2026-07-09T06:18:00Z,2026-07-10
o-001923,c-1500,1114.84,completed,BR,2026-07-20T09:58:00Z,2026-07-20
o-001924,c-1467,1767.27,pending,BR,2026-07-18T13:31:00Z,2026-07-19
o-001925,c-0178,2161.93,cancelled,BR,2026-08-16T03:22:00Z,2026-08-16
o-001926,c-1525,1984.33,pending,BR,2026-07-03T05:32:00Z,2026-07-04
o-001927,c-0566,1136.39,pending,BR,2026-08-17T02:45:00Z,2026-08-18
o-001928,c-1828,2312.20,completed,BR,2026-07-28T10:12:00Z,2026-07-28
o-001929,c-1944,1588.07,completed,BR,2026-06-09T18:24:00Z,2026-06-09
o-001930,c-1380,493.22,completed,BR,2026-07-24T05:46:00Z,2026-07-25
o-001931,c-0579,333.82,completed,BR,2026-06-03T16:54:00Z,2026-06-03
o-001932,c-0007,1088.63,completed,BR,2026-08-09T06:45:00Z,2026-08-09
o-001933,c-0080,1048.31,completed,BR,2026-07-10T20:37:00Z,2026-07-10
o-001934,c-1307,875.02,completed,BR,2026-06-15T09:53:00Z,2026-06-15
o-001935,c-1793,733.83,completed,BR,2026-08-11T12:38:00Z,2026-08-12
o-001936,c-1113,1204.99,completed,BR,2026-06-06T09:26:00Z,2026-06-07
o-001937,c-0667,622.25,completed,BR,2026-06-14T14:20:00Z,2026-06-14
o-001938,c-0712,1743.94,completed,BR,2026-07-23T15:38:00Z,2026-07-24
o-001939,c-1408,590.98,completed,BR,2026-07-26T06:56:00Z,2026-07-27
o-001940,c-0125,1407.83,completed,BR,2026-08-17T10:26:00Z,2026-08-18
o-001941,c-1657,1107.67,completed,BR,2026-05-29T08:31:00Z,2026-05-29
o-001942,c-0696,1592.48,completed,BR,2026-07-19T13:14:00Z,2026-07-19
o-001943,c-1098,519.47,completed,BR,2026-08-09T19:21:00Z,2026-08-09
o-001944,c-1239,1351.72,cancelled,BR,2026-05-25T12:05:00Z,2026-05-26
o-001945,c-1869,884.99,pending,BR,2026-05-31T20:03:00Z,2026-05-31
o-001946,c-0742,1341.00,cancelled,BR,2026-07-30T12:55:00Z,2026-07-30
o-001947,c-0595,2004.21,cancelled,BR,2026-07-04T13:13:00Z,2026-07-04
o-001948,c-1926,39.03,pending,BR,2026-07-29T03:32:00Z,2026-07-30
o-001949,c-1621,1214.83,completed,BR,2026-06-30T00:14:00Z,2026-06-30
o-001950,c-0070,684.78,completed,BR,2026-07-10T20:25:00Z,2026-07-10
o-001951,c-1676,1852.61,completed,BR,2026-06-02T02:04:00Z,2026-06-03
o-001952,c-0042,41.78,pending,BR,2026-08-08T04:06:00Z,2026-08-09
o-001953,c-0398,2079.52,pending,BR,2026-07-03T13:32:00Z,2026-07-03
o-001954,c-0619,688.75,completed,BR,2026-06-25T20:36:00Z,2026-06-26
o-001955,c-0772,731.64,completed,BR,2026-07-14T17:17:00Z,2026-07-15
o-001956,c-0583,2269.63,completed,BR,2026-06-23T12:01:00Z,2026-06-24
o-001957,c-1491,987.14,completed,BR,2026-07-31T22:06:00Z,2026-08-01
o-001958,c-0459,1446.81,completed,BR,2026-06-21T14:23:00Z,2026-06-22
o-001959,c-1154,276.83,completed,BR,2026-06-10T20:05:00Z,2026-06-10
o-001960,c-1149,427.29,pending,BR,2026-07-24T18:15:00Z,2026-07-24
o-001961,c-0290,1010.97,pending,BR,2026-07-28T23:53:00Z,2026-07-28
o-001962,c-0121,1919.68,completed,BR,2026-07-01T23:21:00Z,2026-07-01
o-001963,c-0075,807.00,completed,BR,2026-07-14T00:17:00Z,2026-07-14
o-001964,c-1547,1408.21,completed,BR,2026-07-25T10:41:00Z,2026-07-25
o-001965,c-0660,1156.12,completed,BR,2026-08-02T23:46:00Z,2026-08-02
o-001966,c-1887,267.08,completed,BR,2026-07-10T04:48:00Z,2026-07-10
o-001967,c-0332,1302.25,completed,BR,2026-06-17T14:55:00Z,2026-06-17
o-001968,c-0080,2214.33,completed,BR,2026-08-11T16:31:00Z,2026-08-11
o-001969,c-1534,2186.17,completed,BR,2026-05-24T09:07:00Z,2026-05-25
o-001970,c-0603,1801.26,pending,BR,2026-06-26T16:20:00Z,2026-06-27
o-001971,c-1155,1627.30,completed,BR,2026-07-28T21:13:00Z,2026-07-29
o-001972,c-1064,1513.27,completed,BR,2026-06-18T10:59:00Z,2026-06-18
o-001973,c-0337,1313.32,pending,BR,2026-05-24T10:26:00Z,2026-05-24
o-001974,c-0308,1178.88,cancelled,BR,2026-05-23T09:44:00Z,2026-05-23
o-001975,c-0409,1736.64,completed,BR,2026-07-04T03:03:00Z,2026-07-05
o-001976,c-1218,395.35,completed,BR,2026-08-02T07:22:00Z,2026-08-02
o-001977,c-1901,485.64,completed,BR,2026-07-16T18:46:00Z,2026-07-17
o-001978,c-0753,1563.13,completed,BR,2026-06-24T17:34:00Z,2026-06-24
o-001979,c-0159,1483.63,completed,BR,2026-06-19T08:11:00Z,2026-06-20
o-001980,c-1155,260.29,pending,BR,2026-08-06T20:49:00Z,2026-08-07
o-001981,c-0677,1441.26,pending,BR,2026-08-08T08:51:00Z,2026-08-09
o-001982,c-0429,424.41,pending,BR,2026-06-19T02:59:00Z,2026-06-19
o-001983,c-0294,416.22,pending,BR,2026-07-03T02:57:00Z,2026-07-03
o-001984,c-0281,1281.70,completed,BR,2026-08-16T15:20:00Z,2026-08-17
o-001985,c-1025,1901.22,completed,BR,2026-07-12T12:49:00Z,2026-07-13
o-001986,c-1447,1188.82,completed,BR,2026-07-28T10:33:00Z,2026-07-28
o-001987,c-1809,1515.43,completed,BR,2026-06-13T20:53:00Z,2026-06-14
o-001988,c-1457,361.50,completed,BR,2026-07-18T15:44:00Z,2026-07-19
o-001989,c-1404,305.00,pending,BR,2026-08-14T11:11:00Z,2026-08-14
o-001990,c-1774,917.39,completed,BR,2026-08-16T11:46:00Z,2026-08-17
o-001991,c-0438,1544.35,pending,BR,2026-06-16T12:23:00Z,2026-06-16
o-001992,c-1912,1870.33,completed,BR,2026-07-18T11:33:00Z,2026-07-18
o-001993,c-0012,1467.54,completed,BR,2026-07-09T08:32:00Z,2026-07-09
o-001994,c-1243,686.20,completed,BR,2026-08-13T15:25:00Z,2026-08-13
o-001995,c-1425,1762.14,completed,BR,2026-05-30T18:52:00Z,2026-05-30
o-001996,c-1768,1796.48,completed,BR,2026-08-08T20:29:00Z,2026-08-09
o-001997,c-0356,1186.25,pending,BR,2026-07-31T03:02:00Z,2026-08-01
o-001998,c-0060,1534.24,completed,BR,2026-06-14T04:05:00Z,2026-06-15
o-001999,c-1709,2115.28,completed,BR,2026-08-12T22:03:00Z,2026-08-13
o-002000,c-0200,2145.44,completed,BR,2026-06-16T20:39:00Z,2026-06-16
o-002001,c-0682,2094.00,pending,BR,2026-07-02T22:10:00Z,2026-07-03
o-002002,c-1058,40.36,completed,BR,2026-07-15T21:42:00Z,2026-07-15
o-002003,c-0134,486.39,pending,BR,2026-06-10T23:17:00Z,2026-06-10
o-002004,c-0354,1111.28,completed,BR,2026-06-17T22:32:00Z,2026-06-18
o-002005,c-0355,1590.07,pending,BR,2026-05-23T09:17:00Z,2026-05-24
o-002006,c-0242,856.92,completed,BR,2026-08-20T02:36:00Z,2026-08-21
o-002007,c-0181,295.07,completed,BR,2026-06-03T05:20:00Z,2026-06-03
o-002008,c-1571,427.49,completed,BR,2026-08-12T11:29:00Z,2026-08-12
o-002009,c-1797,1812.07,completed,BR,2026-08-18T20:57:00Z,2026-08-18
o-002010,c-1531,1890.80,completed,BR,2026-05-29T12:45:00Z,2026-05-30
o-002011,c-0365,701.01,completed,BR,2026-07-14T07:53:00Z,2026-07-14
o-002012,c-0559,2209.50,completed,BR,2026-06-29T08:44:00Z,2026-06-30
o-002013,c-0542,235.57,completed,BR,2026-07-08T11:49:00Z,2026-07-09
o-002014,c-1699,1579.41,pending,BR,2026-05-27T18:24:00Z,2026-05-27
o-002015,c-1102,1423.93,cancelled,BR,2026-07-17T11:41:00Z,2026-07-18
o-002016,c-0425,858.74,cancelled,BR,2026-08-01T23:50:00Z,2026-08-02
o-002017,c-0186,1285.61,completed,BR,2026-06-19T14:16:00Z,2026-06-19
o-002018,c-1889,292.67,completed,BR,2026-06-15T15:08:00Z,2026-06-16
o-002019,c-1202,810.86,completed,BR,2026-08-15T18:57:00Z,2026-08-15
o-002020,c-0661,1754.71,completed,BR,2026-05-24T05:26:00Z,2026-05-25
o-002021,c-0686,845.00,cancelled,BR,2026-06-15T11:19:00Z,2026-06-15
o-002022,c-0957,1369.21,pending,BR,2026-07-18T19:29:00Z,2026-07-19
o-002023,c-1497,1001.34,pending,BR,2026-06-24T23:23:00Z,2026-06-25
o-002024,c-0989,1698.00,completed,BR,2026-06-21T16:06:00Z,2026-06-22
o-002025,c-0873,1936.31,cancelled,BR,2026-07-13T18:01:00Z,2026-07-13
o-002026,c-1049,420.13,completed,BR,2026-08-07T22:33:00Z,2026-08-07
o-002027,c-1949,2431.21,pending,BR,2026-06-08T21:21:00Z,2026-06-08
o-002028,c-1988,230.54,pending,BR,2026-06-10T11:29:00Z,2026-06-11
o-002029,c-0339,1154.17,completed,BR,2026-06-17T05:19:00Z,2026-06-18
o-002030,c-0165,465.56,pending,BR,2026-07-17T02:46:00Z,2026-07-17
o-002031,c-0316,1713.36,pending,BR,2026-07-09T00:30:00Z,2026-07-09
o-002032,c-0706,254.28,completed,BR,2026-07-12T22:13:00Z,2026-07-13
o-002033,c-1369,943.85,completed,BR,2026-06-23T03:24:00Z,2026-06-23
o-002034,c-0652,1908.80,completed,BR,2026-07-03T09:52:00Z,2026-07-04
o-002035,c-1223,987.66,completed,BR,2026-07-24T21:47:00Z,2026-07-24
o-002036,c-0455,2214.54,completed,BR,2026-06-22T11:23:00Z,2026-06-23
o-002037,c-1027,2058.98,completed,BR,2026-07-12T02:41:00Z,2026-07-12
o-002038,c-0283,1252.37,completed,BR,2026-06-30T13:05:00Z,2026-07-01
o-002039,c-0787,1636.84,completed,BR,2026-06-28T09:24:00Z,2026-06-29
o-002040,c-0072,656.24,cancelled,BR,2026-06-14T05:25:00Z,2026-06-14
o-002041,c-0953,2016.54,completed,BR,2026-06-04T20:55:00Z,2026-06-05
o-002042,c-1646,2018.25,completed,BR,2026-06-08T18:32:00Z,2026-06-09
o-002043,c-1406,1139.46,completed,BR,2026-08-16T12:27:00Z,2026-08-16
o-002044,c-0621,1065.33,pending,BR,2026-06-06T19:51:00Z,2026-06-07
o-002045,c-1029,935.20,completed,BR,2026-07-04T17:23:00Z,2026-07-04
o-002046,c-1609,451.20,completed,BR,2026-07-11T21:05:00Z,2026-07-11
o-002047,c-0015,846.10,cancelled,BR,2026-08-06T08:12:00Z,2026-08-07
o-002048,c-0891,126.12,completed,BR,2026-06-07T15:29:00Z,2026-06-08
o-002049,c-0103,2223.47,completed,BR,2026-06-24T13:21:00Z,2026-06-25
o-002050,c-1571,2048.83,completed,BR,2026-06-14T09:22:00Z,2026-06-15
o-002051,c-0036,1119.69,completed,BR,2026-05-27T19:07:00Z,2026-05-28
o-002052,c-1499,96.35,pending,BR,2026-06-23T05:05:00Z,2026-06-23
o-002053,c-0259,1818.33,completed,BR,2026-07-17T08:22:00Z,2026-07-18
o-002054,c-1412,1545.02,cancelled,BR,2026-07-29T18:29:00Z,2026-07-29
o-002055,c-0157,819.84,completed,BR,2026-08-08T23:40:00Z,2026-08-08
o-002056,c-0783,1284.02,pending,BR,2026-07-05T20:47:00Z,2026-07-06
o-002057,c-0866,1004.85,completed,BR,2026-06-24T23:41:00Z,2026-06-24
o-002058,c-1714,2281.30,cancelled,BR,2026-06-16T18:16:00Z,2026-06-17
o-002059,c-1261,1287.53,pending,BR,2026-06-23T22:51:00Z,2026-06-23
o-002060,c-0767,1435.47,completed,BR,2026-07-17T08:47:00Z,2026-07-17
o-002061,c-0567,1256.40,completed,BR,2026-07-13T05:43:00Z,2026-07-14
o-002062,c-0559,17.60,completed,BR,2026-07-15T21:08:00Z,2026-07-16
o-002063,c-0547,1158.79,pending,BR,2026-08-12T10:06:00Z,2026-08-12
o-002064,c-0461,50.09,completed,BR,2026-05-31T19:18:00Z,2026-06-01
o-002065,c-1205,1054.81,completed,BR,2026-07-31T12:30:00Z,2026-07-31
o-002066,c-0703,854.79,completed,BR,2026-07-18T04:29:00Z,2026-07-19
o-002067,c-0432,1332.94,completed,BR,2026-07-11T08:25:00Z,2026-07-11
o-002068,c-1354,2131.47,cancelled,BR,2026-08-11T15:35:00Z,2026-08-12
o-002069,c-0171,522.84,cancelled,BR,2026-07-09T09:18:00Z,2026-07-10
o-002070,c-0925,1687.88,completed,BR,2026-08-10T18:10:00Z,2026-08-11
o-002071,c-1157,1081.67,cancelled,BR,2026-05-25T09:35:00Z,2026-05-26
o-002072,c-0481,941.33,completed,BR,2026-07-10T19:54:00Z,2026-07-10
o-002073,c-0199,992.40,completed,BR,2026-06-06T18:18:00Z,2026-06-06
o-002074,c-1772,402.00,pending,BR,2026-07-13T17:26:00Z,2026-07-14
o-002075,c-1539,548.29,cancelled,BR,2026-06-27T10:49:00Z,2026-06-28
o-002076,c-1291,268.57,pending,BR,2026-08-12T20:20:00Z,2026-08-13
o-002077,c-0462,2148.35,completed,BR,2026-07-21T09:52:00Z,2026-07-22
o-002078,c-0322,2310.16,completed,BR,2026-06-28T00:34:00Z,2026-06-29
o-002079,c-1563,1162.73,completed,BR,2026-06-04T12:37:00Z,2026-06-05
o-002080,c-1996,1048.58,completed,BR,2026-05-26T19:14:00Z,2026-05-26
o-002081,c-1249,1551.70,cancelled,BR,2026-08-07T18:46:00Z,2026-08-08
o-002082,c-1937,61.97,completed,BR,2026-06-13T18:40:00Z,2026-06-14
o-002083,c-1402,231.96,completed,BR,2026-08-07T20:24:00Z,2026-08-07
o-002084,c-1742,2283.45,completed,BR,2026-06-22T05:30:00Z,2026-06-22
o-002085,c-0661,335.96,completed,BR,2026-05-26T06:36:00Z,2026-05-27
o-002086,c-0941,616.39,completed,BR,2026-06-22T05:29:00Z,2026-06-22
o-002087,c-1646,1512.00,completed,BR,2026-06-12T07:29:00Z,2026-06-12
o-002088,c-0015,1872.78,completed,BR,2026-07-14T16:30:00Z,2026-07-15
o-002089,c-0145,1958.69,cancelled,BR,2026-07-30T03:45:00Z,2026-07-30
o-002090,c-0899,1204.61,pending,BR,2026-06-29T12:53:00Z,2026-06-29
o-002091,c-0745,1001.58,cancelled,BR,2026-08-11T20:28:00Z,2026-08-12
o-002092,c-1613,314.52,completed,BR,2026-06-25T18:48:00Z,2026-06-25
o-002093,c-1479,426.54,completed,BR,2026-07-05T04:58:00Z,2026-07-05
o-002094,c-1630,1209.06,completed,BR,2026-07-04T20:44:00Z,2026-07-04
o-002095,c-0939,2248.49,completed,BR,2026-06-23T08:21:00Z,2026-06-24
o-002096,c-1412,1114.46,pending,BR,2026-08-20T08:36:00Z,2026-08-21
o-002097,c-1218,94.18,completed,BR,2026-07-28T09:01:00Z,2026-07-28
o-002098,c-1803,930.27,completed,BR,2026-06-29T09:45:00Z,2026-06-29
o-002099,c-1163,1586.57,completed,BR,2026-07-18T21:18:00Z,2026-07-18
o-002100,c-1524,2013.97,completed,BR,2026-08-08T09:54:00Z,2026-08-09
o-002101,c-0527,1593.72,completed,BR,2026-06-19T18:19:00Z,2026-06-19
o-002102,c-1197,35.11,completed,BR,2026-07-27T23:55:00Z,2026-07-28
o-002103,c-0977,1548.06,completed,BR,2026-07-06T20:09:00Z,2026-07-07
o-002104,c-1072,939.03,pending,BR,2026-07-24T20:10:00Z,2026-07-25
o-002105,c-0360,1212.58,completed,BR,2026-08-16T02:21:00Z,2026-08-16
o-002106,c-0634,520.04,completed,BR,2026-08-08T23:50:00Z,2026-08-08
o-002107,c-1332,496.37,completed,BR,2026-08-03T20:58:00Z,2026-08-03
o-002108,c-1721,1866.91,pending,BR,2026-07-29T07:47:00Z,2026-07-29
o-002109,c-0745,1662.29,completed,BR,2026-06-04T10:32:00Z,2026-06-04
o-002110,c-0556,1385.44,completed,BR,2026-07-30T02:51:00Z,2026-07-30
o-002111,c-0915,1418.92,completed,BR,2026-06-24T23:11:00Z,2026-06-24
o-002112,c-0468,1725.65,completed,BR,2026-05-28T19:17:00Z,2026-05-29
o-002113,c-0188,1859.06,pending,BR,2026-05-31T04:33:00Z,2026-06-01
o-002114,c-0125,523.29,completed,BR,2026-08-05T15:29:00Z,2026-08-05
o-002115,c-1100,2204.69,completed,BR,2026-08-12T02:12:00Z,2026-08-13
o-002116,c-0239,1107.54,completed,BR,2026-06-04T17:37:00Z,2026-06-04
o-002117,c-1226,1220.64,completed,BR,2026-08-05T13:55:00Z,2026-08-05
o-002118,c-1475,2216.86,pending,BR,2026-06-16T18:51:00Z,2026-06-17
o-002119,c-0002,633.11,completed,BR,2026-06-26T15:40:00Z,2026-06-26
o-002120,c-0674,1270.70,completed,BR,2026-08-13T09:16:00Z,2026-08-13
o-002121,c-0699,691.84,completed,BR,2026-07-01T20:28:00Z,2026-07-01
o-002122,c-1550,2364.51,completed,BR,2026-07-02T16:30:00Z,2026-07-03
o-002123,c-0335,451.09,pending,BR,2026-08-17T09:06:00Z,2026-08-18
o-002124,c-0702,1596.52,completed,BR,2026-06-15T06:49:00Z,2026-06-15
o-002125,c-1563,583.35,completed,BR,2026-07-01T10:49:00Z,2026-07-02
o-002126,c-0211,1713.44,cancelled,BR,2026-06-18T18:43:00Z,2026-06-18
o-002127,c-0664,395.19,pending,BR,2026-06-13T05:39:00Z,2026-06-13
o-002128,c-0667,2391.98,cancelled,BR,2026-08-14T19:50:00Z,2026-08-15
o-002129,c-1597,1817.54,completed,BR,2026-06-25T15:59:00Z,2026-06-26
o-002130,c-0760,366.74,completed,BR,2026-07-07T23:20:00Z,2026-07-08
o-002131,c-0631,1066.12,completed,BR,2026-07-15T00:48:00Z,2026-07-16
o-002132,c-0114,2421.86,completed,BR,2026-06-09T14:49:00Z,2026-06-10
o-002133,c-0040,2047.24,completed,BR,2026-08-15T22:16:00Z,2026-08-16
o-002134,c-1706,936.82,completed,BR,2026-07-10T10:35:00Z,2026-07-10
o-002135,c-1634,541.37,completed,BR,2026-06-27T03:04:00Z,2026-06-27
o-002136,c-0329,817.08,completed,BR,2026-08-06T15:02:00Z,2026-08-07
o-002137,c-1409,2399.53,completed,BR,2026-06-23T08:38:00Z,2026-06-24
o-002138,c-0122,258.09,completed,BR,2026-06-27T17:23:00Z,2026-06-28
o-002139,c-1892,714.17,completed,BR,2026-06-01T10:49:00Z,2026-06-02
o-002140,c-1689,383.67,completed,BR,2026-06-30T18:12:00Z,2026-06-30
o-002141,c-0898,616.84,completed,BR,2026-08-15T08:35:00Z,2026-08-16
o-002142,c-1413,59.52,pending,BR,2026-05-31T22:45:00Z,2026-06-01
o-002143,c-1961,2134.32,cancelled,BR,2026-07-19T23:56:00Z,2026-07-19
o-002144,c-0378,806.56,completed,BR,2026-07-08T10:12:00Z,2026-07-09
o-002145,c-0523,1511.02,cancelled,BR,2026-06-09T03:41:00Z,2026-06-10
o-002146,c-0876,993.79,completed,BR,2026-05-29T16:03:00Z,2026-05-30
o-002147,c-0034,1416.46,cancelled,BR,2026-07-26T10:50:00Z,2026-07-27
o-002148,c-0579,1439.16,completed,BR,2026-06-01T18:05:00Z,2026-06-01
o-002149,c-1090,399.77,completed,BR,2026-06-03T18:59:00Z,2026-06-04
o-002150,c-1250,1627.18,completed,BR,2026-06-01T21:27:00Z,2026-06-02
o-002151,c-0954,1130.97,pending,BR,2026-06-11T20:21:00Z,2026-06-11
o-002152,c-0373,1621.36,completed,BR,2026-07-29T22:47:00Z,2026-07-30
o-002153,c-1822,58.60,completed,BR,2026-05-23T19:53:00Z,2026-05-24
o-002154,c-0039,26.30,completed,BR,2026-06-11T08:54:00Z,2026-06-11
o-002155,c-1197,1687.97,completed,BR,2026-07-20T20:42:00Z,2026-07-20
o-002156,c-1577,2054.70,cancelled,BR,2026-08-04T04:12:00Z,2026-08-04
o-002157,c-0423,774.66,completed,BR,2026-07-30T19:54:00Z,2026-07-30
o-002158,c-1597,322.67,completed,BR,2026-05-31T10:55:00Z,2026-06-01
o-002159,c-1902,579.11,completed,BR,2026-06-30T05:27:00Z,2026-07-01
o-002160,c-0478,2341.07,completed,BR,2026-07-07T00:08:00Z,2026-07-08
o-002161,c-0253,2086.22,completed,BR,2026-07-18T23:54:00Z,2026-07-18
o-002162,c-0780,127.79,completed,BR,2026-06-17T06:49:00Z,2026-06-18
o-002163,c-1209,2037.18,completed,BR,2026-06-14T16:58:00Z,2026-06-14
o-002164,c-0334,1892.73,completed,BR,2026-07-24T23:38:00Z,2026-07-25
o-002165,c-1536,2488.42,completed,BR,2026-06-18T02:51:00Z,2026-06-19
o-002166,c-0979,641.93,completed,BR,2026-07-20T00:00:00Z,2026-07-21
o-002167,c-1646,1052.93,cancelled,BR,2026-06-04T11:23:00Z,2026-06-05
o-002168,c-1714,167.94,cancelled,BR,2026-08-14T09:14:00Z,2026-08-14
o-002169,c-1333,1610.74,completed,BR,2026-07-22T00:17:00Z,2026-07-23
o-002170,c-0093,356.14,completed,BR,2026-08-03T00:08:00Z,2026-08-03
o-002171,c-0288,1739.20,pending,BR,2026-05-30T19:51:00Z,2026-05-30
o-002172,c-1775,1850.92,completed,BR,2026-08-10T13:52:00Z,2026-08-10
o-002173,c-0859,435.19,cancelled,BR,2026-06-11T23:51:00Z,2026-06-11
o-002174,c-0748,2198.30,completed,BR,2026-06-12T00:31:00Z,2026-06-12
o-002175,c-0627,1012.12,completed,BR,2026-06-25T19:20:00Z,2026-06-25
o-002176,c-1605,69.45,completed,BR,2026-07-22T01:47:00Z,2026-07-22
o-002177,c-1872,1022.10,completed,BR,2026-08-07T23:33:00Z,2026-08-07
o-002178,c-0324,254.79,completed,BR,2026-06-20T02:26:00Z,2026-06-20
o-002179,c-0231,2421.98,completed,BR,2026-07-15T17:28:00Z,2026-07-15
o-002180,c-1755,1510.16,completed,BR,2026-07-01T15:30:00Z,2026-07-02
o-002181,c-0263,810.58,completed,BR,2026-08-09T21:45:00Z,2026-08-09
o-002182,c-0979,1234.54,pending,BR,2026-08-04T06:08:00Z,2026-08-04
o-002183,c-1055,328.87,cancelled,BR,2026-06-20T21:05:00Z,2026-06-20
o-002184,c-1469,1012.58,pending,BR,2026-06-05T07:14:00Z,2026-06-06
o-002185,c-0379,1826.43,completed,BR,2026-07-21T21:37:00Z,2026-07-22
o-002186,c-1557,2249.33,completed,BR,2026-07-09T21:09:00Z,2026-07-09
o-002187,c-1532,2265.51,completed,BR,2026-05-29T06:11:00Z,2026-05-29
o-002188,c-0293,1588.40,pending,BR,2026-06-22T05:25:00Z,2026-06-23
o-002189,c-0024,1432.36,completed,BR,2026-07-06T06:40:00Z,2026-07-07
o-002190,c-0926,2481.78,completed,BR,2026-06-25T17:28:00Z,2026-06-25
o-002191,c-1526,701.87,pending,BR,2026-07-05T10:57:00Z,2026-07-05
o-002192,c-0523,855.75,pending,BR,2026-08-01T14:42:00Z,2026-08-01
o-002193,c-1369,2141.25,pending,BR,2026-06-25T02:50:00Z,2026-06-26
o-002194,c-0874,1607.52,cancelled,BR,2026-06-08T03:14:00Z,2026-06-09
o-002195,c-1700,282.29,completed,BR,2026-06-29T04:55:00Z,2026-06-30
o-002196,c-0629,1134.15,completed,BR,2026-06-02T16:11:00Z,2026-06-03
o-002197,c-1680,2353.42,cancelled,BR,2026-06-16T04:53:00Z,2026-06-16
o-002198,c-1590,46.71,pending,BR,2026-07-07T16:38:00Z,2026-07-07
o-002199,c-1153,2150.52,completed,BR,2026-07-30T11:34:00Z,2026-07-30
o-002200,c-1421,2368.17,completed,BR,2026-07-09T05:06:00Z,2026-07-09
o-002201,c-1301,1587.61,completed,BR,2026-06-11T17:39:00Z,2026-06-12
o-002202,c-1758,509.48,completed,BR,2026-07-13T09:24:00Z,2026-07-14
o-002203,c-1831,1193.98,completed,BR,2026-06-30T00:04:00Z,2026-07-01
o-002204,c-1451,1391.61,completed,BR,2026-08-09T19:04:00Z,2026-08-09
o-002205,c-1547,1028.89,completed,BR,2026-06-12T07:25:00Z,2026-06-12
o-002206,c-1324,1050.43,completed,BR,2026-06-23T11:04:00Z,2026-06-23
o-002207,c-1973,2372.88,completed,BR,2026-07-13T03:46:00Z,2026-07-13
o-002208,c-0422,1111.24,completed,BR,2026-07-03T00:40:00Z,2026-07-03
o-002209,c-1067,781.35,completed,BR,2026-08-11T19:30:00Z,2026-08-11
o-002210,c-1353,1098.49,pending,BR,2026-07-31T23:39:00Z,2026-08-01
o-002211,c-0315,180.65,cancelled,BR,2026-07-05T08:02:00Z,2026-07-06
o-002212,c-1717,2228.34,completed,BR,2026-07-21T13:37:00Z,2026-07-21
o-002213,c-1795,1775.85,pending,BR,2026-07-24T09:14:00Z,2026-07-24
o-002214,c-0182,2494.03,completed,BR,2026-08-07T11:15:00Z,2026-08-08
o-002215,c-1714,1755.49,completed,BR,2026-05-30T20:06:00Z,2026-05-31
o-002216,c-1726,1811.51,completed,BR,2026-06-24T20:32:00Z,2026-06-25
o-002217,c-0860,1669.11,completed,BR,2026-07-07T02:00:00Z,2026-07-07
o-002218,c-1461,2015.95,completed,BR,2026-07-25T07:37:00Z,2026-07-26
o-002219,c-1364,668.06,cancelled,BR,2026-07-24T17:38:00Z,2026-07-25
o-002220,c-1243,1299.82,cancelled,BR,2026-07-10T01:38:00Z,2026-07-10
o-002221,c-1210,2096.32,completed,BR,2026-06-04T18:06:00Z,2026-06-04
o-002222,c-1980,1911.26,completed,BR,2026-08-17T22:57:00Z,2026-08-18
o-002223,c-1670,987.39,pending,BR,2026-07-06T20:50:00Z,2026-07-07
o-002224,c-1746,1154.55,pending,BR,2026-05-27T12:52:00Z,2026-05-28
o-002225,c-1371,2270.66,completed,BR,2026-06-15T00:40:00Z,2026-06-16
o-002226,c-0203,734.23,completed,BR,2026-05-26T23:29:00Z,2026-05-27
o-002227,c-0735,2046.83,completed,BR,2026-06-23T08:28:00Z,2026-06-23
o-002228,c-0665,1148.22,cancelled,BR,2026-06-25T05:13:00Z,2026-06-26
o-002229,c-1517,1006.30,completed,BR,2026-06-14T15:54:00Z,2026-06-14
o-002230,c-0684,882.75,completed,BR,2026-06-21T10:53:00Z,2026-06-22
o-002231,c-0208,2285.86,completed,BR,2026-07-13T10:39:00Z,2026-07-14
o-002232,c-1310,469.55,completed,BR,2026-06-25T22:31:00Z,2026-06-26
o-002233,c-0691,2015.71,pending,BR,2026-06-12T05:20:00Z,2026-06-12
o-002234,c-0229,478.53,completed,BR,2026-07-26T22:41:00Z,2026-07-27
o-002235,c-1550,1402.00,completed,BR,2026-08-10T22:04:00Z,2026-08-10
o-002236,c-0192,230.90,completed,BR,2026-08-15T12:54:00Z,2026-08-16
o-002237,c-0299,1791.14,completed,BR,2026-07-12T04:58:00Z,2026-07-13
o-002238,c-0213,2113.30,pending,BR,2026-06-29T19:36:00Z,2026-06-29
o-002239,c-0664,2498.60,completed,BR,2026-05-28T07:35:00Z,2026-05-28
o-002240,c-1368,2481.73,completed,BR,2026-06-20T22:14:00Z,2026-06-20
o-002241,c-1793,568.45,completed,BR,2026-06-19T04:00:00Z,2026-06-20
o-002242,c-0500,2411.65,pending,BR,2026-07-23T14:26:00Z,2026-07-23
o-002243,c-0845,469.21,completed,BR,2026-07-13T20:36:00Z,2026-07-14
o-002244,c-1530,657.42,pending,BR,2026-07-08T08:27:00Z,2026-07-09
o-002245,c-0747,2250.63,cancelled,BR,2026-07-02T17:22:00Z,2026-07-02
o-002246,c-1963,1734.53,completed,BR,2026-08-20T07:50:00Z,2026-08-20
o-002247,c-0198,2452.62,pending,BR,2026-07-26T22:30:00Z,2026-07-27
o-002248,c-0215,2019.10,completed,BR,2026-07-06T22:44:00Z,2026-07-06
o-002249,c-0953,676.49,pending,BR,2026-07-20T19:28:00Z,2026-07-21
o-002250,c-1211,1093.28,cancelled,BR,2026-06-13T00:35:00Z,2026-06-14
o-002251,c-1145,1627.44,pending,BR,2026-07-23T22:09:00Z,2026-07-23
o-002252,c-1397,889.26,cancelled,BR,2026-06-27T18:16:00Z,2026-06-27
o-002253,c-1462,1496.36,completed,BR,2026-06-09T12:13:00Z,2026-06-10
o-002254,c-0635,1348.30,completed,BR,2026-07-04T07:36:00Z,2026-07-05
o-002255,c-0296,1916.92,cancelled,BR,2026-08-06T10:55:00Z,2026-08-06
o-002256,c-1989,1525.94,completed,BR,2026-07-07T18:07:00Z,2026-07-07
o-002257,c-1258,163.75,completed,BR,2026-06-12T23:12:00Z,2026-06-12
o-002258,c-1232,1935.47,cancelled,BR,2026-06-15T00:41:00Z,2026-06-16
o-002259,c-1493,303.15,completed,BR,2026-07-13T18:44:00Z,2026-07-14
o-002260,c-1649,1021.90,completed,BR,2026-06-09T10:11:00Z,2026-06-09
o-002261,c-0638,891.12,completed,BR,2026-06-24T15:05:00Z,2026-06-24
o-002262,c-0534,1006.56,completed,BR,2026-08-13T20:05:00Z,2026-08-14
o-002263,c-0926,1880.78,completed,BR,2026-05-25T19:03:00Z,2026-05-25
o-002264,c-1399,936.00,completed,BR,2026-07-29T00:00:00Z,2026-07-30
o-002265,c-0788,769.13,pending,BR,2026-08-03T18:23:00Z,2026-08-03
o-002266,c-1958,435.12,completed,BR,2026-07-25T05:34:00Z,2026-07-25
o-002267,c-1999,866.39,pending,BR,2026-06-11T19:23:00Z,2026-06-11
o-002268,c-1826,1104.54,pending,BR,2026-06-14T16:09:00Z,2026-06-15
o-002269,c-0063,1557.10,cancelled,BR,2026-06-07T09:59:00Z,2026-06-08
o-002270,c-0221,875.89,completed,BR,2026-07-28T05:57:00Z,2026-07-28
o-002271,c-1020,486.93,completed,BR,2026-08-09T10:29:00Z,2026-08-10
o-002272,c-1606,1122.60,completed,BR,2026-08-01T02:21:00Z,2026-08-01
o-002273,c-0749,357.75,cancelled,BR,2026-07-24T06:50:00Z,2026-07-25
o-002274,c-0086,899.01,cancelled,BR,2026-07-23T21:45:00Z,2026-07-23
o-002275,c-1737,1302.01,completed,BR,2026-07-03T16:36:00Z,2026-07-04
o-002276,c-1551,1368.22,completed,BR,2026-07-03T04:28:00Z,2026-07-03
o-002277,c-0600,2360.90,completed,BR,2026-07-17T12:05:00Z,2026-07-18
o-002278,c-0049,1230.64,completed,BR,2026-07-23T19:24:00Z,2026-07-24
o-002279,c-1020,2480.76,pending,BR,2026-08-18T22:03:00Z,2026-08-18
o-002280,c-0386,2367.22,completed,BR,2026-08-06T23:57:00Z,2026-08-06
o-002281,c-1313,787.57,completed,BR,2026-05-26T01:19:00Z,2026-05-27
o-002282,c-0386,882.66,completed,BR,2026-08-18T13:47:00Z,2026-08-18
o-002283,c-1042,930.21,completed,BR,2026-06-19T03:29:00Z,2026-06-19
o-002284,c-1828,557.81,completed,BR,2026-06-18T15:13:00Z,2026-06-18
o-002285,c-0093,2305.61,completed,BR,2026-08-19T03:59:00Z,2026-08-20
o-002286,c-0010,2261.47,completed,BR,2026-07-04T05:24:00Z,2026-07-04
o-002287,c-0762,2294.37,completed,BR,2026-06-11T04:38:00Z,2026-06-11
o-002288,c-1274,1672.99,pending,BR,2026-07-16T21:36:00Z,2026-07-17
o-002289,c-0420,2350.98,completed,BR,2026-06-26T13:44:00Z,2026-06-26
o-002290,c-0852,2059.77,completed,BR,2026-06-16T15:16:00Z,2026-06-16
o-002291,c-1284,1732.85,completed,BR,2026-07-19T04:42:00Z,2026-07-19
o-002292,c-0145,1595.80,completed,BR,2026-07-24T02:11:00Z,2026-07-25
o-002293,c-0343,2359.04,completed,BR,2026-08-18T22:59:00Z,2026-08-19
o-002294,c-0584,1342.97,completed,BR,2026-08-03T08:06:00Z,2026-08-03
o-002295,c-0809,2058.08,pending,BR,2026-06-03T17:54:00Z,2026-06-04
o-002296,c-0412,322.15,cancelled,BR,2026-07-22T15:06:00Z,2026-07-22
o-002297,c-0469,99.89,completed,BR,2026-06-02T22:51:00Z,2026-06-02
o-002298,c-0496,1092.69,completed,BR,2026-06-10T14:38:00Z,2026-06-10
o-002299,c-1358,2334.37,pending,BR,2026-06-16T06:46:00Z,2026-06-17
o-002300,c-0090,1424.16,cancelled,BR,2026-07-05T08:58:00Z,2026-07-05
o-002301,c-0718,1157.78,cancelled,BR,2026-05-30T12:24:00Z,2026-05-30
o-002302,c-1940,733.05,completed,BR,2026-06-15T20:12:00Z,2026-06-16
o-002303,c-1348,1804.35,completed,BR,2026-07-18T02:53:00Z,2026-07-18
o-002304,c-1233,1323.75,completed,BR,2026-06-10T17:20:00Z,2026-06-10
o-002305,c-0229,1713.48,completed,BR,2026-07-30T00:39:00Z,2026-07-30
o-002306,c-1483,2332.34,completed,BR,2026-06-10T03:43:00Z,2026-06-10
o-002307,c-0013,956.13,completed,BR,2026-07-11T18:07:00Z,2026-07-11
o-002308,c-1561,1572.58,completed,BR,2026-06-01T00:41:00Z,2026-06-02
o-002309,c-1920,1430.87,completed,BR,2026-08-18T19:24:00Z,2026-08-19
o-002310,c-1865,1871.43,completed,BR,2026-08-09T08:22:00Z,2026-08-10
o-002311,c-0982,2298.97,completed,BR,2026-07-30T11:14:00Z,2026-07-30
o-002312,c-0588,1594.55,completed,BR,2026-07-11T08:56:00Z,2026-07-11
o-002313,c-0754,1851.31,completed,BR,2026-06-30T04:02:00Z,2026-07-01
o-002314,c-0841,1778.16,completed,BR,2026-06-21T12:08:00Z,2026-06-22
o-002315,c-0427,2354.99,completed,BR,2026-07-15T14:46:00Z,2026-07-16
o-002316,c-0910,2381.17,completed,BR,2026-07-05T10:42:00Z,2026-07-06
o-002317,c-0273,1809.65,completed,BR,2026-06-19T22:12:00Z,2026-06-19
o-002318,c-1942,2184.65,completed,BR,2026-08-10T11:57:00Z,2026-08-11
o-002319,c-1123,2156.78,pending,BR,2026-07-09T20:19:00Z,2026-07-09
o-002320,c-0805,357.62,completed,BR,2026-08-14T14:19:00Z,2026-08-15
o-002321,c-0105,502.53,completed,BR,2026-06-12T21:24:00Z,2026-06-13
o-002322,c-0370,2358.28,completed,BR,2026-06-18T12:36:00Z,2026-06-18
o-002323,c-0560,2459.16,completed,BR,2026-06-11T20:25:00Z,2026-06-11
o-002324,c-0309,1031.17,completed,BR,2026-06-08T15:20:00Z,2026-06-08
o-002325,c-1385,247.18,completed,BR,2026-05-25T00:58:00Z,2026-05-25
o-002326,c-0679,2132.24,completed,BR,2026-07-07T06:47:00Z,2026-07-07
o-002327,c-1962,536.46,pending,BR,2026-07-08T19:58:00Z,2026-07-09
o-002328,c-1195,2261.77,completed,BR,2026-07-05T22:11:00Z,2026-07-06
o-002329,c-0622,258.24,completed,BR,2026-06-11T05:26:00Z,2026-06-11
o-002330,c-1091,2276.03,completed,BR,2026-08-02T17:40:00Z,2026-08-03
o-002331,c-1434,2458.34,completed,BR,2026-06-23T03:42:00Z,2026-06-23
o-002332,c-1863,1115.04,pending,BR,2026-06-09T12:30:00Z,2026-06-10
o-002333,c-0977,430.29,completed,BR,2026-08-19T11:59:00Z,2026-08-20
o-002334,c-1198,1431.92,completed,BR,2026-05-25T15:42:00Z,2026-05-26
o-002335,c-1814,852.74,completed,BR,2026-07-09T02:11:00Z,2026-07-09
o-002336,c-1279,753.76,completed,BR,2026-06-11T03:59:00Z,2026-06-11
o-002337,c-1970,1587.39,completed,BR,2026-06-02T11:38:00Z,2026-06-03
o-002338,c-0033,1556.55,completed,BR,2026-06-13T11:54:00Z,2026-06-14
o-002339,c-0394,1285.99,cancelled,BR,2026-05-26T15:20:00Z,2026-05-26
o-002340,c-0107,1625.27,completed,BR,2026-06-25T14:27:00Z,2026-06-26
o-002341,c-0083,685.73,cancelled,BR,2026-08-15T14:42:00Z,2026-08-15
o-002342,c-0682,1380.43,completed,BR,2026-08-10T00:47:00Z,2026-08-10
o-002343,c-0620,954.77,cancelled,BR,2026-07-10T12:02:00Z,2026-07-11
o-002344,c-1428,940.98,completed,BR,2026-07-27T13:26:00Z,2026-07-28
o-002345,c-0272,2357.55,completed,BR,2026-08-01T06:31:00Z,2026-08-02
o-002346,c-0547,212.85,completed,BR,2026-08-16T02:51:00Z,2026-08-17
o-002347,c-1765,1274.43,completed,BR,2026-06-08T03:15:00Z,2026-06-08
o-002348,c-0363,936.60,completed,BR,2026-06-22T02:55:00Z,2026-06-22
o-002349,c-0020,1809.15,pending,BR,2026-07-05T19:04:00Z,2026-07-05
o-002350,c-1194,1567.19,pending,BR,2026-07-20T20:55:00Z,2026-07-21
o-002351,c-1610,1664.02,completed,BR,2026-05-30T22:08:00Z,2026-05-30
o-002352,c-1881,1866.43,completed,BR,2026-06-03T22:05:00Z,2026-06-03
o-002353,c-0887,1980.02,completed,BR,2026-05-29T22:05:00Z,2026-05-30
o-002354,c-0657,1565.50,completed,BR,2026-06-17T22:31:00Z,2026-06-17
o-002355,c-0961,723.72,completed,BR,2026-05-30T14:11:00Z,2026-05-30
o-002356,c-0163,443.75,completed,BR,2026-06-10T17:36:00Z,2026-06-10
o-002357,c-1434,314.41,pending,BR,2026-06-16T05:54:00Z,2026-06-17
o-002358,c-1549,2479.99,completed,BR,2026-08-12T18:18:00Z,2026-08-13
o-002359,c-1038,1603.28,completed,BR,2026-06-24T11:47:00Z,2026-06-24
o-002360,c-1087,22.42,pending,BR,2026-08-18T08:18:00Z,2026-08-18
o-002361,c-0133,158.74,completed,BR,2026-05-30T19:48:00Z,2026-05-31
o-002362,c-0164,1686.72,pending,BR,2026-07-19T00:47:00Z,2026-07-19
o-002363,c-0653,1472.41,cancelled,BR,2026-07-08T22:43:00Z,2026-07-08
o-002364,c-1166,659.78,pending,BR,2026-07-19T11:47:00Z,2026-07-20
o-002365,c-0759,1251.74,pending,BR,2026-07-02T17:47:00Z,2026-07-02
o-002366,c-0468,1470.14,completed,BR,2026-07-07T13:29:00Z,2026-07-08
o-002367,c-0665,2309.00,pending,BR,2026-07-13T14:55:00Z,2026-07-14
o-002368,c-0927,385.95,pending,BR,2026-07-11T13:01:00Z,2026-07-11
o-002369,c-1615,795.23,cancelled,BR,2026-08-11T04:25:00Z,2026-08-12
o-002370,c-0029,1088.78,pending,BR,2026-06-14T04:37:00Z,2026-06-14
o-002371,c-0445,241.64,completed,BR,2026-06-11T08:21:00Z,2026-06-11
o-002372,c-0045,1245.82,completed,BR,2026-08-01T08:14:00Z,2026-08-01
o-002373,c-0997,1519.03,completed,BR,2026-07-17T05:31:00Z,2026-07-17
o-002374,c-0724,2403.79,completed,BR,2026-07-03T22:30:00Z,2026-07-04
o-002375,c-0290,591.71,cancelled,BR,2026-06-19T13:31:00Z,2026-06-19
o-002376,c-1960,773.48,completed,BR,2026-08-11T09:43:00Z,2026-08-12
o-002377,c-1253,309.01,completed,BR,2026-06-28T10:46:00Z,2026-06-29
o-002378,c-1653,1722.84,completed,BR,2026-08-03T15:04:00Z,2026-08-03
o-002379,c-0916,928.17,completed,BR,2026-07-03T22:14:00Z,2026-07-04
o-002380,c-1299,2289.77,cancelled,BR,2026-06-27T17:21:00Z,2026-06-28
o-002381,c-1431,489.97,completed,BR,2026-07-03T20:36:00Z,2026-07-03
o-002382,c-1451,1484.12,completed,BR,2026-06-23T15:36:00Z,2026-06-24
o-002383,c-1824,53.40,completed,BR,2026-06-04T12:48:00Z,2026-06-04
o-002384,c-1278,807.53,completed,BR,2026-07-21T19:57:00Z,2026-07-22
o-002385,c-0138,1126.46,pending,BR,2026-06-27T22:09:00Z,2026-06-28
o-002386,c-1737,1945.51,completed,BR,2026-06-20T20:00:00Z,2026-06-21
o-002387,c-0730,2062.97,completed,BR,2026-06-10T08:20:00Z,2026-06-11
o-002388,c-0644,1513.90,completed,BR,2026-08-13T06:59:00Z,2026-08-13
o-002389,c-0606,1834.88,pending,BR,2026-06-16T16:51:00Z,2026-06-17
o-002390,c-0509,1977.82,completed,BR,2026-05-24T09:16:00Z,2026-05-24
o-002391,c-0296,743.78,completed,BR,2026-08-13T13:05:00Z,2026-08-14
o-002392,c-0953,1940.61,cancelled,BR,2026-07-19T20:24:00Z,2026-07-19
o-002393,c-1217,1113.13,completed,BR,2026-06-27T14:17:00Z,2026-06-27
o-002394,c-1447,1518.32,completed,BR,2026-08-06T04:20:00Z,2026-08-06
o-002395,c-0254,135.80,completed,BR,2026-07-23T11:09:00Z,2026-07-24
o-002396,c-1704,1802.65,completed,BR,2026-08-11T13:41:00Z,2026-08-12
o-002397,c-0811,449.11,completed,BR,2026-05-27T20:18:00Z,2026-05-28
o-002398,c-1159,1892.45,completed,BR,2026-07-27T01:46:00Z,2026-07-27
o-002399,c-1018,164.38,completed,BR,2026-06-11T03:33:00Z,2026-06-11
o-002400,c-1926,1786.07,completed,BR,2026-07-08T11:21:00Z,2026-07-08
o-002401,c-0846,862.21,completed,BR,2026-07-13T17:03:00Z,2026-07-14
o-002402,c-1315,1975.37,completed,BR,2026-08-01T02:52:00Z,2026-08-01
o-002403,c-0919,401.86,pending,BR,2026-06-25T07:15:00Z,2026-06-25
o-002404,c-1321,1710.39,completed,BR,2026-08-13T22:14:00Z,2026-08-14
o-002405,c-0087,110.23,pending,BR,2026-06-11T04:32:00Z,2026-06-12
o-002406,c-0662,971.88,completed,BR,2026-07-12T00:32:00Z,2026-07-13
o-002407,c-1009,63.67,completed,BR,2026-07-15T17:04:00Z,2026-07-15
o-002408,c-0410,1476.22,completed,BR,2026-08-05T15:00:00Z,2026-08-06
o-002409,c-1438,206.17,pending,BR,2026-07-27T05:25:00Z,2026-07-27
o-002410,c-0312,1342.89,cancelled,BR,2026-08-10T09:17:00Z,2026-08-11
o-002411,c-1047,974.11,pending,BR,2026-08-08T08:21:00Z,2026-08-08
o-002412,c-0670,2245.33,completed,BR,2026-08-14T09:28:00Z,2026-08-14
o-002413,c-0913,1510.40,completed,BR,2026-07-27T12:13:00Z,2026-07-27
o-002414,c-0231,108.94,pending,BR,2026-06-18T06:48:00Z,2026-06-19
o-002415,c-1706,1725.93,completed,BR,2026-08-06T09:23:00Z,2026-08-07
o-002416,c-0112,1621.34,completed,BR,2026-06-24T06:32:00Z,2026-06-24
o-002417,c-0635,35.84,pending,BR,2026-07-04T06:31:00Z,2026-07-05
o-002418,c-1475,821.76,cancelled,BR,2026-08-08T05:58:00Z,2026-08-09
o-002419,c-0984,1404.27,completed,BR,2026-08-16T07:04:00Z,2026-08-16
o-002420,c-1812,5.68,completed,BR,2026-05-29T00:17:00Z,2026-05-29
o-002421,c-0622,1115.43,pending,BR,2026-06-12T03:03:00Z,2026-06-13
o-002422,c-0441,1616.20,cancelled,BR,2026-07-09T02:17:00Z,2026-07-10
o-002423,c-1339,60.87,pending,BR,2026-06-07T09:09:00Z,2026-06-08
o-002424,c-0936,2325.66,pending,BR,2026-06-18T03:58:00Z,2026-06-18
o-002425,c-1803,2327.95,completed,BR,2026-05-24T03:05:00Z,2026-05-24
o-002426,c-0933,2175.13,completed,BR,2026-08-02T08:17:00Z,2026-08-02
o-002427,c-1440,1410.26,completed,BR,2026-08-19T04:13:00Z,2026-08-19
o-002428,c-0815,1696.66,completed,BR,2026-07-25T13:53:00Z,2026-07-26
o-002429,c-0845,441.68,completed,BR,2026-05-28T21:04:00Z,2026-05-29
o-002430,c-1454,707.51,completed,BR,2026-06-26T00:42:00Z,2026-06-27
o-002431,c-1973,2180.62,completed,BR,2026-07-19T00:41:00Z,2026-07-19
o-002432,c-1789,1410.21,pending,BR,2026-08-02T22:31:00Z,2026-08-02
o-002433,c-1466,2121.90,completed,BR,2026-07-08T02:38:00Z,2026-07-09
o-002434,c-0935,2052.68,completed,BR,2026-07-09T21:57:00Z,2026-07-10
o-002435,c-1488,1379.81,completed,BR,2026-08-12T11:26:00Z,2026-08-12
o-002436,c-1189,1007.44,completed,BR,2026-07-06T09:09:00Z,2026-07-07
o-002437,c-1384,1357.96,completed,BR,2026-07-17T02:38:00Z,2026-07-18
o-002438,c-1813,348.42,cancelled,BR,2026-08-13T14:28:00Z,2026-08-13
o-002439,c-1823,111.68,completed,BR,2026-08-11T04:38:00Z,2026-08-12
o-002440,c-1107,1583.58,pending,BR,2026-08-04T04:52:00Z,2026-08-04
o-002441,c-1689,1734.57,completed,BR,2026-07-15T03:32:00Z,2026-07-15
o-002442,c-1065,264.02,completed,BR,2026-08-01T21:10:00Z,2026-08-01
o-002443,c-1401,1775.83,completed,BR,2026-06-06T10:46:00Z,2026-06-07
o-002444,c-1124,2342.64,completed,BR,2026-07-12T07:36:00Z,2026-07-13
o-002445,c-1536,1022.96,pending,BR,2026-06-05T07:40:00Z,2026-06-06
o-002446,c-0319,2086.70,pending,BR,2026-06-16T22:00:00Z,2026-06-16
o-002447,c-1015,365.17,completed,BR,2026-07-01T07:48:00Z,2026-07-02
o-002448,c-0621,2063.95,completed,BR,2026-06-04T06:01:00Z,2026-06-04
o-002449,c-0064,742.98,completed,BR,2026-08-18T02:04:00Z,2026-08-19
o-002450,c-0927,2377.78,completed,BR,2026-07-07T21:25:00Z,2026-07-07
o-002451,c-1430,1495.91,completed,BR,2026-07-09T06:19:00Z,2026-07-10
o-002452,c-1269,1476.28,completed,BR,2026-08-09T18:02:00Z,2026-08-10
o-002453,c-0065,1252.49,completed,BR,2026-06-24T22:30:00Z,2026-06-25
o-002454,c-1542,1349.85,completed,BR,2026-08-19T18:39:00Z,2026-08-20
o-002455,c-1944,2428.55,completed,BR,2026-05-26T12:02:00Z,2026-05-27
o-002456,c-1555,2265.16,completed,BR,2026-07-31T02:05:00Z,2026-07-31
o-002457,c-1484,2077.42,completed,BR,2026-06-04T14:24:00Z,2026-06-05
o-002458,c-0495,1511.00,completed,BR,2026-07-03T09:35:00Z,2026-07-04
o-002459,c-0444,1536.22,completed,BR,2026-08-18T04:37:00Z,2026-08-18
o-002460,c-1916,1268.20,completed,BR,2026-06-15T14:17:00Z,2026-06-16
o-002461,c-1642,2312.83,completed,BR,2026-05-29T08:37:00Z,2026-05-29
o-002462,c-1430,1294.26,completed,BR,2026-07-19T09:54:00Z,2026-07-19
o-002463,c-0082,729.27,completed,BR,2026-06-06T21:09:00Z,2026-06-06
o-002464,c-0408,1207.95,completed,BR,2026-07-11T23:51:00Z,2026-07-11
o-002465,c-1583,944.92,completed,BR,2026-06-20T10:55:00Z,2026-06-21
o-002466,c-0469,1786.00,pending,BR,2026-06-06T03:10:00Z,2026-06-06
o-002467,c-0271,1852.19,cancelled,BR,2026-08-03T00:28:00Z,2026-08-04
o-002468,c-0751,1986.87,completed,BR,2026-07-29T22:23:00Z,2026-07-29
o-002469,c-0858,1186.78,completed,BR,2026-08-02T22:27:00Z,2026-08-02
o-002470,c-0134,222.67,pending,BR,2026-08-16T11:30:00Z,2026-08-17
o-002471,c-1039,2298.59,cancelled,BR,2026-06-09T03:01:00Z,2026-06-09
o-002472,c-0177,1428.20,completed,BR,2026-07-19T21:34:00Z,2026-07-20
o-002473,c-1142,661.20,completed,BR,2026-08-15T05:37:00Z,2026-08-16
o-002474,c-0238,1401.37,completed,BR,2026-06-10T09:08:00Z,2026-06-11
o-002475,c-0023,932.79,completed,BR,2026-05-24T03:33:00Z,2026-05-25
o-002476,c-1200,1328.65,completed,BR,2026-06-09T10:58:00Z,2026-06-09
o-002477,c-1763,1203.57,completed,BR,2026-08-15T15:30:00Z,2026-08-16
o-002478,c-0439,252.12,completed,BR,2026-08-12T20:34:00Z,2026-08-12
o-002479,c-0300,1669.37,pending,BR,2026-06-10T02:30:00Z,2026-06-10
o-002480,c-1160,416.01,completed,BR,2026-07-14T20:23:00Z,2026-07-14
o-002481,c-1696,659.86,completed,BR,2026-07-17T01:55:00Z,2026-07-18
o-002482,c-1599,989.60,completed,BR,2026-07-09T12:28:00Z,2026-07-09
o-002483,c-1534,2269.23,completed,BR,2026-07-27T13:41:00Z,2026-07-27
o-002484,c-0495,1499.45,completed,BR,2026-06-01T13:38:00Z,2026-06-01
o-002485,c-0855,170.50,completed,BR,2026-06-10T20:02:00Z,2026-06-11
o-002486,c-0569,986.20,completed,BR,2026-07-05T09:53:00Z,2026-07-06
o-002487,c-1883,773.81,cancelled,BR,2026-07-27T15:24:00Z,2026-07-27
o-002488,c-0962,846.00,completed,BR,2026-07-05T17:33:00Z,2026-07-05
o-002489,c-0516,1574.66,cancelled,BR,2026-06-28T19:32:00Z,2026-06-28
o-002490,c-0642,2317.42,completed,BR,2026-06-22T18:12:00Z,2026-06-23
o-002491,c-1992,769.34,pending,BR,2026-07-28T21:26:00Z,2026-07-29
o-002492,c-0541,1496.41,completed,BR,2026-06-16T19:56:00Z,2026-06-16
o-002493,c-1643,1925.92,completed,BR,2026-08-18T21:23:00Z,2026-08-19
o-002494,c-0419,1996.09,completed,BR,2026-06-14T03:46:00Z,2026-06-15
o-002495,c-1308,621.33,completed,BR,2026-08-12T10:11:00Z,2026-08-13
o-002496,c-0768,617.86,completed,BR,2026-06-26T18:29:00Z,2026-06-27
o-002497,c-0300,640.54,completed,BR,2026-06-07T12:52:00Z,2026-06-08
o-002498,c-0007,171.03,pending,BR,2026-06-24T15:29:00Z,2026-06-25
o-002499,c-1047,1420.80,completed,BR,2026-05-29T13:40:00Z,2026-05-30
o-002500,c-1220,274.66,completed,BR,2026-07-02T03:08:00Z,2026-07-02
o-002501,c-0252,906.53,pending,BR,2026-05-29T01:54:00Z,2026-05-29
o-002502,c-0569,273.12,completed,BR,2026-06-08T03:59:00Z,2026-06-09
o-002503,c-0420,104.64,completed,BR,2026-05-30T00:07:00Z,2026-05-31
o-002504,c-1279,1800.33,completed,BR,2026-06-22T07:14:00Z,2026-06-23
o-002505,c-1901,1383.78,pending,BR,2026-06-11T00:35:00Z,2026-06-12
o-002506,c-1562,553.58,pending,BR,2026-07-11T06:34:00Z,2026-07-11
o-002507,c-1955,405.19,completed,BR,2026-08-09T08:51:00Z,2026-08-10
o-002508,c-0256,243.73,pending,BR,2026-06-20T07:29:00Z,2026-06-20
o-002509,c-1827,437.99,completed,BR,2026-06-05T00:15:00Z,2026-06-06
o-002510,c-0892,1451.20,completed,BR,2026-07-11T14:13:00Z,2026-07-11
o-002511,c-0206,2118.97,completed,BR,2026-07-18T14:09:00Z,2026-07-19
o-002512,c-1743,1539.56,completed,BR,2026-07-31T08:13:00Z,2026-08-01
o-002513,c-0895,1975.02,completed,BR,2026-07-03T00:31:00Z,2026-07-04
o-002514,c-1717,1108.26,completed,BR,2026-06-10T22:04:00Z,2026-06-11
o-002515,c-0345,1971.23,completed,BR,2026-07-02T11:25:00Z,2026-07-03
o-002516,c-0510,1788.76,pending,BR,2026-07-10T19:56:00Z,2026-07-11
o-002517,c-1968,65.57,cancelled,BR,2026-06-23T20:44:00Z,2026-06-23
o-002518,c-0927,1784.11,completed,BR,2026-08-04T11:23:00Z,2026-08-05
o-002519,c-0042,1229.94,pending,BR,2026-07-16T02:27:00Z,2026-07-17
o-002520,c-0714,575.25,completed,BR,2026-06-25T15:10:00Z,2026-06-25
o-002521,c-0449,2134.85,completed,BR,2026-08-07T16:51:00Z,2026-08-07
o-002522,c-1733,95.55,completed,BR,2026-05-29T07:05:00Z,2026-05-29
o-002523,c-0190,1540.55,completed,BR,2026-06-24T02:33:00Z,2026-06-25
o-002524,c-0928,376.83,completed,BR,2026-07-17T08:55:00Z,2026-07-17
o-002525,c-0470,1026.61,completed,BR,2026-05-31T07:55:00Z,2026-05-31
o-002526,c-1272,135.11,completed,BR,2026-06-14T09:35:00Z,2026-06-15
o-002527,c-1930,1061.04,completed,BR,2026-05-25T06:38:00Z,2026-05-25
o-002528,c-0138,1933.23,completed,BR,2026-06-14T17:07:00Z,2026-06-15
o-002529,c-1134,1903.35,pending,BR,2026-06-11T17:59:00Z,2026-06-11
o-002530,c-0504,1968.34,completed,BR,2026-06-13T08:32:00Z,2026-06-13
o-002531,c-1026,1263.75,completed,BR,2026-06-09T05:03:00Z,2026-06-10
o-002532,c-0320,2117.11,completed,BR,2026-08-08T11:36:00Z,2026-08-09
o-002533,c-0948,618.24,completed,BR,2026-06-06T22:15:00Z,2026-06-06
o-002534,c-1311,1517.00,completed,BR,2026-07-10T04:00:00Z,2026-07-11
o-002535,c-0944,1324.59,completed,BR,2026-07-12T17:34:00Z,2026-07-13
o-002536,c-1821,1315.00,cancelled,BR,2026-07-28T11:50:00Z,2026-07-29
o-002537,c-1540,632.32,cancelled,BR,2026-06-13T16:54:00Z,2026-06-14
o-002538,c-0259,2013.07,completed,BR,2026-08-07T11:53:00Z,2026-08-08
o-002539,c-0237,1512.97,completed,BR,2026-07-10T09:23:00Z,2026-07-10
o-002540,c-0645,1220.62,pending,BR,2026-06-19T13:49:00Z,2026-06-19
o-002541,c-0922,2163.67,pending,BR,2026-06-09T20:50:00Z,2026-06-10
o-002542,c-0812,615.01,completed,BR,2026-06-21T14:16:00Z,2026-06-22
o-002543,c-0818,1168.54,completed,BR,2026-06-18T14:08:00Z,2026-06-19
o-002544,c-1966,133.11,cancelled,BR,2026-08-12T03:18:00Z,2026-08-13
o-002545,c-0109,879.64,cancelled,BR,2026-08-14T13:04:00Z,2026-08-15
o-002546,c-0727,2053.63,completed,BR,2026-05-28T15:04:00Z,2026-05-29
o-002547,c-0679,487.73,cancelled,BR,2026-06-13T00:06:00Z,2026-06-13
o-002548,c-1525,1779.21,completed,BR,2026-05-26T16:13:00Z,2026-05-27
o-002549,c-0050,1123.65,completed,BR,2026-08-09T14:22:00Z,2026-08-10
o-002550,c-0584,923.08,pending,BR,2026-08-05T03:56:00Z,2026-08-06
o-002551,c-1554,1221.35,pending,BR,2026-05-27T21:49:00Z,2026-05-27
o-002552,c-1983,387.56,pending,BR,2026-07-04T21:45:00Z,2026-07-05
o-002553,c-1499,1807.75,completed,BR,2026-06-10T06:05:00Z,2026-06-11
o-002554,c-0565,989.03,completed,BR,2026-06-30T00:08:00Z,2026-06-30
o-002555,c-0857,1425.39,completed,BR,2026-06-11T13:35:00Z,2026-06-12
o-002556,c-1877,530.49,cancelled,BR,2026-06-12T01:16:00Z,2026-06-13
o-002557,c-1612,169.89,completed,BR,2026-06-13T21:31:00Z,2026-06-13
o-002558,c-0164,1675.20,pending,BR,2026-07-05T19:46:00Z,2026-07-06
o-002559,c-1743,1174.97,cancelled,BR,2026-08-04T17:35:00Z,2026-08-05
o-002560,c-1294,1664.03,completed,BR,2026-08-16T21:53:00Z,2026-08-17
o-002561,c-1652,1486.66,pending,BR,2026-06-20T00:27:00Z,2026-06-21
o-002562,c-0558,823.74,completed,BR,2026-07-25T23:25:00Z,2026-07-25
o-002563,c-1950,1481.27,pending,BR,2026-06-24T03:52:00Z,2026-06-24
o-002564,c-1137,562.94,pending,BR,2026-06-23T14:57:00Z,2026-06-23
o-002565,c-1897,251.00,completed,BR,2026-07-08T13:47:00Z,2026-07-09
o-002566,c-0859,1418.60,completed,BR,2026-06-23T05:39:00Z,2026-06-24
o-002567,c-1943,2321.38,completed,BR,2026-07-02T01:27:00Z,2026-07-03
o-002568,c-1670,1083.26,completed,BR,2026-05-26T10:23:00Z,2026-05-26
o-002569,c-0631,593.03,pending,BR,2026-07-24T12:37:00Z,2026-07-24
o-002570,c-0831,1078.11,completed,BR,2026-06-23T19:51:00Z,2026-06-23
o-002571,c-0689,402.18,completed,BR,2026-07-10T02:06:00Z,2026-07-10
o-002572,c-0169,1991.50,completed,BR,2026-07-31T13:31:00Z,2026-07-31
o-002573,c-1914,2425.30,pending,BR,2026-08-13T04:03:00Z,2026-08-13
o-002574,c-0966,448.04,completed,BR,2026-07-08T21:43:00Z,2026-07-09
o-002575,c-1365,1432.13,completed,BR,2026-07-01T10:06:00Z,2026-07-01
o-002576,c-1194,210.45,completed,BR,2026-05-23T06:50:00Z,2026-05-23
o-002577,c-1838,980.21,cancelled,BR,2026-06-05T08:37:00Z,2026-06-06
o-002578,c-1261,2092.94,completed,BR,2026-08-09T09:08:00Z,2026-08-09
o-002579,c-0947,1517.39,completed,BR,2026-08-13T22:32:00Z,2026-08-13
o-002580,c-1017,1518.18,completed,BR,2026-05-27T12:54:00Z,2026-05-28
o-002581,c-1362,411.20,completed,BR,2026-07-19T11:32:00Z,2026-07-20
o-002582,c-0602,1635.46,pending,BR,2026-07-15T07:50:00Z,2026-07-16
o-002583,c-1365,819.89,completed,BR,2026-06-11T22:09:00Z,2026-06-11
o-002584,c-0163,151.58,pending,BR,2026-06-10T03:28:00Z,2026-06-10
o-002585,c-0306,1808.31,completed,BR,2026-07-04T22:20:00Z,2026-07-04
o-002586,c-1472,1206.58,completed,BR,2026-08-13T21:42:00Z,2026-08-14
o-002587,c-1920,1774.23,pending,BR,2026-08-14T01:23:00Z,2026-08-14
o-002588,c-0801,482.76,completed,BR,2026-05-27T08:24:00Z,2026-05-27
o-002589,c-1665,1246.55,completed,BR,2026-07-12T22:55:00Z,2026-07-13
o-002590,c-0921,336.59,completed,BR,2026-07-16T21:20:00Z,2026-07-16
o-002591,c-0016,2173.59,completed,BR,2026-06-24T13:05:00Z,2026-06-25
o-002592,c-1794,2470.98,completed,BR,2026-06-09T07:32:00Z,2026-06-10
o-002593,c-1961,698.27,completed,BR,2026-06-15T13:02:00Z,2026-06-15
o-002594,c-1294,905.02,completed,BR,2026-08-09T11:21:00Z,2026-08-09
o-002595,c-0215,1209.58,pending,BR,2026-07-26T06:13:00Z,2026-07-26
o-002596,c-0681,1702.49,pending,BR,2026-07-26T08:33:00Z,2026-07-27
o-002597,c-1822,1324.19,completed,BR,2026-08-09T06:27:00Z,2026-08-09
o-002598,c-0932,2410.54,completed,BR,2026-06-29T17:48:00Z,2026-06-30
o-002599,c-0092,714.79,completed,BR,2026-08-06T20:50:00Z,2026-08-06
o-002600,c-0972,2074.73,completed,BR,2026-07-21T19:36:00Z,2026-07-21
o-002601,c-1891,791.37,completed,BR,2026-07-19T08:19:00Z,2026-07-19
o-002602,c-1673,577.53,cancelled,BR,2026-06-24T12:16:00Z,2026-06-24
o-002603,c-1087,576.91,completed,BR,2026-07-19T07:25:00Z,2026-07-19
o-002604,c-0881,124.17,completed,BR,2026-06-27T17:52:00Z,2026-06-28
o-002605,c-0034,1256.87,cancelled,BR,2026-08-12T09:49:00Z,2026-08-12
o-002606,c-1018,2472.23,completed,BR,2026-08-15T17:18:00Z,2026-08-15
o-002607,c-1752,590.91,cancelled,BR,2026-08-02T23:21:00Z,2026-08-02
o-002608,c-1117,1641.98,completed,BR,2026-07-16T02:21:00Z,2026-07-16
o-002609,c-1939,1202.26,completed,BR,2026-06-25T05:42:00Z,2026-06-26
o-002610,c-1376,646.45,completed,BR,2026-07-16T06:46:00Z,2026-07-16
o-002611,c-0741,248.52,cancelled,BR,2026-07-01T17:44:00Z,2026-07-01
o-002612,c-0157,2457.12,pending,BR,2026-05-23T07:04:00Z,2026-05-24
o-002613,c-1977,451.53,pending,BR,2026-07-05T03:32:00Z,2026-07-06
o-002614,c-1047,309.63,completed,BR,2026-06-27T02:22:00Z,2026-06-27
o-002615,c-0724,445.11,pending,BR,2026-07-31T08:46:00Z,2026-07-31
o-002616,c-1866,2285.13,pending,BR,2026-06-03T02:10:00Z,2026-06-03
o-002617,c-0701,405.05,pending,BR,2026-07-30T06:30:00Z,2026-07-31
o-002618,c-0062,853.75,completed,BR,2026-07-17T03:51:00Z,2026-07-18
o-002619,c-0435,422.97,completed,BR,2026-07-23T18:47:00Z,2026-07-23
o-002620,c-2000,2482.59,completed,BR,2026-08-15T15:35:00Z,2026-08-16
o-002621,c-0794,808.92,completed,BR,2026-05-28T01:28:00Z,2026-05-28
o-002622,c-0008,1429.49,completed,BR,2026-08-16T11:41:00Z,2026-08-17
o-002623,c-0852,1875.58,completed,BR,2026-07-02T14:05:00Z,2026-07-02
o-002624,c-1727,244.46,completed,BR,2026-06-06T18:08:00Z,2026-06-07
o-002625,c-1013,1386.19,completed,BR,2026-07-05T03:39:00Z,2026-07-05
o-002626,c-1611,2088.89,completed,BR,2026-07-01T17:52:00Z,2026-07-02
o-002627,c-0601,102.15,completed,BR,2026-06-30T21:08:00Z,2026-07-01
o-002628,c-1671,952.05,completed,BR,2026-07-05T13:04:00Z,2026-07-06
o-002629,c-0154,1248.23,pending,BR,2026-07-14T00:01:00Z,2026-07-15
o-002630,c-0672,466.02,completed,BR,2026-06-09T16:38:00Z,2026-06-09
o-002631,c-0743,287.87,cancelled,BR,2026-07-04T10:56:00Z,2026-07-04
o-002632,c-0375,1443.15,completed,BR,2026-06-02T07:03:00Z,2026-06-03
o-002633,c-0638,2104.46,completed,BR,2026-07-31T02:51:00Z,2026-08-01
o-002634,c-1857,1383.16,completed,BR,2026-07-13T01:19:00Z,2026-07-14
o-002635,c-0191,1646.45,completed,BR,2026-05-29T04:04:00Z,2026-05-29
o-002636,c-1944,2362.02,completed,BR,2026-07-23T01:30:00Z,2026-07-24
o-002637,c-0832,1357.20,completed,BR,2026-08-06T17:57:00Z,2026-08-06
o-002638,c-0168,838.49,completed,BR,2026-08-03T22:55:00Z,2026-08-03
o-002639,c-1292,2031.56,completed,BR,2026-06-08T05:47:00Z,2026-06-08
o-002640,c-0836,18.19,completed,BR,2026-06-26T18:50:00Z,2026-06-26
o-002641,c-1009,1371.17,completed,BR,2026-06-19T19:42:00Z,2026-06-20
o-002642,c-0395,2063.44,completed,BR,2026-06-09T12:37:00Z,2026-06-10
o-002643,c-1866,1447.94,completed,BR,2026-08-09T03:45:00Z,2026-08-10
o-002644,c-0523,1622.60,completed,BR,2026-06-06T12:37:00Z,2026-06-06
o-002645,c-1530,636.08,completed,BR,2026-06-15T20:37:00Z,2026-06-15
o-002646,c-1981,1679.20,completed,BR,2026-05-28T07:15:00Z,2026-05-28
o-002647,c-1498,185.14,completed,BR,2026-06-19T08:07:00Z,2026-06-19
o-002648,c-1335,529.46,completed,BR,2026-08-20T00:26:00Z,2026-08-20
o-002649,c-0700,519.80,completed,BR,2026-08-13T03:55:00Z,2026-08-14
o-002650,c-0666,2443.24,completed,BR,2026-07-28T21:17:00Z,2026-07-29
o-002651,c-1359,507.86,completed,BR,2026-06-18T12:22:00Z,2026-06-18
o-002652,c-1782,1666.31,cancelled,BR,2026-06-23T15:31:00Z,2026-06-24
o-002653,c-0896,127.09,completed,BR,2026-07-21T05:03:00Z,2026-07-21
o-002654,c-1533,1149.58,completed,BR,2026-07-14T03:56:00Z,2026-07-15
o-002655,c-0289,712.20,completed,BR,2026-05-24T15:50:00Z,2026-05-24
o-002656,c-1202,1138.80,completed,BR,2026-06-20T14:12:00Z,2026-06-21
o-002657,c-1720,1194.70,completed,BR,2026-06-12T15:14:00Z,2026-06-13
o-002658,c-1854,338.05,pending,BR,2026-08-13T15:24:00Z,2026-08-13
o-002659,c-1943,1381.61,completed,BR,2026-06-10T03:17:00Z,2026-06-11
o-002660,c-1070,640.75,completed,BR,2026-08-15T16:51:00Z,2026-08-16
o-002661,c-1529,1012.27,completed,BR,2026-06-05T07:57:00Z,2026-06-06
o-002662,c-0517,2025.23,pending,BR,2026-08-16T17:54:00Z,2026-08-16
o-002663,c-1286,1245.11,completed,BR,2026-06-11T00:20:00Z,2026-06-12
o-002664,c-1164,856.53,completed,BR,2026-06-15T03:46:00Z,2026-06-16
o-002665,c-1477,1911.58,completed,BR,2026-06-26T18:12:00Z,2026-06-27
o-002666,c-1372,2105.57,completed,BR,2026-08-03T11:06:00Z,2026-08-04
o-002667,c-0967,1563.42,pending,BR,2026-07-03T01:54:00Z,2026-07-04
o-002668,c-0731,1181.10,completed,BR,2026-07-04T15:14:00Z,2026-07-05
o-002669,c-1961,1408.28,completed,BR,2026-06-05T18:57:00Z,2026-06-05
o-002670,c-0474,1029.78,completed,BR,2026-07-21T13:34:00Z,2026-07-21
o-002671,c-0211,1704.00,cancelled,BR,2026-07-18T22:08:00Z,2026-07-18
o-002672,c-1512,540.26,completed,BR,2026-05-27T08:00:00Z,2026-05-28
o-002673,c-0247,2478.33,completed,BR,2026-07-19T06:05:00Z,2026-07-20
o-002674,c-1892,595.59,completed,BR,2026-06-24T19:34:00Z,2026-06-24
o-002675,c-0091,1192.65,completed,BR,2026-06-13T21:48:00Z,2026-06-13
o-002676,c-1897,2105.91,pending,BR,2026-06-19T13:56:00Z,2026-06-20
o-002677,c-0205,226.33,completed,BR,2026-08-04T08:00:00Z,2026-08-05
o-002678,c-1427,875.65,completed,BR,2026-07-19T17:44:00Z,2026-07-19
o-002679,c-0056,1848.56,cancelled,BR,2026-08-04T00:42:00Z,2026-08-05
o-002680,c-0395,434.31,completed,BR,2026-05-28T23:11:00Z,2026-05-28
o-002681,c-1695,526.63,completed,BR,2026-07-20T01:42:00Z,2026-07-21
o-002682,c-0463,1548.52,completed,BR,2026-06-18T11:40:00Z,2026-06-19
o-002683,c-1710,1718.47,completed,BR,2026-05-31T05:30:00Z,2026-06-01
o-002684,c-0016,432.58,completed,BR,2026-06-14T21:53:00Z,2026-06-15
o-002685,c-0223,216.64,completed,BR,2026-06-01T04:26:00Z,2026-06-01
o-002686,c-0891,577.00,pending,BR,2026-06-26T22:33:00Z,2026-06-27
o-002687,c-1816,1135.37,pending,BR,2026-08-07T17:42:00Z,2026-08-07
o-002688,c-1954,1125.40,completed,BR,2026-07-18T08:20:00Z,2026-07-19
o-002689,c-1242,539.30,pending,BR,2026-05-25T06:25:00Z,2026-05-26
o-002690,c-0770,1932.53,completed,BR,2026-06-03T18:07:00Z,2026-06-03
o-002691,c-1845,139.21,pending,BR,2026-07-30T03:35:00Z,2026-07-31
o-002692,c-0809,2273.79,completed,BR,2026-06-09T01:33:00Z,2026-06-09
o-002693,c-1104,2190.12,pending,BR,2026-06-22T01:32:00Z,2026-06-22
o-002694,c-0495,1349.81,completed,BR,2026-07-29T17:05:00Z,2026-07-30
o-002695,c-0535,833.53,completed,BR,2026-06-14T01:27:00Z,2026-06-15
o-002696,c-1742,2095.56,completed,BR,2026-06-20T22:40:00Z,2026-06-20
o-002697,c-1061,373.82,completed,BR,2026-07-16T23:40:00Z,2026-07-16
o-002698,c-1511,1901.55,completed,BR,2026-08-18T08:54:00Z,2026-08-19
o-002699,c-0062,87.60,completed,BR,2026-05-26T21:44:00Z,2026-05-26
o-002700,c-1768,2024.95,completed,BR,2026-07-03T05:48:00Z,2026-07-03
o-002701,c-0170,1721.45,completed,BR,2026-06-04T14:50:00Z,2026-06-05
o-002702,c-0118,1969.73,pending,BR,2026-08-08T00:46:00Z,2026-08-08
o-002703,c-0724,785.55,completed,BR,2026-07-26T20:18:00Z,2026-07-27
o-002704,c-0535,402.39,completed,BR,2026-06-10T19:42:00Z,2026-06-11
o-002705,c-0589,1230.39,cancelled,BR,2026-06-01T04:11:00Z,2026-06-02
o-002706,c-1027,1556.03,completed,BR,2026-07-10T15:02:00Z,2026-07-11
o-002707,c-0958,70.50,completed,BR,2026-05-23T21:16:00Z,2026-05-23
o-002708,c-0774,866.65,completed,BR,2026-07-08T23:33:00Z,2026-07-09
o-002709,c-1086,379.15,completed,BR,2026-06-07T07:26:00Z,2026-06-07
o-002710,c-1634,677.18,completed,BR,2026-07-03T11:42:00Z,2026-07-03
o-002711,c-0750,778.77,completed,BR,2026-08-04T12:46:00Z,2026-08-04
o-002712,c-1132,1787.15,completed,BR,2026-05-29T13:13:00Z,2026-05-29
o-002713,c-0841,1507.25,completed,BR,2026-07-20T19:22:00Z,2026-07-20
o-002714,c-1582,1562.87,completed,BR,2026-07-29T05:08:00Z,2026-07-29
o-002715,c-0125,673.19,completed,BR,2026-06-07T12:16:00Z,2026-06-07
o-002716,c-1824,1391.70,completed,BR,2026-05-23T08:40:00Z,2026-05-24
o-002717,c-1971,2143.08,completed,BR,2026-07-22T15:56:00Z,2026-07-22
o-002718,c-1057,488.67,completed,BR,2026-06-16T16:41:00Z,2026-06-16
o-002719,c-0819,673.16,completed,BR,2026-05-31T04:44:00Z,2026-06-01
o-002720,c-1268,1696.37,pending,BR,2026-07-28T18:41:00Z,2026-07-29
o-002721,c-0835,747.48,completed,BR,2026-07-15T22:08:00Z,2026-07-16
o-002722,c-1480,1814.45,completed,BR,2026-06-19T03:19:00Z,2026-06-20
o-002723,c-0169,1157.60,completed,BR,2026-07-11T09:40:00Z,2026-07-12
o-002724,c-0321,889.92,pending,BR,2026-06-29T01:11:00Z,2026-06-30
o-002725,c-1616,576.55,completed,BR,2026-07-05T17:43:00Z,2026-07-05
o-002726,c-0602,483.22,pending,BR,2026-05-25T21:05:00Z,2026-05-26
o-002727,c-0773,772.79,pending,BR,2026-06-29T16:36:00Z,2026-06-29
o-002728,c-1582,568.54,completed,BR,2026-06-22T17:44:00Z,2026-06-22
o-002729,c-1701,2455.84,completed,BR,2026-06-09T14:39:00Z,2026-06-09
o-002730,c-1380,1722.20,completed,BR,2026-08-18T20:03:00Z,2026-08-19
o-002731,c-0490,515.58,completed,BR,2026-07-07T06:53:00Z,2026-07-08
o-002732,c-1203,791.11,completed,BR,2026-07-12T23:14:00Z,2026-07-12
o-002733,c-1651,259.93,completed,BR,2026-08-07T14:33:00Z,2026-08-08
o-002734,c-1478,2197.10,completed,BR,2026-05-29T19:12:00Z,2026-05-29
o-002735,c-1216,233.09,completed,BR,2026-07-25T06:08:00Z,2026-07-26
o-002736,c-1319,810.94,completed,BR,2026-07-14T01:46:00Z,2026-07-14
o-002737,c-1959,214.24,pending,BR,2026-07-26T15:48:00Z,2026-07-27
o-002738,c-0798,242.79,cancelled,BR,2026-07-14T17:46:00Z,2026-07-14
o-002739,c-0022,2279.22,completed,BR,2026-05-26T00:37:00Z,2026-05-26
o-002740,c-0686,1947.69,completed,BR,2026-06-08T19:33:00Z,2026-06-08
o-002741,c-0501,1722.55,completed,BR,2026-08-12T22:31:00Z,2026-08-13
o-002742,c-1494,712.70,cancelled,BR,2026-06-07T23:58:00Z,2026-06-08
o-002743,c-1878,12.67,completed,BR,2026-06-19T12:23:00Z,2026-06-20
o-002744,c-0275,2215.28,completed,BR,2026-08-08T02:51:00Z,2026-08-08
o-002745,c-1784,1317.27,pending,BR,2026-06-28T03:34:00Z,2026-06-29
o-002746,c-0463,582.22,completed,BR,2026-07-05T00:37:00Z,2026-07-05
o-002747,c-1550,2492.35,completed,BR,2026-06-12T06:38:00Z,2026-06-12
o-002748,c-0151,604.16,completed,BR,2026-07-05T13:04:00Z,2026-07-05
o-002749,c-0523,2334.78,completed,BR,2026-06-29T04:33:00Z,2026-06-30
o-002750,c-1927,1869.13,pending,BR,2026-08-11T00:49:00Z,2026-08-12
o-002751,c-0487,1233.48,completed,BR,2026-07-17T23:02:00Z,2026-07-17
o-002752,c-0239,1867.13,completed,BR,2026-05-25T01:12:00Z,2026-05-25
o-002753,c-1066,2212.92,completed,BR,2026-07-12T19:05:00Z,2026-07-12
o-002754,c-0792,389.21,completed,BR,2026-07-03T23:13:00Z,2026-07-03
o-002755,c-1952,442.89,completed,BR,2026-07-05T11:03:00Z,2026-07-06
o-002756,c-1043,1377.98,completed,BR,2026-06-05T15:40:00Z,2026-06-06
o-002757,c-0870,1908.81,completed,BR,2026-06-10T19:13:00Z,2026-06-11
o-002758,c-0595,1875.41,completed,BR,2026-06-22T09:57:00Z,2026-06-22
o-002759,c-1626,1321.89,completed,BR,2026-06-16T10:19:00Z,2026-06-16
o-002760,c-0977,2157.77,cancelled,BR,2026-07-29T04:26:00Z,2026-07-29
o-002761,c-0435,588.20,completed,BR,2026-06-07T01:06:00Z,2026-06-08
o-002762,c-0925,1729.31,completed,BR,2026-05-29T16:23:00Z,2026-05-29
o-002763,c-1646,726.93,completed,BR,2026-05-25T22:28:00Z,2026-05-26
o-002764,c-1194,2019.28,completed,BR,2026-08-07T22:36:00Z,2026-08-08
o-002765,c-1571,1563.09,pending,BR,2026-08-15T09:53:00Z,2026-08-16
o-002766,c-0184,2223.43,completed,BR,2026-07-30T11:37:00Z,2026-07-31
o-002767,c-1305,2380.08,completed,BR,2026-07-04T18:06:00Z,2026-07-05
o-002768,c-0044,1931.89,pending,BR,2026-08-03T19:50:00Z,2026-08-03
o-002769,c-1953,441.93,completed,BR,2026-06-15T07:18:00Z,2026-06-15
o-002770,c-1590,2422.93,completed,BR,2026-08-02T01:26:00Z,2026-08-02
o-002771,c-1143,1185.08,completed,BR,2026-06-07T14:48:00Z,2026-06-08
o-002772,c-1992,2229.56,completed,BR,2026-06-14T23:13:00Z,2026-06-15
o-002773,c-1151,2357.86,pending,BR,2026-07-28T19:14:00Z,2026-07-29
o-002774,c-1373,1658.05,cancelled,BR,2026-08-14T07:57:00Z,2026-08-14
o-002775,c-1347,2243.18,pending,BR,2026-06-28T00:57:00Z,2026-06-29
o-002776,c-1967,1021.64,completed,BR,2026-06-10T22:36:00Z,2026-06-11
o-002777,c-0700,79.70,pending,BR,2026-06-10T12:37:00Z,2026-06-11
o-002778,c-1116,1693.00,completed,BR,2026-06-26T02:50:00Z,2026-06-27
o-002779,c-1174,948.85,completed,BR,2026-06-01T06:00:00Z,2026-06-02
o-002780,c-1657,1067.75,completed,BR,2026-08-18T04:49:00Z,2026-08-18
o-002781,c-1654,1323.62,completed,BR,2026-06-07T08:53:00Z,2026-06-07
o-002782,c-1592,671.28,completed,BR,2026-06-22T18:50:00Z,2026-06-23
o-002783,c-1741,1275.03,completed,BR,2026-05-28T00:53:00Z,2026-05-28
o-002784,c-0980,1882.07,completed,BR,2026-08-16T16:27:00Z,2026-08-17
o-002785,c-1859,2213.66,completed,BR,2026-05-30T03:53:00Z,2026-05-31
o-002786,c-1032,509.14,completed,BR,2026-06-16T19:21:00Z,2026-06-16
o-002787,c-0099,2363.63,completed,BR,2026-05-30T19:41:00Z,2026-05-31
o-002788,c-0165,736.12,completed,BR,2026-07-03T01:29:00Z,2026-07-04
o-002789,c-1585,447.09,completed,BR,2026-06-17T18:28:00Z,2026-06-18
o-002790,c-1285,363.40,pending,BR,2026-06-20T20:17:00Z,2026-06-21
o-002791,c-0035,2239.82,completed,BR,2026-08-07T09:25:00Z,2026-08-07
o-002792,c-0120,1787.22,completed,BR,2026-06-09T23:25:00Z,2026-06-10
o-002793,c-1376,329.42,completed,BR,2026-05-25T17:51:00Z,2026-05-25
o-002794,c-1528,2181.76,pending,BR,2026-07-22T12:59:00Z,2026-07-22
o-002795,c-0330,1415.73,cancelled,BR,2026-05-31T08:01:00Z,2026-06-01
o-002796,c-1919,1312.33,completed,BR,2026-05-31T06:12:00Z,2026-05-31
o-002797,c-0930,584.12,cancelled,BR,2026-07-02T11:45:00Z,2026-07-02
o-002798,c-0415,865.13,cancelled,BR,2026-06-05T14:34:00Z,2026-06-05
o-002799,c-0951,31.55,pending,BR,2026-06-13T21:06:00Z,2026-06-13
o-002800,c-1235,412.64,completed,BR,2026-06-20T13:15:00Z,2026-06-21
o-002801,c-0272,1171.98,completed,BR,2026-07-06T12:07:00Z,2026-07-06
o-002802,c-0447,1121.49,pending,BR,2026-07-31T09:19:00Z,2026-08-01
o-002803,c-1214,127.71,cancelled,BR,2026-08-05T10:03:00Z,2026-08-05
o-002804,c-1770,991.99,completed,BR,2026-06-04T13:17:00Z,2026-06-05
o-002805,c-0109,595.09,completed,BR,2026-06-24T03:25:00Z,2026-06-25
o-002806,c-1095,275.17,completed,BR,2026-07-21T23:50:00Z,2026-07-22
o-002807,c-1367,1285.91,cancelled,BR,2026-06-01T00:53:00Z,2026-06-01
o-002808,c-1309,235.21,completed,BR,2026-08-06T17:52:00Z,2026-08-06
o-002809,c-0210,1572.52,completed,BR,2026-07-15T05:36:00Z,2026-07-16
o-002810,c-1505,2075.22,pending,BR,2026-08-18T19:28:00Z,2026-08-18
o-002811,c-1553,1067.92,pending,BR,2026-07-31T07:56:00Z,2026-07-31
o-002812,c-1737,1290.67,completed,BR,2026-07-02T13:01:00Z,2026-07-03
o-002813,c-0469,1433.20,completed,BR,2026-05-25T15:50:00Z,2026-05-26
o-002814,c-0825,1703.46,cancelled,BR,2026-07-20T15:44:00Z,2026-07-20
o-002815,c-0825,2152.96,completed,BR,2026-07-13T16:49:00Z,2026-07-13
o-002816,c-1762,1982.05,completed,BR,2026-05-23T12:34:00Z,2026-05-23
o-002817,c-0173,1648.98,completed,BR,2026-06-20T20:22:00Z,2026-06-21
o-002818,c-1381,402.25,cancelled,BR,2026-08-17T21:23:00Z,2026-08-17
o-002819,c-1592,840.95,cancelled,BR,2026-06-05T21:16:00Z,2026-06-06
o-002820,c-1167,380.10,completed,BR,2026-08-14T05:04:00Z,2026-08-14
o-002821,c-0671,1421.83,cancelled,BR,2026-08-07T01:35:00Z,2026-08-08
o-002822,c-0482,1077.75,completed,BR,2026-06-28T17:55:00Z,2026-06-28
o-002823,c-1952,400.05,pending,BR,2026-05-27T10:51:00Z,2026-05-27
o-002824,c-1949,1514.89,pending,BR,2026-08-15T17:27:00Z,2026-08-16
o-002825,c-1040,2422.82,completed,BR,2026-06-30T19:21:00Z,2026-06-30
o-002826,c-1326,214.62,completed,BR,2026-08-11T17:32:00Z,2026-08-12
o-002827,c-1972,2026.60,cancelled,BR,2026-08-19T20:28:00Z,2026-08-19
o-002828,c-0732,2309.51,completed,BR,2026-07-31T12:28:00Z,2026-08-01
o-002829,c-0979,493.99,pending,BR,2026-08-15T05:01:00Z,2026-08-16
o-002830,c-0563,954.22,completed,BR,2026-08-09T02:46:00Z,2026-08-10
o-002831,c-1014,1528.03,completed,BR,2026-07-31T04:54:00Z,2026-08-01
o-002832,c-1036,1245.58,pending,BR,2026-06-08T10:33:00Z,2026-06-08
o-002833,c-1012,2485.51,completed,BR,2026-08-13T17:20:00Z,2026-08-13
o-002834,c-0817,1610.66,completed,BR,2026-06-22T11:03:00Z,2026-06-23
o-002835,c-1809,79.59,pending,BR,2026-07-08T12:24:00Z,2026-07-09
o-002836,c-1405,1144.31,completed,BR,2026-08-17T03:10:00Z,2026-08-18
o-002837,c-1843,1356.72,pending,BR,2026-07-05T11:17:00Z,2026-07-06
o-002838,c-0374,2335.91,completed,BR,2026-08-06T12:12:00Z,2026-08-06
o-002839,c-0723,2067.04,completed,BR,2026-06-15T20:15:00Z,2026-06-15
o-002840,c-1400,1334.09,completed,BR,2026-06-26T12:53:00Z,2026-06-26
o-002841,c-1775,2351.81,completed,BR,2026-08-04T03:21:00Z,2026-08-05
o-002842,c-0337,655.52,completed,BR,2026-07-03T05:34:00Z,2026-07-04
o-002843,c-1480,2473.51,completed,BR,2026-07-05T12:10:00Z,2026-07-05
o-002844,c-0827,2365.43,completed,BR,2026-08-19T07:21:00Z,2026-08-20
o-002845,c-0210,562.77,cancelled,BR,2026-07-26T03:35:00Z,2026-07-27
o-002846,c-0757,917.68,cancelled,BR,2026-07-24T16:16:00Z,2026-07-25
o-002847,c-1945,2126.06,completed,BR,2026-08-09T10:48:00Z,2026-08-10
o-002848,c-1584,1701.86,pending,BR,2026-06-20T00:12:00Z,2026-06-21
o-002849,c-1287,1559.83,pending,BR,2026-07-27T18:04:00Z,2026-07-27
o-002850,c-1872,1205.64,completed,BR,2026-05-29T06:33:00Z,2026-05-30
o-002851,c-1192,593.86,pending,BR,2026-06-03T11:13:00Z,2026-06-04
o-002852,c-0630,225.08,completed,BR,2026-06-05T10:52:00Z,2026-06-06
o-002853,c-0415,272.52,pending,BR,2026-07-08T19:56:00Z,2026-07-08
o-002854,c-1675,1051.61,pending,BR,2026-07-29T03:15:00Z,2026-07-30
o-002855,c-0917,2129.64,completed,BR,2026-08-10T08:54:00Z,2026-08-10
o-002856,c-1428,2161.33,pending,BR,2026-06-28T02:02:00Z,2026-06-29
o-002857,c-0364,1144.30,completed,BR,2026-06-07T22:37:00Z,2026-06-08
o-002858,c-1150,155.06,pending,BR,2026-06-08T15:00:00Z,2026-06-09
o-002859,c-0740,328.79,pending,BR,2026-07-29T17:54:00Z,2026-07-30
o-002860,c-0824,411.16,completed,BR,2026-07-04T17:51:00Z,2026-07-05
o-002861,c-0853,150.63,completed,BR,2026-08-05T16:26:00Z,2026-08-06
o-002862,c-1104,1108.29,completed,BR,2026-06-13T04:31:00Z,2026-06-14
o-002863,c-1045,846.53,pending,BR,2026-08-16T08:34:00Z,2026-08-17
o-002864,c-1501,1472.86,cancelled,BR,2026-07-02T22:53:00Z,2026-07-03
o-002865,c-0365,1257.57,completed,BR,2026-08-09T03:05:00Z,2026-08-10
o-002866,c-0681,68.36,cancelled,BR,2026-05-23T01:02:00Z,2026-05-23
o-002867,c-1642,770.57,completed,BR,2026-08-06T20:56:00Z,2026-08-06
o-002868,c-0149,2396.36,completed,BR,2026-06-06T10:55:00Z,2026-06-07
o-002869,c-0142,524.82,completed,BR,2026-07-23T01:33:00Z,2026-07-23
o-002870,c-1298,1584.35,completed,BR,2026-06-15T21:06:00Z,2026-06-16
o-002871,c-0622,714.49,completed,BR,2026-08-09T12:24:00Z,2026-08-10
o-002872,c-0296,1251.46,pending,BR,2026-06-20T13:28:00Z,2026-06-21
o-002873,c-1474,2373.90,completed,BR,2026-06-11T23:00:00Z,2026-06-11
o-002874,c-0751,2115.68,cancelled,BR,2026-06-13T11:18:00Z,2026-06-13
o-002875,c-1945,2396.94,completed,BR,2026-06-14T22:34:00Z,2026-06-14
o-002876,c-1510,338.65,pending,BR,2026-06-08T06:38:00Z,2026-06-08
o-002877,c-1800,2103.71,completed,BR,2026-07-01T19:05:00Z,2026-07-01
o-002878,c-0773,1847.05,pending,BR,2026-07-28T07:26:00Z,2026-07-29
o-002879,c-1003,404.58,completed,BR,2026-07-21T11:01:00Z,2026-07-21
o-002880,c-1571,1181.79,completed,BR,2026-06-03T21:29:00Z,2026-06-03
o-002881,c-1612,455.76,completed,BR,2026-07-21T10:16:00Z,2026-07-22
o-002882,c-1152,1571.20,completed,BR,2026-07-10T04:55:00Z,2026-07-10
o-002883,c-0667,360.40,completed,BR,2026-08-16T23:29:00Z,2026-08-17
o-002884,c-1843,1645.91,completed,BR,2026-06-05T12:03:00Z,2026-06-05
o-002885,c-1472,1101.64,completed,BR,2026-07-22T05:04:00Z,2026-07-23
o-002886,c-1408,541.60,completed,BR,2026-06-19T18:41:00Z,2026-06-19
o-002887,c-1960,2095.46,completed,BR,2026-06-15T05:09:00Z,2026-06-15
o-002888,c-1518,1032.79,completed,BR,2026-06-04T23:27:00Z,2026-06-05
o-002889,c-1347,2135.40,completed,BR,2026-06-30T07:35:00Z,2026-06-30
o-002890,c-0485,2242.28,completed,BR,2026-07-08T22:15:00Z,2026-07-08
o-002891,c-0656,1392.08,completed,BR,2026-07-15T03:31:00Z,2026-07-16
o-002892,c-1510,1860.43,completed,BR,2026-06-12T12:18:00Z,2026-06-12
o-002893,c-1930,53.80,completed,BR,2026-06-24T18:51:00Z,2026-06-25
o-002894,c-1252,1790.15,completed,BR,2026-07-19T19:52:00Z,2026-07-20
o-002895,c-0006,471.05,completed,BR,2026-05-31T05:03:00Z,2026-06-01
o-002896,c-0505,1668.47,completed,BR,2026-07-29T15:46:00Z,2026-07-29
o-002897,c-0439,1228.37,pending,BR,2026-07-03T04:37:00Z,2026-07-03
o-002898,c-0268,377.35,pending,BR,2026-06-04T04:50:00Z,2026-06-05
o-002899,c-0814,1824.36,pending,BR,2026-05-29T17:12:00Z,2026-05-29
o-002900,c-0078,2209.01,completed,BR,2026-08-01T15:38:00Z,2026-08-02
o-002901,c-1063,1261.13,pending,BR,2026-07-18T11:43:00Z,2026-07-18
o-002902,c-1420,1851.25,completed,BR,2026-07-09T21:32:00Z,2026-07-10
o-002903,c-0379,595.81,completed,BR,2026-05-30T01:12:00Z,2026-05-30
o-002904,c-0570,2445.08,completed,BR,2026-07-11T20:05:00Z,2026-07-12
o-002905,c-0225,1153.24,completed,BR,2026-06-12T06:55:00Z,2026-06-12
o-002906,c-0047,1948.47,completed,BR,2026-06-13T23:37:00Z,2026-06-14
o-002907,c-1360,64.95,completed,BR,2026-07-23T08:41:00Z,2026-07-23
o-002908,c-0117,1532.14,completed,BR,2026-05-23T18:26:00Z,2026-05-24
o-002909,c-0170,529.99,completed,BR,2026-06-03T19:07:00Z,2026-06-03
o-002910,c-0815,125.80,completed,BR,2026-06-11T03:13:00Z,2026-06-11
o-002911,c-0242,2167.49,cancelled,BR,2026-07-20T13:29:00Z,2026-07-20
o-002912,c-0110,292.34,pending,BR,2026-08-17T02:07:00Z,2026-08-17
o-002913,c-0784,1009.73,completed,BR,2026-06-15T01:07:00Z,2026-06-15
o-002914,c-0915,344.29,completed,BR,2026-07-29T14:59:00Z,2026-07-29
o-002915,c-0406,2314.08,pending,BR,2026-06-19T01:18:00Z,2026-06-19
o-002916,c-0884,953.81,completed,BR,2026-05-24T21:11:00Z,2026-05-25
o-002917,c-1333,2192.80,pending,BR,2026-07-28T03:09:00Z,2026-07-29
o-002918,c-0361,255.64,completed,BR,2026-08-02T21:25:00Z,2026-08-02
o-002919,c-1889,846.20,completed,BR,2026-08-16T10:08:00Z,2026-08-16
o-002920,c-1222,720.35,completed,BR,2026-08-06T06:44:00Z,2026-08-07
o-002921,c-1982,878.19,completed,BR,2026-05-31T23:47:00Z,2026-05-31
o-002922,c-1650,2327.10,completed,BR,2026-08-03T19:22:00Z,2026-08-03
o-002923,c-1596,1737.93,completed,BR,2026-05-25T03:14:00Z,2026-05-26
o-002924,c-0243,358.99,completed,BR,2026-07-07T17:20:00Z,2026-07-08
o-002925,c-0794,770.83,cancelled,BR,2026-06-19T00:16:00Z,2026-06-19
o-002926,c-1819,1857.90,completed,BR,2026-06-10T15:59:00Z,2026-06-10
o-002927,c-0866,312.17,completed,BR,2026-07-23T07:35:00Z,2026-07-24
o-002928,c-0570,155.47,completed,BR,2026-05-30T14:46:00Z,2026-05-30
o-002929,c-0884,1068.37,completed,BR,2026-07-14T07:08:00Z,2026-07-14
o-002930,c-1762,707.09,completed,BR,2026-06-05T10:20:00Z,2026-06-06
o-002931,c-1952,2160.82,pending,BR,2026-08-18T20:41:00Z,2026-08-18
o-002932,c-0455,1754.50,pending,BR,2026-05-27T07:03:00Z,2026-05-27
o-002933,c-0035,1542.26,cancelled,BR,2026-07-13T15:36:00Z,2026-07-14
o-002934,c-0755,1060.86,pending,BR,2026-08-10T02:23:00Z,2026-08-11
o-002935,c-1209,1694.29,cancelled,BR,2026-07-09T09:27:00Z,2026-07-09
o-002936,c-1937,619.01,completed,BR,2026-06-05T04:53:00Z,2026-06-06
o-002937,c-0946,1088.29,completed,BR,2026-08-02T01:49:00Z,2026-08-02
o-002938,c-1633,1960.08,completed,BR,2026-06-18T00:51:00Z,2026-06-19
o-002939,c-1135,578.48,completed,BR,2026-06-27T02:31:00Z,2026-06-27
o-002940,c-0868,1293.12,completed,BR,2026-07-28T03:51:00Z,2026-07-29
o-002941,c-0918,272.97,completed,BR,2026-06-05T10:45:00Z,2026-06-05
o-002942,c-0950,215.67,completed,BR,2026-07-14T14:06:00Z,2026-07-14
o-002943,c-0111,1157.56,completed,BR,2026-06-02T01:52:00Z,2026-06-03
o-002944,c-0740,2425.07,cancelled,BR,2026-07-24T09:12:00Z,2026-07-25
o-002945,c-0359,289.94,completed,BR,2026-05-25T18:27:00Z,2026-05-25
o-002946,c-0715,1331.57,completed,BR,2026-07-07T14:27:00Z,2026-07-08
o-002947,c-1221,638.13,completed,BR,2026-06-07T17:00:00Z,2026-06-08
o-002948,c-0408,2499.40,pending,BR,2026-06-17T19:25:00Z,2026-06-17
o-002949,c-1685,2025.62,cancelled,BR,2026-06-24T13:56:00Z,2026-06-25
o-002950,c-0895,2058.87,completed,BR,2026-08-05T02:33:00Z,2026-08-05
o-002951,c-1702,349.86,pending,BR,2026-05-25T01:03:00Z,2026-05-26
o-002952,c-0826,1039.94,completed,BR,2026-07-04T20:37:00Z,2026-07-04
o-002953,c-1547,174.19,completed,BR,2026-07-19T18:31:00Z,2026-07-20
o-002954,c-0255,2285.25,completed,BR,2026-08-14T08:37:00Z,2026-08-14
o-002955,c-1114,1921.84,completed,BR,2026-08-03T22:54:00Z,2026-08-04
o-002956,c-1176,12.55,completed,BR,2026-05-31T10:50:00Z,2026-05-31
o-002957,c-0087,642.53,completed,BR,2026-05-27T18:19:00Z,2026-05-28
o-002958,c-1904,2281.88,pending,BR,2026-07-29T15:40:00Z,2026-07-29
o-002959,c-1328,167.47,completed,BR,2026-07-18T21:07:00Z,2026-07-19
o-002960,c-0783,1509.45,pending,BR,2026-06-05T13:58:00Z,2026-06-06
o-002961,c-1957,253.44,completed,BR,2026-06-28T01:31:00Z,2026-06-29
o-002962,c-1170,669.10,completed,BR,2026-06-14T10:27:00Z,2026-06-14
o-002963,c-0432,1843.74,cancelled,BR,2026-08-16T18:38:00Z,2026-08-17
o-002964,c-1194,1423.31,completed,BR,2026-08-09T14:51:00Z,2026-08-09
o-002965,c-0138,1780.16,cancelled,BR,2026-06-13T13:54:00Z,2026-06-13
o-002966,c-0054,539.78,completed,BR,2026-07-20T17:54:00Z,2026-07-20
o-002967,c-0217,227.11,completed,BR,2026-06-12T21:42:00Z,2026-06-12
o-002968,c-1292,2009.11,completed,BR,2026-06-04T17:51:00Z,2026-06-04
o-002969,c-0482,926.60,completed,BR,2026-08-09T18:32:00Z,2026-08-10
o-002970,c-1845,370.78,completed,BR,2026-07-18T00:46:00Z,2026-07-19
o-002971,c-1901,1655.41,completed,BR,2026-06-01T17:59:00Z,2026-06-02
o-002972,c-1832,653.79,completed,BR,2026-06-12T03:28:00Z,2026-06-13
o-002973,c-1069,1285.30,cancelled,BR,2026-08-04T14:32:00Z,2026-08-05
o-002974,c-0897,2331.60,completed,BR,2026-05-30T00:16:00Z,2026-05-30
o-002975,c-0858,1188.40,completed,BR,2026-06-03T05:53:00Z,2026-06-03
o-002976,c-0779,1410.76,completed,BR,2026-07-13T02:48:00Z,2026-07-13
o-002977,c-1914,398.79,pending,BR,2026-08-17T18:17:00Z,2026-08-17
o-002978,c-1229,1677.68,completed,BR,2026-07-26T04:29:00Z,2026-07-27
o-002979,c-1185,2358.46,completed,BR,2026-07-23T21:40:00Z,2026-07-23
o-002980,c-0548,112.62,completed,BR,2026-06-07T08:57:00Z,2026-06-07
o-002981,c-1619,1454.53,completed,BR,2026-07-16T01:31:00Z,2026-07-16
o-002982,c-0363,1221.33,completed,BR,2026-08-19T17:35:00Z,2026-08-19
o-002983,c-0683,1808.55,completed,BR,2026-07-20T18:51:00Z,2026-07-21
o-002984,c-0373,735.66,completed,BR,2026-08-08T13:44:00Z,2026-08-09
o-002985,c-1711,1526.51,completed,BR,2026-06-23T23:16:00Z,2026-06-24
o-002986,c-0053,667.78,completed,BR,2026-06-11T02:28:00Z,2026-06-11
o-002987,c-0314,1404.28,completed,BR,2026-06-10T05:59:00Z,2026-06-11
o-002988,c-1188,1901.32,pending,BR,2026-07-14T08:34:00Z,2026-07-14
o-002989,c-0001,1258.82,completed,BR,2026-06-20T08:34:00Z,2026-06-21
o-002990,c-1091,1743.24,completed,BR,2026-05-28T13:08:00Z,2026-05-29
o-002991,c-0810,1201.41,cancelled,BR,2026-07-29T14:38:00Z,2026-07-29
o-002992,c-0871,60.03,pending,BR,2026-06-03T09:04:00Z,2026-06-03
o-002993,c-1700,286.80,pending,BR,2026-06-23T11:42:00Z,2026-06-23
o-002994,c-1681,2183.47,completed,BR,2026-06-05T07:13:00Z,2026-06-06
o-002995,c-1474,1022.04,completed,BR,2026-06-15T07:02:00Z,2026-06-16
o-002996,c-0658,1392.95,completed,BR,2026-07-04T22:01:00Z,2026-07-04
o-002997,c-0738,2266.54,completed,BR,2026-06-30T15:09:00Z,2026-07-01
o-002998,c-0256,1542.62,completed,BR,2026-08-14T01:55:00Z,2026-08-14
o-002999,c-1428,726.43,completed,BR,2026-08-03T13:25:00Z,2026-08-03
o-003000,c-0963,1890.24,completed,BR,2026-05-31T16:08:00Z,2026-06-01
o-003001,c-1218,1347.91,pending,BR,2026-08-11T01:34:00Z,2026-08-11
o-003002,c-1775,1004.76,pending,BR,2026-06-10T03:17:00Z,2026-06-10
o-003003,c-0907,680.82,completed,BR,2026-06-05T07:53:00Z,2026-06-06
o-003004,c-1275,465.85,completed,BR,2026-07-10T08:34:00Z,2026-07-11
o-003005,c-1263,1659.60,completed,BR,2026-06-23T22:37:00Z,2026-06-24
o-003006,c-1427,1548.27,completed,BR,2026-07-26T12:36:00Z,2026-07-27
o-003007,c-1411,2231.85,completed,BR,2026-07-05T18:16:00Z,2026-07-06
o-003008,c-1646,1651.47,completed,BR,2026-08-09T04:46:00Z,2026-08-09
o-003009,c-0120,2112.82,pending,BR,2026-07-08T07:44:00Z,2026-07-09
o-003010,c-1821,1738.44,completed,BR,2026-06-01T15:05:00Z,2026-06-02
o-003011,c-1399,1821.85,completed,BR,2026-08-07T17:48:00Z,2026-08-08
o-003012,c-0425,1056.02,completed,BR,2026-08-13T04:06:00Z,2026-08-14
o-003013,c-0672,934.11,completed,BR,2026-07-24T00:03:00Z,2026-07-24
o-003014,c-1217,1641.88,completed,BR,2026-06-09T09:33:00Z,2026-06-10
o-003015,c-0367,122.16,cancelled,BR,2026-07-10T21:55:00Z,2026-07-11
o-003016,c-1609,2258.06,pending,BR,2026-08-09T13:27:00Z,2026-08-10
o-003017,c-0841,129.76,pending,BR,2026-06-25T05:00:00Z,2026-06-26
o-003018,c-0645,1061.86,completed,BR,2026-07-18T10:34:00Z,2026-07-18
o-003019,c-1170,1129.30,cancelled,BR,2026-07-02T07:12:00Z,2026-07-02
o-003020,c-0871,331.49,pending,BR,2026-07-09T08:51:00Z,2026-07-10
o-003021,c-1794,956.24,completed,BR,2026-08-12T05:49:00Z,2026-08-13
o-003022,c-0690,1752.99,completed,BR,2026-07-12T20:21:00Z,2026-07-13
o-003023,c-0469,2313.75,completed,BR,2026-08-17T13:10:00Z,2026-08-17
o-003024,c-0243,441.40,completed,BR,2026-07-19T13:56:00Z,2026-07-20
o-003025,c-1422,1643.33,completed,BR,2026-06-09T10:39:00Z,2026-06-09
o-003026,c-0800,74.23,completed,BR,2026-06-27T22:06:00Z,2026-06-27
o-003027,c-0763,2277.24,pending,BR,2026-06-24T17:51:00Z,2026-06-25
o-003028,c-0123,20.27,cancelled,BR,2026-07-30T00:06:00Z,2026-07-31
o-003029,c-1206,1293.09,completed,BR,2026-07-25T17:08:00Z,2026-07-25
o-003030,c-1792,202.43,completed,BR,2026-07-07T14:59:00Z,2026-07-07
o-003031,c-1907,2005.78,completed,BR,2026-07-14T08:54:00Z,2026-07-14
o-003032,c-1308,2030.91,completed,BR,2026-06-06T05:03:00Z,2026-06-06
o-003033,c-1083,631.82,pending,BR,2026-07-23T10:14:00Z,2026-07-24
o-003034,c-0709,1742.60,pending,BR,2026-07-30T01:29:00Z,2026-07-31
o-003035,c-1995,2048.41,completed,BR,2026-06-25T16:11:00Z,2026-06-26
o-003036,c-0262,312.90,completed,BR,2026-06-21T16:20:00Z,2026-06-22
o-003037,c-0742,1993.31,cancelled,BR,2026-06-26T01:02:00Z,2026-06-27
o-003038,c-0522,767.23,completed,BR,2026-08-14T14:21:00Z,2026-08-14
o-003039,c-1782,496.04,pending,BR,2026-06-06T04:12:00Z,2026-06-06
o-003040,c-1915,1783.75,completed,BR,2026-07-30T19:48:00Z,2026-07-31
o-003041,c-1398,2350.51,pending,BR,2026-06-02T14:28:00Z,2026-06-03
o-003042,c-1565,519.67,completed,BR,2026-08-13T20:43:00Z,2026-08-13
o-003043,c-1003,428.45,completed,BR,2026-08-02T17:24:00Z,2026-08-02
o-003044,c-1679,186.58,completed,BR,2026-05-24T20:34:00Z,2026-05-24
o-003045,c-1641,2117.75,completed,BR,2026-07-11T07:52:00Z,2026-07-11
o-003046,c-0523,825.73,completed,BR,2026-05-27T12:38:00Z,2026-05-27
o-003047,c-0666,1799.37,completed,BR,2026-06-10T08:39:00Z,2026-06-10
o-003048,c-0678,2120.19,pending,BR,2026-05-24T01:54:00Z,2026-05-24
o-003049,c-1055,177.46,pending,BR,2026-07-18T15:32:00Z,2026-07-19
o-003050,c-1054,2262.98,pending,BR,2026-07-06T05:17:00Z,2026-07-07
o-003051,c-0521,2292.39,cancelled,BR,2026-06-25T08:27:00Z,2026-06-25
o-003052,c-1692,1331.68,pending,BR,2026-07-08T22:04:00Z,2026-07-09
o-003053,c-1235,1550.75,completed,BR,2026-08-01T03:00:00Z,2026-08-02
o-003054,c-0494,1610.91,completed,BR,2026-07-30T14:32:00Z,2026-07-31
o-003055,c-1791,1349.47,completed,BR,2026-08-10T18:37:00Z,2026-08-11
o-003056,c-1201,1321.60,pending,BR,2026-08-19T19:03:00Z,2026-08-20
o-003057,c-0645,1205.70,completed,BR,2026-07-23T03:17:00Z,2026-07-24
o-003058,c-1395,348.14,completed,BR,2026-05-27T02:55:00Z,2026-05-28
o-003059,c-1456,635.32,completed,BR,2026-06-18T17:41:00Z,2026-06-18
o-003060,c-1214,1126.58,completed,BR,2026-06-22T18:50:00Z,2026-06-22
o-003061,c-0310,2439.59,cancelled,BR,2026-08-15T17:31:00Z,2026-08-15
o-003062,c-0803,2300.28,completed,BR,2026-08-03T06:11:00Z,2026-08-03
o-003063,c-1458,1447.29,cancelled,BR,2026-06-13T04:07:00Z,2026-06-13
o-003064,c-1672,296.85,completed,BR,2026-06-14T00:01:00Z,2026-06-14
o-003065,c-1417,1307.44,completed,BR,2026-07-10T03:02:00Z,2026-07-10
o-003066,c-1041,2103.98,completed,BR,2026-08-02T21:30:00Z,2026-08-03
o-003067,c-0250,32.95,completed,BR,2026-06-29T06:23:00Z,2026-06-30
o-003068,c-1632,236.89,completed,BR,2026-06-22T17:18:00Z,2026-06-23
o-003069,c-1331,613.70,cancelled,BR,2026-08-06T16:48:00Z,2026-08-06
o-003070,c-1611,1209.06,completed,BR,2026-08-01T20:08:00Z,2026-08-01
o-003071,c-0645,776.78,pending,BR,2026-08-06T10:53:00Z,2026-08-06
o-003072,c-0072,14.11,pending,BR,2026-05-25T14:53:00Z,2026-05-26
o-003073,c-1876,460.04,completed,BR,2026-06-27T10:47:00Z,2026-06-28
o-003074,c-0897,2086.06,completed,BR,2026-08-19T01:27:00Z,2026-08-20
o-003075,c-1992,2242.73,completed,BR,2026-06-26T02:04:00Z,2026-06-26
o-003076,c-1854,1620.03,cancelled,BR,2026-06-30T02:45:00Z,2026-06-30
o-003077,c-1442,2102.61,cancelled,BR,2026-06-20T09:00:00Z,2026-06-21
o-003078,c-1110,813.21,completed,BR,2026-08-06T08:49:00Z,2026-08-07
o-003079,c-0086,1309.37,completed,BR,2026-08-02T06:27:00Z,2026-08-03
o-003080,c-1123,509.74,completed,BR,2026-07-10T17:46:00Z,2026-07-11
o-003081,c-0327,974.09,completed,BR,2026-05-24T16:14:00Z,2026-05-25
o-003082,c-1143,1390.77,pending,BR,2026-08-03T03:30:00Z,2026-08-04
o-003083,c-1601,1537.84,completed,BR,2026-07-09T18:27:00Z,2026-07-09
o-003084,c-0744,1136.57,completed,BR,2026-07-20T12:01:00Z,2026-07-20
o-003085,c-0260,60.58,completed,BR,2026-07-17T22:48:00Z,2026-07-18
o-003086,c-0931,2123.93,completed,BR,2026-08-04T17:53:00Z,2026-08-04
o-003087,c-0779,41.66,cancelled,BR,2026-08-01T00:48:00Z,2026-08-02
o-003088,c-1914,352.30,completed,BR,2026-07-21T11:21:00Z,2026-07-22
o-003089,c-1990,2393.56,completed,BR,2026-07-20T09:45:00Z,2026-07-20
o-003090,c-1375,1871.14,completed,BR,2026-07-11T19:11:00Z,2026-07-11
o-003091,c-0198,1356.82,pending,BR,2026-08-13T17:09:00Z,2026-08-14
o-003092,c-0189,1523.34,completed,BR,2026-06-09T13:17:00Z,2026-06-09
o-003093,c-0334,356.58,cancelled,BR,2026-07-04T16:37:00Z,2026-07-04
o-003094,c-0921,138.22,completed,BR,2026-06-25T23:46:00Z,2026-06-26
o-003095,c-0546,2291.04,completed,BR,2026-08-01T11:43:00Z,2026-08-02
o-003096,c-0764,1217.84,pending,BR,2026-07-02T13:49:00Z,2026-07-02
o-003097,c-0006,2113.08,completed,BR,2026-07-08T15:53:00Z,2026-07-08
o-003098,c-1455,1438.43,cancelled,BR,2026-05-29T02:40:00Z,2026-05-30
o-003099,c-0450,2313.73,pending,BR,2026-07-14T08:03:00Z,2026-07-15
o-003100,c-0352,532.12,completed,BR,2026-07-22T05:32:00Z,2026-07-22
o-003101,c-1884,1402.18,completed,BR,2026-06-27T00:03:00Z,2026-06-27
o-003102,c-0995,1302.83,cancelled,BR,2026-07-28T05:10:00Z,2026-07-29
o-003103,c-1469,1134.30,completed,BR,2026-07-15T02:24:00Z,2026-07-16
o-003104,c-0013,1206.27,completed,BR,2026-07-06T17:41:00Z,2026-07-06
o-003105,c-0188,294.84,completed,BR,2026-05-23T19:11:00Z,2026-05-24
o-003106,c-1815,2019.12,cancelled,BR,2026-08-15T02:20:00Z,2026-08-15
o-003107,c-0876,206.77,pending,BR,2026-07-08T07:52:00Z,2026-07-09
o-003108,c-0110,2052.93,completed,BR,2026-05-28T01:29:00Z,2026-05-28
o-003109,c-1659,1078.32,completed,BR,2026-05-24T00:30:00Z,2026-05-25
o-003110,c-1856,1753.15,cancelled,BR,2026-06-03T16:36:00Z,2026-06-04
o-003111,c-1151,1779.88,completed,BR,2026-06-21T20:09:00Z,2026-06-22
o-003112,c-0847,1484.78,completed,BR,2026-07-14T11:08:00Z,2026-07-15
o-003113,c-0572,2391.59,pending,BR,2026-07-14T23:05:00Z,2026-07-14
o-003114,c-0972,509.45,completed,BR,2026-07-30T02:13:00Z,2026-07-30
o-003115,c-0073,648.25,completed,BR,2026-07-07T17:42:00Z,2026-07-08
o-003116,c-0455,1713.08,completed,BR,2026-06-29T06:56:00Z,2026-06-30
o-003117,c-0897,643.80,pending,BR,2026-06-22T10:55:00Z,2026-06-22
o-003118,c-0862,1327.20,completed,BR,2026-06-26T17:27:00Z,2026-06-26
o-003119,c-1527,1076.02,completed,BR,2026-08-01T07:45:00Z,2026-08-02
o-003120,c-1825,752.44,completed,BR,2026-06-16T17:19:00Z,2026-06-16
o-003121,c-0652,2001.50,completed,BR,2026-08-11T09:25:00Z,2026-08-11
o-003122,c-1107,123.34,completed,BR,2026-07-19T14:59:00Z,2026-07-20
o-003123,c-1444,130.05,completed,BR,2026-08-10T10:22:00Z,2026-08-10
o-003124,c-0746,2402.50,completed,BR,2026-08-03T05:46:00Z,2026-08-03
o-003125,c-1217,89.87,cancelled,BR,2026-07-03T03:02:00Z,2026-07-04
o-003126,c-1289,1751.09,pending,BR,2026-08-16T19:06:00Z,2026-08-16
o-003127,c-0205,2377.85,cancelled,BR,2026-07-21T16:24:00Z,2026-07-21
o-003128,c-1231,2465.77,completed,BR,2026-07-04T09:45:00Z,2026-07-05
o-003129,c-1397,975.72,completed,BR,2026-06-14T05:40:00Z,2026-06-14
o-003130,c-0832,1794.13,completed,BR,2026-06-21T10:52:00Z,2026-06-22
o-003131,c-1431,2351.54,completed,BR,2026-05-23T02:42:00Z,2026-05-23
o-003132,c-0374,1097.15,completed,BR,2026-08-03T11:55:00Z,2026-08-03
o-003133,c-0022,398.98,completed,BR,2026-08-20T01:05:00Z,2026-08-21
o-003134,c-0228,846.47,pending,BR,2026-06-15T11:51:00Z,2026-06-16
o-003135,c-0902,1586.12,completed,BR,2026-05-27T14:18:00Z,2026-05-27
o-003136,c-1958,2087.71,completed,BR,2026-07-18T22:12:00Z,2026-07-18
o-003137,c-0950,1489.43,completed,BR,2026-07-07T22:47:00Z,2026-07-08
o-003138,c-1319,74.99,completed,BR,2026-05-31T01:00:00Z,2026-06-01
o-003139,c-0590,2393.69,completed,BR,2026-06-30T23:00:00Z,2026-06-30
o-003140,c-1414,2243.67,completed,BR,2026-06-27T11:08:00Z,2026-06-27
o-003141,c-1799,540.21,completed,BR,2026-08-09T22:48:00Z,2026-08-10
o-003142,c-0132,184.66,completed,BR,2026-08-09T03:14:00Z,2026-08-10
o-003143,c-1804,1540.36,pending,BR,2026-07-31T11:22:00Z,2026-07-31
o-003144,c-1863,937.63,completed,BR,2026-06-10T01:23:00Z,2026-06-11
o-003145,c-0145,87.98,completed,BR,2026-07-24T18:36:00Z,2026-07-24
o-003146,c-1320,52.96,completed,BR,2026-08-01T01:04:00Z,2026-08-02
o-003147,c-1469,1100.88,completed,BR,2026-08-20T07:30:00Z,2026-08-21
o-003148,c-1423,1702.14,completed,BR,2026-06-19T21:12:00Z,2026-06-20
o-003149,c-0629,1454.73,cancelled,BR,2026-07-09T07:01:00Z,2026-07-09
o-003150,c-0805,1229.49,completed,BR,2026-06-12T10:20:00Z,2026-06-12
o-003151,c-0447,405.90,completed,BR,2026-05-24T02:31:00Z,2026-05-24
o-003152,c-0778,786.19,completed,BR,2026-07-12T05:18:00Z,2026-07-12
o-003153,c-0941,1345.41,completed,BR,2026-05-30T20:11:00Z,2026-05-30
o-003154,c-0449,1974.25,completed,BR,2026-06-04T02:00:00Z,2026-06-04
o-003155,c-1171,104.39,pending,BR,2026-07-15T21:02:00Z,2026-07-16
o-003156,c-0501,19.02,pending,BR,2026-07-31T17:58:00Z,2026-08-01
o-003157,c-1046,636.93,completed,BR,2026-06-06T02:24:00Z,2026-06-07
o-003158,c-0910,553.76,completed,BR,2026-05-23T09:57:00Z,2026-05-24
o-003159,c-1962,2438.31,cancelled,BR,2026-07-04T18:35:00Z,2026-07-05
o-003160,c-0663,2143.74,pending,BR,2026-06-03T05:37:00Z,2026-06-04
o-003161,c-0639,422.88,completed,BR,2026-06-22T13:42:00Z,2026-06-22
o-003162,c-1633,26.14,completed,BR,2026-07-20T11:22:00Z,2026-07-20
o-003163,c-0160,643.31,cancelled,BR,2026-05-26T22:38:00Z,2026-05-26
o-003164,c-0003,2268.79,completed,BR,2026-07-06T05:14:00Z,2026-07-06
o-003165,c-0371,476.67,completed,BR,2026-06-13T03:41:00Z,2026-06-13
o-003166,c-0139,884.67,cancelled,BR,2026-06-07T16:36:00Z,2026-06-08
o-003167,c-1481,15.67,completed,BR,2026-06-04T13:06:00Z,2026-06-04
o-003168,c-1031,1094.14,completed,BR,2026-07-04T17:35:00Z,2026-07-04
o-003169,c-1496,1473.41,completed,BR,2026-07-21T22:30:00Z,2026-07-21
o-003170,c-1442,1728.38,completed,BR,2026-07-28T01:45:00Z,2026-07-28
o-003171,c-1537,2481.08,completed,BR,2026-06-22T15:34:00Z,2026-06-22
o-003172,c-0138,1370.98,completed,BR,2026-06-11T16:58:00Z,2026-06-12
o-003173,c-1842,435.08,completed,BR,2026-07-04T09:55:00Z,2026-07-04
o-003174,c-1347,244.46,completed,BR,2026-06-13T23:48:00Z,2026-06-14
o-003175,c-0333,8.04,completed,BR,2026-06-19T19:18:00Z,2026-06-19
o-003176,c-1281,2316.92,cancelled,BR,2026-06-09T21:09:00Z,2026-06-09
o-003177,c-0517,226.26,completed,BR,2026-06-27T20:13:00Z,2026-06-27
o-003178,c-1894,1874.52,completed,BR,2026-06-06T02:26:00Z,2026-06-07
o-003179,c-1183,1508.10,completed,BR,2026-05-24T21:08:00Z,2026-05-24
o-003180,c-0262,95.11,completed,BR,2026-05-29T08:59:00Z,2026-05-29
o-003181,c-0449,2131.68,completed,BR,2026-07-18T15:22:00Z,2026-07-18
o-003182,c-1425,2190.15,completed,BR,2026-06-16T01:57:00Z,2026-06-16
o-003183,c-1031,238.37,completed,BR,2026-05-29T13:16:00Z,2026-05-30
o-003184,c-0404,12.20,cancelled,BR,2026-05-30T11:45:00Z,2026-05-30
o-003185,c-1915,2071.30,completed,BR,2026-07-07T12:57:00Z,2026-07-07
o-003186,c-1252,1345.49,completed,BR,2026-06-01T21:01:00Z,2026-06-01
o-003187,c-1226,228.70,completed,BR,2026-08-18T23:04:00Z,2026-08-19
o-003188,c-0612,948.41,completed,BR,2026-06-12T18:47:00Z,2026-06-12
o-003189,c-0245,2360.56,completed,BR,2026-06-23T23:34:00Z,2026-06-24
o-003190,c-0137,1552.12,completed,BR,2026-06-11T18:05:00Z,2026-06-11
o-003191,c-1923,300.70,completed,BR,2026-07-26T01:23:00Z,2026-07-27
o-003192,c-1142,2212.57,cancelled,BR,2026-07-15T12:29:00Z,2026-07-15
o-003193,c-0785,588.50,completed,BR,2026-06-11T02:36:00Z,2026-06-12
o-003194,c-0742,907.37,completed,BR,2026-06-28T08:19:00Z,2026-06-28
o-003195,c-0904,2413.45,completed,BR,2026-06-17T21:19:00Z,2026-06-17
o-003196,c-1469,565.68,completed,BR,2026-05-24T09:41:00Z,2026-05-25
o-003197,c-0343,1136.77,completed,BR,2026-06-13T12:08:00Z,2026-06-14
o-003198,c-1807,2085.89,completed,BR,2026-06-10T08:13:00Z,2026-06-11
o-003199,c-1363,347.93,pending,BR,2026-07-05T20:35:00Z,2026-07-06
o-003200,c-0546,1685.40,completed,BR,2026-07-27T16:40:00Z,2026-07-27
o-003201,c-1094,1838.71,cancelled,BR,2026-08-07T21:39:00Z,2026-08-07
o-003202,c-1516,1558.82,completed,BR,2026-08-12T07:46:00Z,2026-08-13
o-003203,c-1859,2052.55,completed,BR,2026-08-07T18:43:00Z,2026-08-08
o-003204,c-0540,555.40,completed,BR,2026-06-22T04:46:00Z,2026-06-23
o-003205,c-1940,1155.03,cancelled,BR,2026-07-08T21:03:00Z,2026-07-09
o-003206,c-1089,593.45,completed,BR,2026-06-17T01:51:00Z,2026-06-17
o-003207,c-0159,201.32,pending,BR,2026-08-16T16:31:00Z,2026-08-17
o-003208,c-0058,937.79,completed,BR,2026-07-09T14:49:00Z,2026-07-10
o-003209,c-1877,1726.12,completed,BR,2026-07-25T10:50:00Z,2026-07-26
o-003210,c-0823,1469.13,pending,BR,2026-06-26T23:49:00Z,2026-06-27
o-003211,c-1940,502.42,cancelled,BR,2026-07-17T11:36:00Z,2026-07-18
o-003212,c-1756,680.78,completed,BR,2026-08-07T16:24:00Z,2026-08-07
o-003213,c-0883,525.51,completed,BR,2026-06-02T05:21:00Z,2026-06-03
o-003214,c-0758,60.20,completed,BR,2026-05-24T18:21:00Z,2026-05-25
o-003215,c-1041,223.41,completed,BR,2026-07-13T19:09:00Z,2026-07-14
o-003216,c-1611,2350.18,completed,BR,2026-07-12T09:54:00Z,2026-07-13
o-003217,c-0373,286.54,cancelled,BR,2026-05-24T14:55:00Z,2026-05-25
o-003218,c-0280,602.80,pending,BR,2026-08-06T03:17:00Z,2026-08-06
o-003219,c-0789,310.74,pending,BR,2026-05-29T21:16:00Z,2026-05-29
o-003220,c-0508,1982.63,completed,BR,2026-07-15T03:19:00Z,2026-07-16
o-003221,c-1815,775.82,completed,BR,2026-05-30T14:36:00Z,2026-05-31
o-003222,c-0451,1646.17,completed,BR,2026-06-05T21:57:00Z,2026-06-05
o-003223,c-0062,1337.72,completed,BR,2026-06-07T15:33:00Z,2026-06-08
o-003224,c-1884,421.70,cancelled,BR,2026-06-02T11:46:00Z,2026-06-03
o-003225,c-0190,2290.79,completed,BR,2026-07-02T05:13:00Z,2026-07-03
o-003226,c-1671,2423.81,completed,BR,2026-06-14T13:56:00Z,2026-06-15
o-003227,c-0532,671.31,completed,BR,2026-08-17T15:03:00Z,2026-08-17
o-003228,c-1019,489.02,cancelled,BR,2026-08-13T21:01:00Z,2026-08-14
o-003229,c-1632,856.89,pending,BR,2026-06-10T07:57:00Z,2026-06-11
o-003230,c-0948,1135.15,completed,BR,2026-07-13T21:20:00Z,2026-07-14
o-003231,c-0386,491.47,completed,BR,2026-06-27T01:41:00Z,2026-06-27
o-003232,c-1895,1909.16,completed,BR,2026-06-11T14:59:00Z,2026-06-11
o-003233,c-0051,2319.29,completed,BR,2026-08-14T16:42:00Z,2026-08-14
o-003234,c-0075,68.17,completed,BR,2026-08-18T05:46:00Z,2026-08-18
o-003235,c-0135,776.43,completed,BR,2026-08-15T06:07:00Z,2026-08-16
o-003236,c-0055,1512.52,completed,BR,2026-08-04T22:50:00Z,2026-08-04
o-003237,c-1576,2296.59,pending,BR,2026-07-29T20:44:00Z,2026-07-29
o-003238,c-1013,2483.67,cancelled,BR,2026-06-17T03:12:00Z,2026-06-18
o-003239,c-1275,867.93,completed,BR,2026-07-28T12:11:00Z,2026-07-28
o-003240,c-1231,1613.96,completed,BR,2026-08-11T15:50:00Z,2026-08-11
o-003241,c-0705,323.91,completed,BR,2026-08-09T11:52:00Z,2026-08-09
o-003242,c-1863,590.41,completed,BR,2026-08-12T22:49:00Z,2026-08-13
o-003243,c-0465,1749.78,completed,BR,2026-07-28T19:38:00Z,2026-07-28
o-003244,c-0003,721.89,pending,BR,2026-08-19T22:53:00Z,2026-08-19
o-003245,c-1602,888.33,completed,BR,2026-07-16T13:05:00Z,2026-07-17
o-003246,c-1991,91.72,completed,BR,2026-05-29T17:29:00Z,2026-05-29
o-003247,c-1048,472.66,completed,BR,2026-06-07T16:51:00Z,2026-06-07
o-003248,c-1700,2134.58,completed,BR,2026-06-04T00:31:00Z,2026-06-04
o-003249,c-0320,994.08,completed,BR,2026-08-01T07:57:00Z,2026-08-01
o-003250,c-1447,228.65,pending,BR,2026-08-16T20:27:00Z,2026-08-17
o-003251,c-1094,2149.53,pending,BR,2026-07-23T06:20:00Z,2026-07-24
o-003252,c-1544,660.33,completed,BR,2026-06-19T22:09:00Z,2026-06-19
o-003253,c-1951,407.66,completed,BR,2026-05-25T20:06:00Z,2026-05-26
o-003254,c-0520,2492.86,completed,BR,2026-08-16T23:36:00Z,2026-08-16
o-003255,c-1470,2040.14,cancelled,BR,2026-08-11T05:11:00Z,2026-08-12
o-003256,c-0830,147.61,completed,BR,2026-08-10T10:13:00Z,2026-08-11
o-003257,c-1344,128.03,completed,BR,2026-08-12T23:30:00Z,2026-08-12
o-003258,c-0137,2138.43,completed,BR,2026-05-30T08:25:00Z,2026-05-31
o-003259,c-0565,265.83,completed,BR,2026-07-24T21:20:00Z,2026-07-24
o-003260,c-1755,1399.43,completed,BR,2026-06-07T20:35:00Z,2026-06-08
o-003261,c-0305,38.81,completed,BR,2026-06-20T12:11:00Z,2026-06-21
o-003262,c-1354,148.04,pending,BR,2026-08-15T12:14:00Z,2026-08-16
o-003263,c-1346,916.61,completed,BR,2026-06-27T15:02:00Z,2026-06-28
o-003264,c-0653,632.31,completed,BR,2026-06-14T20:42:00Z,2026-06-14
o-003265,c-0755,220.76,cancelled,BR,2026-06-26T02:04:00Z,2026-06-27
o-003266,c-0676,1073.52,completed,BR,2026-08-16T02:36:00Z,2026-08-17
o-003267,c-1214,2461.99,completed,BR,2026-07-19T17:31:00Z,2026-07-20
o-003268,c-1649,466.23,completed,BR,2026-05-23T04:01:00Z,2026-05-24
o-003269,c-0346,1089.32,completed,BR,2026-05-24T02:39:00Z,2026-05-25
o-003270,c-0197,344.21,completed,BR,2026-06-11T09:04:00Z,2026-06-11
o-003271,c-1171,612.91,completed,BR,2026-08-10T12:29:00Z,2026-08-11
o-003272,c-0832,95.66,cancelled,BR,2026-07-22T06:04:00Z,2026-07-22
o-003273,c-0874,1228.92,completed,BR,2026-06-02T19:49:00Z,2026-06-02
o-003274,c-0271,1097.43,completed,BR,2026-05-26T14:21:00Z,2026-05-27
o-003275,c-1329,1364.02,completed,BR,2026-08-12T06:40:00Z,2026-08-13
o-003276,c-0416,292.64,completed,BR,2026-07-10T10:19:00Z,2026-07-10
o-003277,c-0064,2384.76,completed,BR,2026-08-05T20:21:00Z,2026-08-05
o-003278,c-0478,316.10,completed,BR,2026-06-07T18:04:00Z,2026-06-08
o-003279,c-1725,63.68,completed,BR,2026-07-10T08:18:00Z,2026-07-11
o-003280,c-1638,2304.54,completed,BR,2026-05-29T00:08:00Z,2026-05-30
o-003281,c-1983,1405.35,completed,BR,2026-07-01T17:42:00Z,2026-07-02
o-003282,c-1017,1005.28,completed,BR,2026-08-06T14:59:00Z,2026-08-07
o-003283,c-1813,2352.79,completed,BR,2026-06-17T12:56:00Z,2026-06-18
o-003284,c-0874,1728.11,completed,BR,2026-07-04T01:01:00Z,2026-07-05
o-003285,c-0501,885.74,completed,BR,2026-07-22T06:02:00Z,2026-07-23
o-003286,c-1997,684.64,completed,BR,2026-06-15T14:28:00Z,2026-06-15
o-003287,c-0226,2207.42,completed,BR,2026-07-07T04:36:00Z,2026-07-08
o-003288,c-0457,806.14,completed,BR,2026-07-09T18:29:00Z,2026-07-09
o-003289,c-0368,923.18,completed,BR,2026-07-29T05:29:00Z,2026-07-30
o-003290,c-1382,519.89,completed,BR,2026-06-02T10:39:00Z,2026-06-03
o-003291,c-1877,1313.68,pending,BR,2026-08-03T10:39:00Z,2026-08-04
o-003292,c-0715,2306.90,completed,BR,2026-07-17T07:19:00Z,2026-07-18
o-003293,c-1544,658.00,cancelled,BR,2026-06-29T23:14:00Z,2026-06-30
o-003294,c-1453,647.21,completed,BR,2026-07-01T19:07:00Z,2026-07-02
o-003295,c-1167,2320.37,completed,BR,2026-08-08T07:53:00Z,2026-08-09
o-003296,c-0565,1447.91,completed,BR,2026-08-04T08:56:00Z,2026-08-05
o-003297,c-0541,47.85,pending,BR,2026-08-15T22:35:00Z,2026-08-15
o-003298,c-0300,565.20,completed,BR,2026-07-26T13:08:00Z,2026-07-27
o-003299,c-1482,2338.27,cancelled,BR,2026-08-16T17:41:00Z,2026-08-17
o-003300,c-0205,626.70,completed,BR,2026-05-24T18:28:00Z,2026-05-24
o-003301,c-0126,1729.72,completed,BR,2026-07-23T01:30:00Z,2026-07-24
o-003302,c-0618,2248.60,completed,BR,2026-06-16T09:40:00Z,2026-06-17
o-003303,c-0759,845.01,pending,BR,2026-06-08T04:02:00Z,2026-06-08
o-003304,c-0021,112.06,completed,BR,2026-07-17T09:24:00Z,2026-07-17
o-003305,c-0304,1810.22,completed,BR,2026-05-29T00:09:00Z,2026-05-30
o-003306,c-0219,345.22,completed,BR,2026-07-21T10:54:00Z,2026-07-22
o-003307,c-1771,893.82,completed,BR,2026-07-12T06:21:00Z,2026-07-13
o-003308,c-1287,1695.46,completed,BR,2026-05-23T17:27:00Z,2026-05-23
o-003309,c-1890,1436.29,completed,BR,2026-05-31T08:45:00Z,2026-06-01
o-003310,c-1132,749.37,completed,BR,2026-07-03T12:24:00Z,2026-07-03
o-003311,c-0174,185.84,cancelled,BR,2026-08-01T11:03:00Z,2026-08-01
o-003312,c-0608,2226.17,completed,BR,2026-07-14T05:59:00Z,2026-07-14
o-003313,c-0069,2145.65,completed,BR,2026-07-20T09:11:00Z,2026-07-21
o-003314,c-0833,523.74,completed,BR,2026-06-30T07:42:00Z,2026-07-01
o-003315,c-1463,1450.72,completed,BR,2026-08-19T21:51:00Z,2026-08-20
o-003316,c-1601,2054.78,pending,BR,2026-05-27T17:50:00Z,2026-05-28
o-003317,c-1456,1771.08,completed,BR,2026-06-27T12:48:00Z,2026-06-27
o-003318,c-0314,2215.87,completed,BR,2026-08-13T21:31:00Z,2026-08-14
o-003319,c-1822,718.69,completed,BR,2026-06-16T01:19:00Z,2026-06-16
o-003320,c-1724,799.75,completed,BR,2026-07-30T11:03:00Z,2026-07-30
o-003321,c-0332,2038.59,completed,BR,2026-06-27T13:25:00Z,2026-06-28
o-003322,c-0372,1123.90,completed,BR,2026-06-12T06:12:00Z,2026-06-12
o-003323,c-1066,2485.07,completed,BR,2026-06-21T00:08:00Z,2026-06-21
o-003324,c-0276,828.82,completed,BR,2026-06-05T06:13:00Z,2026-06-05
o-003325,c-0471,59.81,completed,BR,2026-07-14T14:28:00Z,2026-07-14
o-003326,c-1504,1732.18,completed,BR,2026-07-16T14:23:00Z,2026-07-16
o-003327,c-0897,2140.48,completed,BR,2026-07-23T19:39:00Z,2026-07-24
o-003328,c-1538,2035.51,completed,BR,2026-05-30T05:17:00Z,2026-05-31
o-003329,c-0432,144.84,cancelled,BR,2026-06-14T07:47:00Z,2026-06-15
o-003330,c-1672,1221.65,completed,BR,2026-06-19T08:45:00Z,2026-06-19
o-003331,c-0096,322.00,completed,BR,2026-05-31T18:51:00Z,2026-05-31
o-003332,c-0187,1138.28,completed,BR,2026-06-12T21:51:00Z,2026-06-12
o-003333,c-0600,135.04,completed,BR,2026-07-18T23:26:00Z,2026-07-19
o-003334,c-1353,2208.33,completed,BR,2026-06-05T15:41:00Z,2026-06-06
o-003335,c-0658,2062.98,completed,BR,2026-08-10T19:59:00Z,2026-08-10
o-003336,c-1896,662.96,completed,BR,2026-08-12T17:14:00Z,2026-08-13
o-003337,c-0316,1972.61,completed,BR,2026-06-10T10:32:00Z,2026-06-10
o-003338,c-0369,393.10,completed,BR,2026-08-05T22:21:00Z,2026-08-06
o-003339,c-0808,1896.83,completed,BR,2026-06-24T16:46:00Z,2026-06-24
o-003340,c-1940,622.28,completed,BR,2026-06-16T14:36:00Z,2026-06-16
o-003341,c-1627,469.84,completed,BR,2026-06-03T01:07:00Z,2026-06-04
o-003342,c-1979,1286.21,completed,BR,2026-07-06T22:35:00Z,2026-07-07
o-003343,c-1654,2295.94,completed,BR,2026-08-16T02:29:00Z,2026-08-16
o-003344,c-1768,2061.83,completed,BR,2026-05-27T20:59:00Z,2026-05-27
o-003345,c-1226,381.87,completed,BR,2026-08-10T19:16:00Z,2026-08-11
o-003346,c-0365,1497.45,pending,BR,2026-06-06T15:06:00Z,2026-06-06
o-003347,c-0360,359.55,completed,BR,2026-07-11T23:16:00Z,2026-07-11
o-003348,c-0452,1396.10,completed,BR,2026-05-25T11:54:00Z,2026-05-26
o-003349,c-0307,365.13,completed,BR,2026-07-10T21:20:00Z,2026-07-11
o-003350,c-1211,2198.28,completed,BR,2026-06-16T06:47:00Z,2026-06-16
o-003351,c-1418,1351.25,completed,BR,2026-06-29T09:19:00Z,2026-06-30
o-003352,c-1797,2262.58,completed,BR,2026-07-26T16:31:00Z,2026-07-27
o-003353,c-0025,681.05,completed,BR,2026-06-13T00:55:00Z,2026-06-14
o-003354,c-1258,1709.38,pending,BR,2026-08-18T11:04:00Z,2026-08-19
o-003355,c-0389,1971.12,completed,BR,2026-06-24T19:44:00Z,2026-06-24
o-003356,c-0814,1070.71,completed,BR,2026-06-12T19:47:00Z,2026-06-13
o-003357,c-0849,586.76,completed,BR,2026-07-25T15:20:00Z,2026-07-25
o-003358,c-0328,2280.56,completed,BR,2026-05-25T13:05:00Z,2026-05-26
o-003359,c-0716,1359.13,completed,BR,2026-08-08T04:01:00Z,2026-08-09
o-003360,c-1173,1814.19,completed,BR,2026-08-06T09:07:00Z,2026-08-06
o-003361,c-0661,2310.53,cancelled,BR,2026-07-14T06:02:00Z,2026-07-14
o-003362,c-1212,797.78,pending,BR,2026-08-20T18:25:00Z,2026-08-20
o-003363,c-0893,614.69,completed,BR,2026-06-11T20:26:00Z,2026-06-11
o-003364,c-1694,1557.95,completed,BR,2026-06-15T01:27:00Z,2026-06-16
o-003365,c-0156,841.39,completed,BR,2026-07-27T00:41:00Z,2026-07-28
o-003366,c-0199,490.36,pending,BR,2026-06-20T20:34:00Z,2026-06-20
o-003367,c-0090,685.17,completed,BR,2026-06-20T22:54:00Z,2026-06-20
o-003368,c-0132,2048.21,completed,BR,2026-06-11T03:53:00Z,2026-06-11
o-003369,c-1602,195.29,pending,BR,2026-07-27T21:58:00Z,2026-07-27
o-003370,c-1457,934.36,completed,BR,2026-07-17T17:26:00Z,2026-07-18
o-003371,c-0823,748.40,completed,BR,2026-08-05T03:33:00Z,2026-08-06
o-003372,c-0537,1392.90,completed,BR,2026-07-01T09:48:00Z,2026-07-01
o-003373,c-1715,2092.87,completed,BR,2026-07-11T05:36:00Z,2026-07-12
o-003374,c-0906,1597.51,completed,BR,2026-07-02T16:20:00Z,2026-07-03
o-003375,c-1307,1007.31,cancelled,BR,2026-07-13T23:19:00Z,2026-07-13
o-003376,c-1221,1091.18,completed,BR,2026-06-29T21:11:00Z,2026-06-29
o-003377,c-1251,356.57,cancelled,BR,2026-06-10T05:04:00Z,2026-06-10
o-003378,c-0375,47.68,completed,BR,2026-05-28T09:10:00Z,2026-05-29
o-003379,c-1090,546.31,cancelled,BR,2026-06-28T23:31:00Z,2026-06-28
o-003380,c-0185,1180.29,completed,BR,2026-06-11T13:37:00Z,2026-06-12
o-003381,c-1179,1728.18,completed,BR,2026-06-12T16:44:00Z,2026-06-12
o-003382,c-0228,1839.71,completed,BR,2026-06-20T13:27:00Z,2026-06-21
o-003383,c-0043,1845.06,pending,BR,2026-05-23T01:00:00Z,2026-05-24
o-003384,c-1918,495.79,completed,BR,2026-07-05T06:34:00Z,2026-07-06
o-003385,c-0387,2183.06,completed,BR,2026-08-11T01:20:00Z,2026-08-11
o-003386,c-0554,614.46,completed,BR,2026-06-22T17:45:00Z,2026-06-22
o-003387,c-1916,891.42,completed,BR,2026-07-15T19:10:00Z,2026-07-15
o-003388,c-0123,1130.50,completed,BR,2026-07-17T05:52:00Z,2026-07-18
o-003389,c-1549,1093.19,completed,BR,2026-06-21T05:54:00Z,2026-06-21
o-003390,c-1807,2180.84,completed,BR,2026-07-11T21:50:00Z,2026-07-11
o-003391,c-0440,2037.32,completed,BR,2026-06-02T16:21:00Z,2026-06-02
o-003392,c-1809,1579.61,completed,BR,2026-07-13T05:25:00Z,2026-07-14
o-003393,c-0215,623.34,completed,BR,2026-06-05T00:04:00Z,2026-06-05
o-003394,c-0318,1661.24,pending,BR,2026-06-17T07:45:00Z,2026-06-17
o-003395,c-0204,1684.20,pending,BR,2026-06-20T11:57:00Z,2026-06-20
o-003396,c-0945,1844.25,pending,BR,2026-05-31T16:30:00Z,2026-06-01
o-003397,c-1451,2345.05,pending,BR,2026-08-20T00:25:00Z,2026-08-21
o-003398,c-1010,967.18,completed,BR,2026-07-16T20:46:00Z,2026-07-17
o-003399,c-1691,1457.09,completed,BR,2026-07-30T16:06:00Z,2026-07-31
o-003400,c-0507,1926.96,completed,BR,2026-07-21T19:28:00Z,2026-07-22
o-003401,c-0240,1154.31,completed,BR,2026-06-06T11:37:00Z,2026-06-07
o-003402,c-1187,2133.81,completed,BR,2026-07-31T22:19:00Z,2026-08-01
o-003403,c-1354,1246.21,pending,BR,2026-05-25T22:52:00Z,2026-05-25
o-003404,c-1437,980.02,completed,BR,2026-07-13T17:24:00Z,2026-07-13
o-003405,c-1253,2175.34,completed,BR,2026-06-04T04:20:00Z,2026-06-05
o-003406,c-0419,773.58,completed,BR,2026-08-03T05:21:00Z,2026-08-04
o-003407,c-0458,1507.85,completed,BR,2026-08-11T20:00:00Z,2026-08-12
o-003408,c-1512,748.16,completed,BR,2026-08-08T00:28:00Z,2026-08-09
o-003409,c-1285,1190.57,pending,BR,2026-07-14T13:37:00Z,2026-07-15
o-003410,c-0129,1912.35,completed,BR,2026-07-12T15:01:00Z,2026-07-12
o-003411,c-1134,1955.71,completed,BR,2026-08-18T21:31:00Z,2026-08-19
o-003412,c-1146,883.10,completed,BR,2026-08-04T09:25:00Z,2026-08-05
o-003413,c-0155,2384.25,completed,BR,2026-08-08T16:54:00Z,2026-08-09
o-003414,c-0231,1030.33,completed,BR,2026-07-20T16:40:00Z,2026-07-21
o-003415,c-0423,999.68,completed,BR,2026-07-30T03:24:00Z,2026-07-31
o-003416,c-1591,1462.78,completed,BR,2026-06-29T10:00:00Z,2026-06-29
o-003417,c-1358,1601.82,pending,BR,2026-05-24T10:10:00Z,2026-05-24
o-003418,c-1712,2219.64,completed,BR,2026-07-13T04:29:00Z,2026-07-13
o-003419,c-0813,1003.54,completed,BR,2026-05-30T00:53:00Z,2026-05-30
o-003420,c-0555,1338.93,completed,BR,2026-07-28T03:49:00Z,2026-07-28
o-003421,c-0002,1392.92,completed,BR,2026-08-02T06:55:00Z,2026-08-02
o-003422,c-0676,1208.76,completed,BR,2026-07-31T17:15:00Z,2026-08-01
o-003423,c-0537,2084.35,pending,BR,2026-06-05T17:22:00Z,2026-06-06
o-003424,c-1773,595.22,completed,BR,2026-07-19T11:58:00Z,2026-07-19
o-003425,c-0097,6.58,completed,BR,2026-07-06T23:24:00Z,2026-07-07
o-003426,c-0209,1482.47,pending,BR,2026-08-07T11:41:00Z,2026-08-07
o-003427,c-0036,2278.35,cancelled,BR,2026-07-11T09:06:00Z,2026-07-12
o-003428,c-1572,1415.51,pending,BR,2026-07-31T21:54:00Z,2026-08-01
o-003429,c-0885,1124.82,completed,BR,2026-07-23T23:58:00Z,2026-07-23
o-003430,c-1339,300.20,completed,BR,2026-07-15T20:51:00Z,2026-07-15
o-003431,c-0064,286.93,pending,BR,2026-07-16T11:56:00Z,2026-07-16
o-003432,c-0098,581.16,cancelled,BR,2026-06-30T08:08:00Z,2026-06-30
o-003433,c-0806,1212.45,completed,BR,2026-07-16T17:57:00Z,2026-07-17
o-003434,c-1677,2291.78,completed,BR,2026-05-27T12:09:00Z,2026-05-27
o-003435,c-0240,812.40,completed,BR,2026-08-07T13:55:00Z,2026-08-08
o-003436,c-0281,791.99,completed,BR,2026-06-14T05:54:00Z,2026-06-14
o-003437,c-0256,1524.43,completed,BR,2026-06-19T20:41:00Z,2026-06-20
o-003438,c-0901,1983.85,completed,BR,2026-07-01T15:57:00Z,2026-07-02
o-003439,c-0622,1355.25,completed,BR,2026-07-03T11:38:00Z,2026-07-03
o-003440,c-1231,1095.50,completed,BR,2026-06-21T17:14:00Z,2026-06-22
o-003441,c-0013,1225.30,completed,BR,2026-06-09T09:21:00Z,2026-06-10
o-003442,c-0447,258.56,completed,BR,2026-08-07T01:00:00Z,2026-08-07
o-003443,c-0808,323.68,completed,BR,2026-06-03T02:59:00Z,2026-06-04
o-003444,c-0486,2308.22,completed,BR,2026-08-12T14:31:00Z,2026-08-12
o-003445,c-0872,1932.14,completed,BR,2026-07-31T23:15:00Z,2026-08-01
o-003446,c-1139,805.86,completed,BR,2026-08-01T10:10:00Z,2026-08-01
o-003447,c-1197,1673.14,completed,BR,2026-07-06T04:45:00Z,2026-07-07
o-003448,c-0208,1018.17,cancelled,BR,2026-07-03T15:23:00Z,2026-07-03
o-003449,c-0919,171.07,completed,BR,2026-05-29T16:54:00Z,2026-05-29
o-003450,c-0744,774.74,completed,BR,2026-07-19T14:19:00Z,2026-07-20
o-003451,c-0966,579.65,completed,BR,2026-06-19T11:49:00Z,2026-06-19
o-003452,c-0610,1098.71,completed,BR,2026-06-29T03:53:00Z,2026-06-30
o-003453,c-0244,894.24,completed,BR,2026-08-04T14:12:00Z,2026-08-05
o-003454,c-0593,2119.28,completed,BR,2026-05-27T10:14:00Z,2026-05-28
o-003455,c-1046,1338.12,completed,BR,2026-06-07T16:13:00Z,2026-06-08
o-003456,c-0171,2185.25,completed,BR,2026-06-17T07:52:00Z,2026-06-17
o-003457,c-0875,2341.17,completed,BR,2026-07-26T17:56:00Z,2026-07-26
o-003458,c-1664,2284.45,completed,BR,2026-06-14T15:34:00Z,2026-06-15
o-003459,c-0403,29.06,pending,BR,2026-07-17T05:20:00Z,2026-07-17
o-003460,c-0642,457.94,completed,BR,2026-07-01T13:20:00Z,2026-07-01
o-003461,c-1898,821.96,completed,BR,2026-07-27T01:06:00Z,2026-07-27
o-003462,c-0730,1065.02,completed,BR,2026-06-29T08:55:00Z,2026-06-30
o-003463,c-1017,223.62,completed,BR,2026-07-10T05:37:00Z,2026-07-11
o-003464,c-1206,2330.70,cancelled,BR,2026-06-20T06:52:00Z,2026-06-21
o-003465,c-0280,1471.21,completed,BR,2026-07-10T20:50:00Z,2026-07-11
o-003466,c-0537,2429.31,completed,BR,2026-08-09T18:36:00Z,2026-08-09
o-003467,c-1413,97.14,completed,BR,2026-08-07T17:21:00Z,2026-08-08
o-003468,c-0467,1445.71,completed,BR,2026-06-21T21:45:00Z,2026-06-22
o-003469,c-0336,242.52,completed,BR,2026-08-07T13:42:00Z,2026-08-08
o-003470,c-1853,722.29,completed,BR,2026-07-11T08:47:00Z,2026-07-12
o-003471,c-1269,1878.95,cancelled,BR,2026-08-16T19:46:00Z,2026-08-17
o-003472,c-1194,929.93,completed,BR,2026-07-09T15:21:00Z,2026-07-10
o-003473,c-1545,1302.15,cancelled,BR,2026-06-06T18:03:00Z,2026-06-06
o-003474,c-0294,183.29,pending,BR,2026-07-21T23:34:00Z,2026-07-21
o-003475,c-1680,348.46,completed,BR,2026-06-16T20:38:00Z,2026-06-17
o-003476,c-1841,209.46,completed,BR,2026-07-04T18:33:00Z,2026-07-05
o-003477,c-1876,2413.89,cancelled,BR,2026-06-04T08:50:00Z,2026-06-04
o-003478,c-0872,1243.37,pending,BR,2026-07-28T12:33:00Z,2026-07-28
o-003479,c-0170,459.65,completed,BR,2026-05-26T06:33:00Z,2026-05-27
o-003480,c-1541,1088.87,completed,BR,2026-06-02T18:15:00Z,2026-06-03
o-003481,c-1709,1349.23,completed,BR,2026-07-05T18:00:00Z,2026-07-05
o-003482,c-1512,1988.34,completed,BR,2026-08-04T20:54:00Z,2026-08-04
o-003483,c-1707,267.89,completed,BR,2026-05-29T11:20:00Z,2026-05-29
o-003484,c-1148,2154.30,cancelled,BR,2026-08-05T06:14:00Z,2026-08-06
o-003485,c-0184,1571.87,completed,BR,2026-07-26T17:48:00Z,2026-07-26
o-003486,c-1546,1806.17,cancelled,BR,2026-05-24T21:20:00Z,2026-05-24
o-003487,c-0260,1684.97,completed,BR,2026-06-07T03:36:00Z,2026-06-07
o-003488,c-1613,1463.31,completed,BR,2026-07-30T04:54:00Z,2026-07-31
o-003489,c-0630,340.33,pending,BR,2026-07-06T03:15:00Z,2026-07-07
o-003490,c-0087,1437.05,completed,BR,2026-07-03T17:51:00Z,2026-07-03
o-003491,c-1753,1258.21,completed,BR,2026-06-28T10:03:00Z,2026-06-28
o-003492,c-0614,534.38,completed,BR,2026-07-13T02:57:00Z,2026-07-14
o-003493,c-1911,1744.41,pending,BR,2026-07-25T06:24:00Z,2026-07-26
o-003494,c-0287,2287.96,completed,BR,2026-08-19T11:32:00Z,2026-08-20
o-003495,c-1164,617.14,completed,BR,2026-08-10T01:45:00Z,2026-08-10
o-003496,c-1284,837.99,completed,BR,2026-07-17T02:23:00Z,2026-07-18
o-003497,c-0923,1665.82,completed,BR,2026-07-04T12:52:00Z,2026-07-05
o-003498,c-0491,1464.03,completed,BR,2026-07-07T11:50:00Z,2026-07-07
o-003499,c-0208,952.68,completed,BR,2026-08-17T19:02:00Z,2026-08-17
o-003500,c-1717,1272.60,completed,BR,2026-07-24T05:29:00Z,2026-07-24
o-003501,c-1752,400.23,completed,BR,2026-08-14T12:26:00Z,2026-08-14
o-003502,c-0703,2285.71,completed,BR,2026-07-28T02:24:00Z,2026-07-29
o-003503,c-0526,176.38,completed,BR,2026-07-14T02:02:00Z,2026-07-14
o-003504,c-1277,2497.94,completed,BR,2026-07-03T20:57:00Z,2026-07-03
o-003505,c-0686,1340.86,pending,BR,2026-06-30T13:53:00Z,2026-07-01
o-003506,c-0088,2438.41,cancelled,BR,2026-05-27T06:42:00Z,2026-05-27
o-003507,c-0278,1228.59,completed,BR,2026-06-25T04:31:00Z,2026-06-26
o-003508,c-0428,1058.44,cancelled,BR,2026-07-27T03:16:00Z,2026-07-28
o-003509,c-1386,680.12,completed,BR,2026-08-05T07:37:00Z,2026-08-06
o-003510,c-1627,532.48,completed,BR,2026-07-14T18:51:00Z,2026-07-14
o-003511,c-0857,1240.77,completed,BR,2026-08-15T19:40:00Z,2026-08-15
o-003512,c-1167,438.38,completed,BR,2026-06-27T19:32:00Z,2026-06-28
o-003513,c-1568,677.71,completed,BR,2026-07-06T03:54:00Z,2026-07-06
o-003514,c-1703,2079.42,completed,BR,2026-07-20T04:54:00Z,2026-07-21
o-003515,c-0253,1136.51,pending,BR,2026-05-25T20:27:00Z,2026-05-25
o-003516,c-1616,268.62,completed,BR,2026-06-26T23:49:00Z,2026-06-26
o-003517,c-0416,766.14,completed,BR,2026-07-26T16:57:00Z,2026-07-26
o-003518,c-1039,1236.08,completed,BR,2026-07-18T20:47:00Z,2026-07-19
o-003519,c-1970,1282.36,pending,BR,2026-06-19T12:18:00Z,2026-06-20
o-003520,c-0921,39.74,completed,BR,2026-06-21T22:00:00Z,2026-06-21
o-003521,c-1276,2283.30,cancelled,BR,2026-07-06T06:32:00Z,2026-07-07
o-003522,c-1986,62.86,completed,BR,2026-07-12T04:22:00Z,2026-07-13
o-003523,c-1613,421.31,completed,BR,2026-06-25T02:41:00Z,2026-06-25
o-003524,c-1767,2175.38,pending,BR,2026-08-09T01:46:00Z,2026-08-10
o-003525,c-0923,1157.25,completed,BR,2026-06-27T02:01:00Z,2026-06-27
o-003526,c-1449,1726.90,completed,BR,2026-06-26T03:36:00Z,2026-06-26
o-003527,c-0327,680.45,cancelled,BR,2026-06-22T17:41:00Z,2026-06-22
o-003528,c-0122,1555.35,completed,BR,2026-07-01T03:40:00Z,2026-07-01
o-003529,c-0296,1877.88,completed,BR,2026-07-21T00:37:00Z,2026-07-22
o-003530,c-0310,1862.30,cancelled,BR,2026-08-04T13:13:00Z,2026-08-04
o-003531,c-0364,936.12,cancelled,BR,2026-06-30T04:11:00Z,2026-07-01
o-003532,c-0029,666.21,pending,BR,2026-08-13T21:13:00Z,2026-08-13
o-003533,c-0859,253.70,completed,BR,2026-08-10T01:02:00Z,2026-08-10
o-003534,c-0626,959.52,completed,BR,2026-08-19T12:13:00Z,2026-08-19
o-003535,c-0973,34.94,completed,BR,2026-07-19T22:41:00Z,2026-07-19
o-003536,c-0115,2335.95,completed,BR,2026-05-27T01:38:00Z,2026-05-28
o-003537,c-1597,1982.09,completed,BR,2026-07-15T23:08:00Z,2026-07-15
o-003538,c-1170,904.18,completed,BR,2026-07-31T18:01:00Z,2026-07-31
o-003539,c-0695,1164.79,completed,BR,2026-05-26T01:06:00Z,2026-05-27
o-003540,c-0499,345.72,cancelled,BR,2026-08-03T00:01:00Z,2026-08-04
o-003541,c-0443,1540.26,completed,BR,2026-05-27T20:28:00Z,2026-05-27
o-003542,c-0329,238.34,completed,BR,2026-07-10T18:02:00Z,2026-07-11
o-003543,c-1812,193.55,completed,BR,2026-06-10T05:07:00Z,2026-06-10
o-003544,c-1648,2059.95,completed,BR,2026-06-27T23:26:00Z,2026-06-27
o-003545,c-1016,281.84,completed,BR,2026-05-31T15:53:00Z,2026-05-31
o-003546,c-0932,645.80,completed,BR,2026-05-29T04:52:00Z,2026-05-29
o-003547,c-1556,757.33,pending,BR,2026-06-08T05:23:00Z,2026-06-08
o-003548,c-0191,1621.62,completed,BR,2026-07-05T05:13:00Z,2026-07-06
o-003549,c-1547,210.29,cancelled,BR,2026-08-16T23:01:00Z,2026-08-17
o-003550,c-0625,1856.06,completed,BR,2026-07-22T05:24:00Z,2026-07-22
o-003551,c-0427,1687.64,completed,BR,2026-08-11T11:20:00Z,2026-08-11
o-003552,c-0461,2307.76,completed,BR,2026-06-02T20:29:00Z,2026-06-03
o-003553,c-1475,1395.19,cancelled,BR,2026-08-17T04:17:00Z,2026-08-18
o-003554,c-1695,1731.64,completed,BR,2026-07-06T03:24:00Z,2026-07-06
o-003555,c-0270,268.89,completed,BR,2026-06-06T10:59:00Z,2026-06-06
o-003556,c-0350,2014.53,completed,BR,2026-07-13T22:18:00Z,2026-07-14
o-003557,c-0523,1200.03,completed,BR,2026-07-27T21:26:00Z,2026-07-27
o-003558,c-0439,1161.70,cancelled,BR,2026-05-24T16:33:00Z,2026-05-25
o-003559,c-0639,1143.19,completed,BR,2026-06-21T14:52:00Z,2026-06-21
o-003560,c-1157,278.29,completed,BR,2026-06-29T19:54:00Z,2026-06-29
o-003561,c-0176,1095.77,completed,BR,2026-07-13T18:47:00Z,2026-07-13
o-003562,c-0805,1521.78,pending,BR,2026-06-08T06:50:00Z,2026-06-09
o-003563,c-0472,700.11,completed,BR,2026-07-17T08:28:00Z,2026-07-17
o-003564,c-1033,398.51,completed,BR,2026-07-29T13:20:00Z,2026-07-30
o-003565,c-0885,472.79,completed,BR,2026-05-24T05:04:00Z,2026-05-24
o-003566,c-0409,1859.98,completed,BR,2026-06-10T00:22:00Z,2026-06-11
o-003567,c-0004,2197.23,pending,BR,2026-05-23T01:01:00Z,2026-05-23
o-003568,c-1124,1299.90,completed,BR,2026-06-29T23:45:00Z,2026-06-30
o-003569,c-0929,601.99,completed,BR,2026-05-23T00:33:00Z,2026-05-23
o-003570,c-0249,634.05,completed,BR,2026-05-23T00:37:00Z,2026-05-23
o-003571,c-0788,1421.45,pending,BR,2026-06-11T07:08:00Z,2026-06-12
o-003572,c-0413,2334.88,pending,BR,2026-08-05T21:34:00Z,2026-08-06
o-003573,c-1516,1792.32,completed,BR,2026-05-24T17:50:00Z,2026-05-25
o-003574,c-0615,1360.60,pending,BR,2026-06-02T17:27:00Z,2026-06-03
o-003575,c-0529,974.33,completed,BR,2026-05-25T19:52:00Z,2026-05-26
o-003576,c-1402,551.70,completed,BR,2026-06-04T23:53:00Z,2026-06-04
o-003577,c-1952,1116.94,cancelled,BR,2026-07-28T02:20:00Z,2026-07-28
o-003578,c-1357,1512.30,completed,BR,2026-08-19T08:21:00Z,2026-08-19
o-003579,c-1555,1435.46,pending,BR,2026-06-11T00:12:00Z,2026-06-12
o-003580,c-1649,2120.42,completed,BR,2026-07-08T06:20:00Z,2026-07-08
o-003581,c-0569,1035.12,completed,BR,2026-07-03T12:36:00Z,2026-07-04
o-003582,c-0581,1457.10,completed,BR,2026-07-13T13:28:00Z,2026-07-13
o-003583,c-1467,138.90,completed,BR,2026-06-09T08:56:00Z,2026-06-09
o-003584,c-1660,352.50,pending,BR,2026-06-03T22:32:00Z,2026-06-03
o-003585,c-1886,348.74,completed,BR,2026-07-19T19:59:00Z,2026-07-20
o-003586,c-1983,7.82,cancelled,BR,2026-07-12T04:02:00Z,2026-07-13
o-003587,c-1026,2218.67,completed,BR,2026-08-19T10:57:00Z,2026-08-19
o-003588,c-0958,572.37,cancelled,BR,2026-08-12T06:26:00Z,2026-08-13
o-003589,c-0328,2377.83,completed,BR,2026-07-20T00:00:00Z,2026-07-21
o-003590,c-0179,402.88,completed,BR,2026-08-02T04:35:00Z,2026-08-03
o-003591,c-0220,1374.64,completed,BR,2026-05-31T20:11:00Z,2026-06-01
o-003592,c-0709,1413.33,completed,BR,2026-07-12T03:56:00Z,2026-07-12
o-003593,c-0125,1164.30,completed,BR,2026-05-30T08:27:00Z,2026-05-31
o-003594,c-0049,139.19,completed,BR,2026-06-23T16:09:00Z,2026-06-24
o-003595,c-0178,78.91,pending,BR,2026-06-14T06:57:00Z,2026-06-14
o-003596,c-1163,1838.85,cancelled,BR,2026-07-16T02:22:00Z,2026-07-16
o-003597,c-0257,78.27,cancelled,BR,2026-07-30T22:23:00Z,2026-07-30
o-003598,c-1020,1839.89,completed,BR,2026-07-03T07:52:00Z,2026-07-04
o-003599,c-0640,957.68,completed,BR,2026-07-01T20:11:00Z,2026-07-01
o-003600,c-0901,1050.31,completed,BR,2026-08-12T09:24:00Z,2026-08-12
o-003601,c-0220,1556.99,completed,BR,2026-05-23T11:31:00Z,2026-05-23
o-003602,c-1975,1831.06,completed,BR,2026-06-11T08:15:00Z,2026-06-12
o-003603,c-1144,2402.95,completed,BR,2026-07-14T17:10:00Z,2026-07-14
o-003604,c-1926,798.04,completed,BR,2026-08-17T04:52:00Z,2026-08-18
o-003605,c-1369,2382.02,completed,BR,2026-05-23T16:25:00Z,2026-05-24
o-003606,c-1441,2024.05,cancelled,BR,2026-08-20T12:09:00Z,2026-08-20
o-003607,c-0566,2458.99,cancelled,BR,2026-08-10T14:56:00Z,2026-08-11
o-003608,c-1746,1366.72,completed,BR,2026-06-26T19:18:00Z,2026-06-27
o-003609,c-0957,2075.52,completed,BR,2026-08-05T01:40:00Z,2026-08-05
o-003610,c-0741,42.54,completed,BR,2026-06-05T16:19:00Z,2026-06-06
o-003611,c-0618,2434.02,completed,BR,2026-07-02T08:51:00Z,2026-07-02
o-003612,c-0630,138.85,pending,BR,2026-07-10T17:09:00Z,2026-07-10
o-003613,c-0309,221.77,pending,BR,2026-07-17T08:38:00Z,2026-07-18
o-003614,c-0336,895.51,completed,BR,2026-06-14T00:25:00Z,2026-06-15
o-003615,c-1641,711.22,pending,BR,2026-06-07T03:42:00Z,2026-06-08
o-003616,c-1586,492.93,completed,BR,2026-07-29T04:29:00Z,2026-07-29
o-003617,c-0006,2143.65,completed,BR,2026-07-01T07:21:00Z,2026-07-02
o-003618,c-1025,2186.71,completed,BR,2026-06-14T23:04:00Z,2026-06-15
o-003619,c-1202,2004.42,completed,BR,2026-07-13T12:16:00Z,2026-07-13
o-003620,c-0712,2117.62,pending,BR,2026-05-28T05:05:00Z,2026-05-28
o-003621,c-1670,2196.02,completed,BR,2026-08-15T23:17:00Z,2026-08-15
o-003622,c-1643,1816.89,completed,BR,2026-05-26T03:45:00Z,2026-05-27
o-003623,c-0105,780.83,pending,BR,2026-07-29T13:00:00Z,2026-07-29
o-003624,c-1018,359.98,completed,BR,2026-08-13T16:24:00Z,2026-08-13
o-003625,c-0120,510.58,completed,BR,2026-08-20T06:06:00Z,2026-08-21
o-003626,c-1128,2071.04,completed,BR,2026-05-29T02:05:00Z,2026-05-30
o-003627,c-0067,2346.20,completed,BR,2026-07-22T03:15:00Z,2026-07-22
o-003628,c-1537,1726.20,pending,BR,2026-08-06T14:48:00Z,2026-08-07
o-003629,c-0094,1952.78,completed,BR,2026-08-11T12:56:00Z,2026-08-11
o-003630,c-1558,2469.30,completed,BR,2026-08-09T01:46:00Z,2026-08-10
o-003631,c-0202,1456.68,completed,BR,2026-08-12T14:52:00Z,2026-08-13
o-003632,c-1777,914.82,completed,BR,2026-06-07T02:13:00Z,2026-06-08
o-003633,c-0698,562.52,completed,BR,2026-06-07T00:30:00Z,2026-06-07
o-003634,c-1144,1323.57,pending,BR,2026-07-18T16:47:00Z,2026-07-18
o-003635,c-0966,348.32,completed,BR,2026-05-30T22:14:00Z,2026-05-31
o-003636,c-0230,2364.01,completed,BR,2026-05-26T17:44:00Z,2026-05-26
o-003637,c-1596,1540.85,cancelled,BR,2026-06-11T04:57:00Z,2026-06-11
o-003638,c-1387,1491.33,pending,BR,2026-08-12T12:16:00Z,2026-08-13
o-003639,c-1005,1938.36,completed,BR,2026-07-24T10:53:00Z,2026-07-24
o-003640,c-0083,1121.28,completed,BR,2026-06-05T00:11:00Z,2026-06-06
o-003641,c-1121,42.24,pending,BR,2026-08-01T11:50:00Z,2026-08-02
o-003642,c-0954,2168.49,completed,BR,2026-05-24T05:41:00Z,2026-05-25
o-003643,c-1371,2170.98,completed,BR,2026-06-09T06:56:00Z,2026-06-10
o-003644,c-1975,469.63,cancelled,BR,2026-06-07T12:37:00Z,2026-06-07
o-003645,c-1617,2483.32,completed,BR,2026-07-10T17:22:00Z,2026-07-11
o-003646,c-0532,999.03,completed,BR,2026-07-11T14:43:00Z,2026-07-12
o-003647,c-0136,1095.14,completed,BR,2026-06-23T18:54:00Z,2026-06-24
o-003648,c-1428,1872.68,pending,BR,2026-06-10T02:20:00Z,2026-06-10
o-003649,c-1507,293.02,completed,BR,2026-06-30T04:24:00Z,2026-06-30
o-003650,c-0010,1203.46,completed,BR,2026-06-17T11:02:00Z,2026-06-18
o-003651,c-1829,1955.52,completed,BR,2026-06-19T22:47:00Z,2026-06-19
o-003652,c-1270,1347.79,completed,BR,2026-06-09T09:34:00Z,2026-06-10
o-003653,c-1031,169.57,completed,BR,2026-06-30T03:47:00Z,2026-07-01
o-003654,c-1231,2024.38,completed,BR,2026-05-24T10:54:00Z,2026-05-24
o-003655,c-0096,372.66,completed,BR,2026-06-01T12:30:00Z,2026-06-02
o-003656,c-1564,2019.82,completed,BR,2026-07-11T22:18:00Z,2026-07-12
o-003657,c-1461,1986.50,completed,BR,2026-08-09T10:14:00Z,2026-08-10
o-003658,c-1127,231.33,completed,BR,2026-05-25T03:56:00Z,2026-05-26
o-003659,c-1868,1249.18,completed,BR,2026-06-11T15:32:00Z,2026-06-12
o-003660,c-1753,2398.09,completed,BR,2026-06-23T17:21:00Z,2026-06-24
o-003661,c-1525,1913.47,pending,BR,2026-06-09T17:49:00Z,2026-06-09
o-003662,c-1856,1125.36,completed,BR,2026-06-04T04:14:00Z,2026-06-05
o-003663,c-1567,1409.15,completed,BR,2026-07-05T11:16:00Z,2026-07-05
o-003664,c-0771,2135.93,completed,BR,2026-08-16T19:29:00Z,2026-08-16
o-003665,c-0466,1837.21,completed,BR,2026-06-29T09:27:00Z,2026-06-30
o-003666,c-1581,704.06,pending,BR,2026-07-21T04:02:00Z,2026-07-22
o-003667,c-0133,1106.65,completed,BR,2026-06-18T01:52:00Z,2026-06-19
o-003668,c-0251,907.33,pending,BR,2026-08-14T15:34:00Z,2026-08-14
o-003669,c-0986,1663.13,completed,BR,2026-06-04T15:20:00Z,2026-06-05
o-003670,c-0468,1327.54,pending,BR,2026-07-18T09:52:00Z,2026-07-18
o-003671,c-1722,757.78,pending,BR,2026-07-20T21:11:00Z,2026-07-21
o-003672,c-0103,409.18,completed,BR,2026-06-25T12:43:00Z,2026-06-26
o-003673,c-0303,2234.29,completed,BR,2026-07-28T09:02:00Z,2026-07-29
o-003674,c-0854,1074.38,completed,BR,2026-07-19T20:57:00Z,2026-07-20
o-003675,c-1400,521.15,completed,BR,2026-05-31T22:13:00Z,2026-06-01
o-003676,c-0427,1817.94,cancelled,BR,2026-07-13T15:26:00Z,2026-07-13
o-003677,c-0734,1511.34,completed,BR,2026-07-29T13:46:00Z,2026-07-30
o-003678,c-1244,135.03,pending,BR,2026-08-19T00:51:00Z,2026-08-20
o-003679,c-1059,2296.71,completed,BR,2026-07-12T18:43:00Z,2026-07-12
o-003680,c-0362,148.55,completed,BR,2026-07-09T07:16:00Z,2026-07-09
o-003681,c-0711,1971.58,completed,BR,2026-08-08T04:30:00Z,2026-08-08
o-003682,c-1184,1048.21,completed,BR,2026-07-03T19:54:00Z,2026-07-04
o-003683,c-0879,2379.10,pending,BR,2026-07-02T06:43:00Z,2026-07-03
o-003684,c-0843,1128.33,pending,BR,2026-07-26T19:56:00Z,2026-07-27
o-003685,c-1024,1778.15,completed,BR,2026-06-12T13:54:00Z,2026-06-12
o-003686,c-1202,1762.64,completed,BR,2026-07-29T08:09:00Z,2026-07-29
o-003687,c-0977,529.09,completed,BR,2026-06-08T14:46:00Z,2026-06-08
o-003688,c-0370,153.79,completed,BR,2026-08-13T04:30:00Z,2026-08-13
o-003689,c-0218,1905.13,pending,BR,2026-07-09T20:56:00Z,2026-07-10
o-003690,c-0873,1518.83,cancelled,BR,2026-06-05T13:10:00Z,2026-06-05
o-003691,c-1597,739.85,completed,BR,2026-07-31T11:07:00Z,2026-08-01
o-003692,c-0550,2093.69,completed,BR,2026-08-01T07:02:00Z,2026-08-02
o-003693,c-0360,2350.29,pending,BR,2026-08-05T00:13:00Z,2026-08-05
o-003694,c-0384,78.82,completed,BR,2026-07-14T18:50:00Z,2026-07-14
o-003695,c-0196,2492.23,pending,BR,2026-06-15T21:25:00Z,2026-06-16
o-003696,c-1015,2072.92,completed,BR,2026-07-31T00:55:00Z,2026-07-31
o-003697,c-0923,1164.06,pending,BR,2026-05-25T06:51:00Z,2026-05-25
o-003698,c-0820,2310.01,completed,BR,2026-05-28T10:43:00Z,2026-05-28
o-003699,c-1928,87.08,completed,BR,2026-06-18T05:26:00Z,2026-06-19
o-003700,c-0376,638.24,completed,BR,2026-08-04T07:54:00Z,2026-08-04
o-003701,c-1768,2021.81,completed,BR,2026-06-27T14:27:00Z,2026-06-27
o-003702,c-1876,1390.24,completed,BR,2026-08-03T01:47:00Z,2026-08-04
o-003703,c-1549,2324.42,completed,BR,2026-06-12T11:39:00Z,2026-06-13
o-003704,c-0223,1748.71,completed,BR,2026-08-08T07:08:00Z,2026-08-09
o-003705,c-1436,399.22,pending,BR,2026-06-15T17:55:00Z,2026-06-15
o-003706,c-0328,2237.55,completed,BR,2026-07-11T07:22:00Z,2026-07-11
o-003707,c-0612,2437.48,completed,BR,2026-07-16T01:08:00Z,2026-07-17
o-003708,c-1472,1052.35,completed,BR,2026-07-04T05:29:00Z,2026-07-04
o-003709,c-1133,1613.08,completed,BR,2026-06-18T18:31:00Z,2026-06-19
o-003710,c-1277,1873.55,completed,BR,2026-05-25T14:46:00Z,2026-05-25
o-003711,c-1036,2148.61,completed,BR,2026-05-23T13:47:00Z,2026-05-24
o-003712,c-0745,1885.08,pending,BR,2026-05-25T05:02:00Z,2026-05-25
o-003713,c-1363,1788.60,completed,BR,2026-06-13T19:02:00Z,2026-06-13
o-003714,c-0382,1930.26,cancelled,BR,2026-06-30T07:39:00Z,2026-06-30
o-003715,c-0573,651.32,completed,BR,2026-05-27T18:14:00Z,2026-05-27
o-003716,c-1841,396.41,cancelled,BR,2026-06-23T06:11:00Z,2026-06-23
o-003717,c-1961,423.59,completed,BR,2026-05-28T04:51:00Z,2026-05-29
o-003718,c-1856,1631.68,completed,BR,2026-05-30T03:39:00Z,2026-05-30
o-003719,c-0692,712.78,pending,BR,2026-08-18T01:14:00Z,2026-08-19
o-003720,c-1190,1263.21,completed,BR,2026-08-02T09:44:00Z,2026-08-02
o-003721,c-1278,488.13,pending,BR,2026-06-16T05:18:00Z,2026-06-16
o-003722,c-0808,2298.25,completed,BR,2026-06-08T00:51:00Z,2026-06-08
o-003723,c-0711,1413.00,pending,BR,2026-08-13T07:07:00Z,2026-08-13
o-003724,c-1704,2414.97,completed,BR,2026-06-26T02:10:00Z,2026-06-26
o-003725,c-0910,1951.29,pending,BR,2026-07-12T10:58:00Z,2026-07-12
o-003726,c-1949,145.82,completed,BR,2026-07-25T12:12:00Z,2026-07-25
o-003727,c-0986,1152.17,completed,BR,2026-06-27T05:04:00Z,2026-06-27
o-003728,c-0787,459.72,pending,BR,2026-06-26T20:05:00Z,2026-06-26
o-003729,c-1847,1123.10,completed,BR,2026-06-04T18:08:00Z,2026-06-04
o-003730,c-0811,1118.61,completed,BR,2026-06-04T15:23:00Z,2026-06-04
o-003731,c-1480,1004.95,cancelled,BR,2026-06-27T15:20:00Z,2026-06-27
o-003732,c-1368,2133.35,completed,BR,2026-07-13T08:24:00Z,2026-07-13
o-003733,c-1838,2264.74,completed,BR,2026-08-10T13:07:00Z,2026-08-11
o-003734,c-1657,1917.30,completed,BR,2026-08-04T18:10:00Z,2026-08-05
o-003735,c-0646,2187.03,completed,BR,2026-06-16T05:45:00Z,2026-06-16
o-003736,c-0129,887.81,completed,BR,2026-07-04T11:00:00Z,2026-07-05
o-003737,c-0193,680.91,completed,BR,2026-06-09T03:37:00Z,2026-06-09
o-003738,c-0614,598.22,pending,BR,2026-07-28T14:31:00Z,2026-07-29
o-003739,c-1307,353.45,completed,BR,2026-06-08T11:44:00Z,2026-06-09
o-003740,c-1762,332.57,cancelled,BR,2026-07-26T17:15:00Z,2026-07-27
o-003741,c-1287,1995.75,completed,BR,2026-07-31T03:37:00Z,2026-07-31
o-003742,c-1508,2319.54,completed,BR,2026-07-31T15:31:00Z,2026-07-31
o-003743,c-0884,1234.31,completed,BR,2026-08-04T06:13:00Z,2026-08-04
o-003744,c-1552,429.54,completed,BR,2026-08-02T13:22:00Z,2026-08-02
o-003745,c-0734,2182.15,cancelled,BR,2026-06-13T10:29:00Z,2026-06-14
o-003746,c-1967,1086.06,completed,BR,2026-07-28T10:40:00Z,2026-07-29
o-003747,c-1506,1320.59,completed,BR,2026-07-31T05:49:00Z,2026-08-01
o-003748,c-1433,1095.92,pending,BR,2026-06-09T12:50:00Z,2026-06-09
o-003749,c-0037,1850.44,completed,BR,2026-07-23T04:42:00Z,2026-07-23
o-003750,c-0743,766.33,completed,BR,2026-08-12T10:47:00Z,2026-08-13
o-003751,c-0165,1965.41,completed,BR,2026-08-02T05:11:00Z,2026-08-02
o-003752,c-1781,879.16,pending,BR,2026-07-30T05:22:00Z,2026-07-31
o-003753,c-0345,1893.55,cancelled,BR,2026-07-19T05:35:00Z,2026-07-20
o-003754,c-0387,1474.51,completed,BR,2026-06-15T20:00:00Z,2026-06-15
o-003755,c-1744,2364.68,pending,BR,2026-06-23T08:05:00Z,2026-06-24
o-003756,c-1167,1435.63,completed,BR,2026-05-24T19:44:00Z,2026-05-25
o-003757,c-0808,429.75,completed,BR,2026-05-28T04:26:00Z,2026-05-29
o-003758,c-0001,659.38,pending,BR,2026-07-05T01:37:00Z,2026-07-06
o-003759,c-0882,489.54,completed,BR,2026-06-28T20:02:00Z,2026-06-28
o-003760,c-1469,582.84,completed,BR,2026-06-02T18:14:00Z,2026-06-02
o-003761,c-0760,1908.72,completed,BR,2026-06-14T04:10:00Z,2026-06-15
o-003762,c-1713,1161.88,completed,BR,2026-08-06T07:24:00Z,2026-08-06
o-003763,c-1424,121.71,cancelled,BR,2026-07-29T04:29:00Z,2026-07-30
o-003764,c-1350,97.99,completed,BR,2026-07-13T03:59:00Z,2026-07-14
o-003765,c-1702,2102.15,completed,BR,2026-07-17T04:25:00Z,2026-07-18
o-003766,c-0448,1773.24,completed,BR,2026-07-07T00:00:00Z,2026-07-08
o-003767,c-0468,1160.26,completed,BR,2026-07-16T02:28:00Z,2026-07-17
o-003768,c-1350,370.80,completed,BR,2026-06-06T06:55:00Z,2026-06-06
o-003769,c-1611,1028.86,completed,BR,2026-08-10T08:18:00Z,2026-08-10
o-003770,c-1977,1091.01,completed,BR,2026-06-17T22:06:00Z,2026-06-18
o-003771,c-0715,693.67,pending,BR,2026-06-06T23:12:00Z,2026-06-07
o-003772,c-0366,1162.49,completed,BR,2026-07-11T16:23:00Z,2026-07-12
o-003773,c-1948,1053.46,cancelled,BR,2026-05-27T13:54:00Z,2026-05-27
o-003774,c-1619,631.26,completed,BR,2026-08-10T01:52:00Z,2026-08-11
o-003775,c-1803,1074.27,completed,BR,2026-07-03T10:06:00Z,2026-07-04
o-003776,c-0041,2495.02,pending,BR,2026-07-25T19:39:00Z,2026-07-25
o-003777,c-0354,752.95,completed,BR,2026-06-13T09:35:00Z,2026-06-13
o-003778,c-0912,772.59,pending,BR,2026-06-01T15:10:00Z,2026-06-01
o-003779,c-0551,866.65,pending,BR,2026-06-17T16:52:00Z,2026-06-18
o-003780,c-1173,642.54,completed,BR,2026-05-24T05:22:00Z,2026-05-25
o-003781,c-1583,1342.49,pending,BR,2026-07-10T04:26:00Z,2026-07-10
o-003782,c-0576,1722.09,completed,BR,2026-07-28T13:46:00Z,2026-07-29
o-003783,c-0130,1633.83,cancelled,BR,2026-05-23T19:21:00Z,2026-05-23
o-003784,c-1026,2186.62,completed,BR,2026-07-02T15:47:00Z,2026-07-03
o-003785,c-0358,232.97,pending,BR,2026-06-22T10:49:00Z,2026-06-22
o-003786,c-1711,1996.22,completed,BR,2026-06-20T15:34:00Z,2026-06-20
o-003787,c-0537,1681.54,completed,BR,2026-07-24T20:40:00Z,2026-07-25
o-003788,c-1510,239.19,completed,BR,2026-07-26T16:16:00Z,2026-07-27
o-003789,c-0435,1145.31,completed,BR,2026-07-10T02:34:00Z,2026-07-11
o-003790,c-1727,1631.30,pending,BR,2026-07-15T08:57:00Z,2026-07-16
o-003791,c-1739,1171.05,completed,BR,2026-07-11T07:25:00Z,2026-07-11
o-003792,c-0754,1649.51,pending,BR,2026-06-03T16:23:00Z,2026-06-03
o-003793,c-1922,154.23,completed,BR,2026-08-20T05:36:00Z,2026-08-20
o-003794,c-0023,1943.79,completed,BR,2026-05-28T22:29:00Z,2026-05-29
o-003795,c-0042,728.69,completed,BR,2026-07-14T13:02:00Z,2026-07-15
o-003796,c-1843,96.08,completed,BR,2026-07-18T08:58:00Z,2026-07-19
o-003797,c-1213,1275.44,completed,BR,2026-07-12T15:41:00Z,2026-07-13
o-003798,c-1364,531.42,pending,BR,2026-07-22T22:50:00Z,2026-07-22
o-003799,c-1123,2332.87,completed,BR,2026-06-15T13:26:00Z,2026-06-16
o-003800,c-1867,1438.72,completed,BR,2026-06-02T19:01:00Z,2026-06-03
o-003801,c-1041,1619.37,completed,BR,2026-06-19T16:48:00Z,2026-06-20
o-003802,c-1385,1496.50,pending,BR,2026-07-11T15:48:00Z,2026-07-11
o-003803,c-1173,1039.70,completed,BR,2026-06-13T22:32:00Z,2026-06-14
o-003804,c-0819,65.06,pending,BR,2026-08-12T10:54:00Z,2026-08-12
o-003805,c-1729,1678.51,completed,BR,2026-06-09T04:53:00Z,2026-06-09
o-003806,c-1423,1141.25,completed,BR,2026-08-02T13:48:00Z,2026-08-02
o-003807,c-1117,2161.47,completed,BR,2026-07-18T00:26:00Z,2026-07-19
o-003808,c-0422,471.11,completed,BR,2026-05-31T12:48:00Z,2026-05-31
o-003809,c-1184,2327.68,completed,BR,2026-05-24T15:12:00Z,2026-05-24
o-003810,c-1571,2093.26,pending,BR,2026-06-02T21:36:00Z,2026-06-02
o-003811,c-1005,304.40,completed,BR,2026-08-20T10:56:00Z,2026-08-20
o-003812,c-1583,2011.69,completed,BR,2026-07-20T23:58:00Z,2026-07-20
o-003813,c-1094,1060.11,pending,BR,2026-08-09T08:10:00Z,2026-08-10
o-003814,c-1203,733.38,completed,BR,2026-08-20T18:34:00Z,2026-08-20
o-003815,c-1992,2211.27,completed,BR,2026-06-22T10:19:00Z,2026-06-22
o-003816,c-0232,709.28,pending,BR,2026-08-09T13:28:00Z,2026-08-09
o-003817,c-0780,1499.04,completed,BR,2026-07-05T17:28:00Z,2026-07-05
o-003818,c-0005,922.82,cancelled,BR,2026-07-29T05:17:00Z,2026-07-29
o-003819,c-1150,2281.59,pending,BR,2026-06-27T21:50:00Z,2026-06-27
o-003820,c-1663,140.49,completed,BR,2026-08-19T21:52:00Z,2026-08-19
o-003821,c-0955,1813.07,completed,BR,2026-07-22T16:55:00Z,2026-07-22
o-003822,c-0792,1586.87,cancelled,BR,2026-06-26T21:14:00Z,2026-06-26
o-003823,c-0704,2208.16,completed,BR,2026-05-29T03:24:00Z,2026-05-30
o-003824,c-1808,1932.13,cancelled,BR,2026-08-15T04:57:00Z,2026-08-15
o-003825,c-0673,8.67,cancelled,BR,2026-05-28T03:30:00Z,2026-05-28
o-003826,c-1919,1499.70,completed,BR,2026-08-11T09:02:00Z,2026-08-12
o-003827,c-1802,124.57,completed,BR,2026-08-11T17:02:00Z,2026-08-11
o-003828,c-0931,402.54,completed,BR,2026-06-13T19:26:00Z,2026-06-13
o-003829,c-1334,2175.95,completed,BR,2026-06-30T16:20:00Z,2026-06-30
o-003830,c-1353,2127.39,completed,BR,2026-07-28T16:42:00Z,2026-07-29
o-003831,c-1949,1414.54,completed,BR,2026-07-21T20:17:00Z,2026-07-21
o-003832,c-0155,1050.28,completed,BR,2026-08-06T21:07:00Z,2026-08-07
o-003833,c-1759,279.90,pending,BR,2026-07-13T12:08:00Z,2026-07-13
o-003834,c-1142,87.57,completed,BR,2026-05-25T07:39:00Z,2026-05-25
o-003835,c-0935,146.76,pending,BR,2026-06-14T13:12:00Z,2026-06-15
o-003836,c-0575,676.96,completed,BR,2026-08-07T12:40:00Z,2026-08-07
o-003837,c-1315,636.44,cancelled,BR,2026-08-18T15:57:00Z,2026-08-18
o-003838,c-0167,450.71,pending,BR,2026-06-29T21:59:00Z,2026-06-29
o-003839,c-0611,409.95,pending,BR,2026-06-19T13:38:00Z,2026-06-19
o-003840,c-1200,229.61,cancelled,BR,2026-06-20T14:23:00Z,2026-06-20
o-003841,c-0019,460.69,cancelled,BR,2026-08-03T14:25:00Z,2026-08-03
o-003842,c-0512,1527.06,completed,BR,2026-07-19T00:08:00Z,2026-07-20
o-003843,c-0497,941.70,completed,BR,2026-08-19T09:02:00Z,2026-08-20
o-003844,c-0727,559.65,pending,BR,2026-06-24T16:48:00Z,2026-06-24
o-003845,c-1434,1334.31,completed,BR,2026-07-09T08:43:00Z,2026-07-09
o-003846,c-1989,611.46,completed,BR,2026-08-20T08:53:00Z,2026-08-20
o-003847,c-0244,883.93,completed,BR,2026-07-19T15:15:00Z,2026-07-20
o-003848,c-0567,2347.98,completed,BR,2026-06-11T06:08:00Z,2026-06-11
o-003849,c-0877,100.91,completed,BR,2026-07-21T19:49:00Z,2026-07-22
o-003850,c-0582,1465.34,completed,BR,2026-08-05T09:36:00Z,2026-08-06
o-003851,c-1983,2278.87,pending,BR,2026-06-14T04:47:00Z,2026-06-14
o-003852,c-1949,645.15,completed,BR,2026-07-11T05:10:00Z,2026-07-12
o-003853,c-1155,1551.61,completed,BR,2026-07-15T12:04:00Z,2026-07-16
o-003854,c-1943,2328.88,completed,BR,2026-06-14T06:57:00Z,2026-06-15
o-003855,c-0773,1527.63,completed,BR,2026-08-07T21:52:00Z,2026-08-07
o-003856,c-1205,2287.46,completed,BR,2026-08-01T07:13:00Z,2026-08-02
o-003857,c-1540,1384.35,completed,BR,2026-07-13T17:32:00Z,2026-07-14
o-003858,c-1455,1241.10,completed,BR,2026-07-09T13:00:00Z,2026-07-10
o-003859,c-0249,621.41,completed,BR,2026-05-29T16:55:00Z,2026-05-30
o-003860,c-1834,1521.98,completed,BR,2026-07-03T06:38:00Z,2026-07-03
o-003861,c-1999,1912.27,completed,BR,2026-06-08T12:00:00Z,2026-06-08
o-003862,c-0010,2242.53,completed,BR,2026-05-29T20:42:00Z,2026-05-30
o-003863,c-1905,1000.25,pending,BR,2026-05-31T09:47:00Z,2026-05-31
o-003864,c-1747,89.22,completed,BR,2026-08-03T02:13:00Z,2026-08-04
o-003865,c-0243,46.62,completed,BR,2026-08-04T15:20:00Z,2026-08-04
o-003866,c-1846,1590.74,completed,BR,2026-06-08T01:37:00Z,2026-06-09
o-003867,c-1320,821.43,completed,BR,2026-06-30T05:47:00Z,2026-06-30
o-003868,c-0608,2271.93,completed,BR,2026-08-14T04:03:00Z,2026-08-14
o-003869,c-0479,845.40,completed,BR,2026-08-03T15:27:00Z,2026-08-04
o-003870,c-1247,2356.31,completed,BR,2026-06-25T17:57:00Z,2026-06-26
o-003871,c-0257,2288.86,completed,BR,2026-07-31T01:41:00Z,2026-08-01
o-003872,c-0824,1337.20,pending,BR,2026-06-02T15:42:00Z,2026-06-03
o-003873,c-0504,1571.73,completed,BR,2026-08-09T13:26:00Z,2026-08-09
o-003874,c-1918,1317.85,completed,BR,2026-07-23T04:48:00Z,2026-07-24
o-003875,c-1740,2117.33,completed,BR,2026-07-01T15:16:00Z,2026-07-01
o-003876,c-1456,412.60,completed,BR,2026-06-01T21:12:00Z,2026-06-02
o-003877,c-1353,1548.59,pending,BR,2026-06-04T00:03:00Z,2026-06-05
o-003878,c-1004,1242.19,completed,BR,2026-06-01T15:22:00Z,2026-06-01
o-003879,c-0463,1050.51,pending,BR,2026-08-15T05:02:00Z,2026-08-15
o-003880,c-1424,837.15,completed,BR,2026-08-05T19:46:00Z,2026-08-05
o-003881,c-1210,499.70,completed,BR,2026-06-18T14:02:00Z,2026-06-18
o-003882,c-0611,1830.75,pending,BR,2026-07-01T08:54:00Z,2026-07-02
o-003883,c-0587,1377.13,completed,BR,2026-06-26T15:27:00Z,2026-06-26
o-003884,c-0910,1875.73,completed,BR,2026-06-08T07:20:00Z,2026-06-08
o-003885,c-1891,2421.86,completed,BR,2026-07-22T13:20:00Z,2026-07-22
o-003886,c-1593,1893.85,completed,BR,2026-07-22T20:02:00Z,2026-07-23
o-003887,c-0184,1210.89,completed,BR,2026-08-15T05:55:00Z,2026-08-16
o-003888,c-0161,673.62,completed,BR,2026-06-24T01:38:00Z,2026-06-24
o-003889,c-1144,1987.99,completed,BR,2026-07-06T11:34:00Z,2026-07-06
o-003890,c-1493,1842.83,completed,BR,2026-07-19T08:17:00Z,2026-07-20
o-003891,c-1371,917.53,completed,BR,2026-06-06T12:03:00Z,2026-06-07
o-003892,c-1682,1184.62,completed,BR,2026-05-24T18:15:00Z,2026-05-24
o-003893,c-1469,782.15,pending,BR,2026-06-07T17:17:00Z,2026-06-07
o-003894,c-1559,625.37,cancelled,BR,2026-07-31T04:11:00Z,2026-07-31
o-003895,c-1648,1351.37,completed,BR,2026-08-06T12:25:00Z,2026-08-06
o-003896,c-1572,2349.73,pending,BR,2026-06-22T16:23:00Z,2026-06-23
o-003897,c-1402,2371.56,completed,BR,2026-08-19T23:01:00Z,2026-08-20
o-003898,c-1094,1353.51,completed,BR,2026-07-03T05:38:00Z,2026-07-04
o-003899,c-0186,2427.21,completed,BR,2026-08-19T13:45:00Z,2026-08-19
o-003900,c-1776,513.29,completed,BR,2026-07-15T04:12:00Z,2026-07-15
o-003901,c-1910,478.73,cancelled,BR,2026-06-30T08:54:00Z,2026-06-30
o-003902,c-1031,2270.17,cancelled,BR,2026-07-17T15:02:00Z,2026-07-18
o-003903,c-1985,111.19,completed,BR,2026-08-17T22:07:00Z,2026-08-17
o-003904,c-1108,2098.54,pending,BR,2026-08-11T09:55:00Z,2026-08-11
o-003905,c-0162,234.23,completed,BR,2026-06-10T12:24:00Z,2026-06-10
o-003906,c-0198,841.54,completed,BR,2026-07-05T17:03:00Z,2026-07-06
o-003907,c-0334,2001.85,completed,BR,2026-08-15T03:07:00Z,2026-08-16
o-003908,c-0067,741.70,completed,BR,2026-08-18T21:10:00Z,2026-08-18
o-003909,c-0038,787.28,completed,BR,2026-07-22T21:00:00Z,2026-07-23
o-003910,c-0978,2380.17,completed,BR,2026-06-27T09:30:00Z,2026-06-27
o-003911,c-1769,1331.90,pending,BR,2026-06-09T20:57:00Z,2026-06-09
o-003912,c-0164,1112.26,completed,BR,2026-07-11T23:04:00Z,2026-07-12
o-003913,c-1494,613.48,completed,BR,2026-07-24T12:26:00Z,2026-07-24
o-003914,c-1788,1021.58,completed,BR,2026-08-20T18:24:00Z,2026-08-20
o-003915,c-0745,584.06,completed,BR,2026-07-11T02:47:00Z,2026-07-12
o-003916,c-0034,328.70,completed,BR,2026-08-02T14:00:00Z,2026-08-02
o-003917,c-1858,973.71,completed,BR,2026-07-04T01:25:00Z,2026-07-04
o-003918,c-0086,993.59,completed,BR,2026-05-24T11:02:00Z,2026-05-24
o-003919,c-1497,1329.60,completed,BR,2026-08-13T20:27:00Z,2026-08-14
o-003920,c-1716,25.00,completed,BR,2026-06-07T00:55:00Z,2026-06-07
o-003921,c-1202,114.29,completed,BR,2026-06-13T01:51:00Z,2026-06-13
o-003922,c-1309,76.89,completed,BR,2026-05-25T19:16:00Z,2026-05-26
o-003923,c-0324,1722.96,pending,BR,2026-07-20T11:36:00Z,2026-07-21
o-003924,c-1426,1495.65,completed,BR,2026-06-06T18:41:00Z,2026-06-06
o-003925,c-1985,984.10,completed,BR,2026-07-30T13:02:00Z,2026-07-30
o-003926,c-1768,2417.69,completed,BR,2026-07-25T09:42:00Z,2026-07-26
o-003927,c-0528,2029.24,cancelled,BR,2026-08-06T04:02:00Z,2026-08-07
o-003928,c-0586,1869.18,cancelled,BR,2026-06-28T22:18:00Z,2026-06-29
o-003929,c-0462,1286.92,completed,BR,2026-05-25T20:35:00Z,2026-05-25
o-003930,c-1472,1372.32,completed,BR,2026-08-11T11:33:00Z,2026-08-11
o-003931,c-0581,2216.36,pending,BR,2026-07-04T12:25:00Z,2026-07-04
o-003932,c-1776,423.85,pending,BR,2026-07-09T04:07:00Z,2026-07-10
o-003933,c-1263,1240.13,completed,BR,2026-07-14T12:00:00Z,2026-07-14
o-003934,c-1986,2029.99,completed,BR,2026-07-15T04:19:00Z,2026-07-16
o-003935,c-0063,1121.87,completed,BR,2026-08-12T04:48:00Z,2026-08-13
o-003936,c-1847,2304.16,completed,BR,2026-06-17T11:51:00Z,2026-06-17
o-003937,c-0750,1262.40,completed,BR,2026-07-09T06:43:00Z,2026-07-09
o-003938,c-0139,1105.84,completed,BR,2026-08-12T02:27:00Z,2026-08-13
o-003939,c-1657,239.25,completed,BR,2026-07-06T16:28:00Z,2026-07-06
o-003940,c-0765,326.73,completed,BR,2026-06-01T06:15:00Z,2026-06-02
o-003941,c-0630,1108.63,completed,BR,2026-07-10T08:46:00Z,2026-07-11
o-003942,c-0438,247.20,pending,BR,2026-08-19T14:37:00Z,2026-08-19
o-003943,c-0654,1808.09,completed,BR,2026-06-02T20:59:00Z,2026-06-03
o-003944,c-0891,2411.24,cancelled,BR,2026-07-13T18:13:00Z,2026-07-14
o-003945,c-0677,973.92,completed,BR,2026-06-22T06:56:00Z,2026-06-23
o-003946,c-1462,1520.15,completed,BR,2026-08-16T17:29:00Z,2026-08-17
o-003947,c-1121,2387.34,completed,BR,2026-07-21T01:49:00Z,2026-07-21
o-003948,c-1988,611.00,pending,BR,2026-07-23T15:51:00Z,2026-07-23
o-003949,c-1111,667.07,pending,BR,2026-08-13T03:36:00Z,2026-08-13
o-003950,c-0336,68.71,completed,BR,2026-07-24T07:13:00Z,2026-07-24
o-003951,c-1742,2044.36,completed,BR,2026-08-08T22:30:00Z,2026-08-08
o-003952,c-1611,1708.12,completed,BR,2026-07-13T09:16:00Z,2026-07-13
o-003953,c-0382,2172.10,cancelled,BR,2026-07-03T07:48:00Z,2026-07-03
o-003954,c-1671,989.98,pending,BR,2026-07-20T12:39:00Z,2026-07-20
o-003955,c-0529,417.52,completed,BR,2026-06-22T19:59:00Z,2026-06-22
o-003956,c-0459,1803.72,pending,BR,2026-08-14T04:02:00Z,2026-08-14
o-003957,c-0489,1716.60,completed,BR,2026-06-04T08:44:00Z,2026-06-04
o-003958,c-0134,1061.08,completed,BR,2026-06-14T16:17:00Z,2026-06-15
o-003959,c-0284,534.98,completed,BR,2026-08-15T02:38:00Z,2026-08-15
o-003960,c-1822,1522.23,pending,BR,2026-07-23T10:52:00Z,2026-07-24
o-003961,c-1766,214.84,pending,BR,2026-08-19T10:08:00Z,2026-08-20
o-003962,c-0118,2287.52,completed,BR,2026-07-17T18:44:00Z,2026-07-17
o-003963,c-0414,1380.03,completed,BR,2026-05-26T00:45:00Z,2026-05-27
o-003964,c-1616,714.44,completed,BR,2026-08-17T04:11:00Z,2026-08-18
o-003965,c-1281,1813.14,completed,BR,2026-06-08T15:28:00Z,2026-06-09
o-003966,c-0957,549.77,cancelled,BR,2026-07-15T23:32:00Z,2026-07-15
o-003967,c-1956,999.07,cancelled,BR,2026-07-23T00:59:00Z,2026-07-24
o-003968,c-0008,522.30,completed,BR,2026-06-22T12:51:00Z,2026-06-22
o-003969,c-0687,1537.83,completed,BR,2026-07-26T09:08:00Z,2026-07-27
o-003970,c-0174,1821.18,completed,BR,2026-07-22T22:19:00Z,2026-07-22
o-003971,c-0271,2245.03,completed,BR,2026-08-17T20:55:00Z,2026-08-18
o-003972,c-0970,1954.85,completed,BR,2026-06-13T13:29:00Z,2026-06-14
o-003973,c-0283,931.27,cancelled,BR,2026-07-17T05:00:00Z,2026-07-17
o-003974,c-0502,1767.94,completed,BR,2026-07-27T21:22:00Z,2026-07-28
o-003975,c-1809,2388.22,completed,BR,2026-07-14T23:04:00Z,2026-07-15
o-003976,c-1175,1122.30,completed,BR,2026-07-24T20:37:00Z,2026-07-24
o-003977,c-0214,1309.18,completed,BR,2026-08-06T22:49:00Z,2026-08-07
o-003978,c-1534,1437.92,completed,BR,2026-06-27T19:50:00Z,2026-06-27
o-003979,c-0528,1498.86,completed,BR,2026-07-16T01:37:00Z,2026-07-17
o-003980,c-1667,787.39,pending,BR,2026-08-07T22:51:00Z,2026-08-07
o-003981,c-0293,2059.75,pending,BR,2026-07-17T09:13:00Z,2026-07-17
o-003982,c-0270,1864.53,cancelled,BR,2026-06-24T12:06:00Z,2026-06-24
o-003983,c-0207,396.59,completed,BR,2026-07-30T20:04:00Z,2026-07-30
o-003984,c-0675,1541.72,completed,BR,2026-07-05T07:16:00Z,2026-07-05
o-003985,c-0009,1751.01,completed,BR,2026-07-19T13:47:00Z,2026-07-19
o-003986,c-0282,2274.50,pending,BR,2026-07-29T22:58:00Z,2026-07-30
o-003987,c-1924,1246.78,completed,BR,2026-08-12T05:21:00Z,2026-08-13
o-003988,c-1465,1155.43,completed,BR,2026-07-24T02:54:00Z,2026-07-24
o-003989,c-1862,2413.15,completed,BR,2026-07-29T20:34:00Z,2026-07-30
o-003990,c-0119,827.92,completed,BR,2026-06-29T02:24:00Z,2026-06-29
o-003991,c-0788,1745.33,cancelled,BR,2026-06-17T22:46:00Z,2026-06-18
o-003992,c-1179,1607.87,completed,BR,2026-07-21T23:36:00Z,2026-07-22
o-003993,c-0802,66.13,completed,BR,2026-07-27T13:43:00Z,2026-07-28
o-003994,c-1277,677.00,pending,BR,2026-07-11T06:56:00Z,2026-07-11
o-003995,c-1989,14.25,completed,BR,2026-07-18T04:12:00Z,2026-07-19
o-003996,c-1647,302.73,pending,BR,2026-05-30T18:56:00Z,2026-05-30
o-003997,c-0855,213.77,completed,BR,2026-05-23T03:26:00Z,2026-05-24
o-003998,c-0730,2252.67,pending,BR,2026-08-18T16:26:00Z,2026-08-19
o-003999,c-0677,1250.66,cancelled,BR,2026-07-13T10:20:00Z,2026-07-14
o-004000,c-1820,1236.36,completed,BR,2026-06-14T08:30:00Z,2026-06-15
o-004001,c-0563,19.27,completed,BR,2026-07-29T14:21:00Z,2026-07-30
o-004002,c-1656,1329.73,completed,BR,2026-08-18T01:22:00Z,2026-08-18
o-004003,c-0850,959.62,completed,BR,2026-06-05T04:11:00Z,2026-06-06
o-004004,c-1765,759.83,completed,BR,2026-07-27T18:39:00Z,2026-07-28
o-004005,c-1911,743.78,completed,BR,2026-06-17T06:33:00Z,2026-06-18
o-004006,c-1869,1338.35,completed,BR,2026-07-27T07:53:00Z,2026-07-28
o-004007,c-1681,1177.53,completed,BR,2026-05-31T14:01:00Z,2026-05-31
o-004008,c-0837,488.99,pending,BR,2026-06-30T08:09:00Z,2026-06-30
o-004009,c-1050,1609.25,completed,BR,2026-05-28T22:21:00Z,2026-05-28
o-004010,c-1108,1530.60,completed,BR,2026-05-26T19:49:00Z,2026-05-27
o-004011,c-1530,177.56,completed,BR,2026-08-05T00:37:00Z,2026-08-06
o-004012,c-1307,170.20,completed,BR,2026-08-07T15:55:00Z,2026-08-08
o-004013,c-0277,2102.55,completed,BR,2026-06-11T17:17:00Z,2026-06-11
o-004014,c-0430,909.63,completed,BR,2026-07-29T00:19:00Z,2026-07-30
o-004015,c-1873,110.38,completed,BR,2026-07-10T22:31:00Z,2026-07-11
o-004016,c-1044,2434.34,completed,BR,2026-07-03T15:40:00Z,2026-07-03
o-004017,c-1174,631.78,completed,BR,2026-07-05T18:53:00Z,2026-07-05
o-004018,c-0288,1646.36,completed,BR,2026-06-13T22:39:00Z,2026-06-14
o-004019,c-0554,372.11,pending,BR,2026-05-28T07:05:00Z,2026-05-29
o-004020,c-1867,1328.46,cancelled,BR,2026-06-09T10:33:00Z,2026-06-10
o-004021,c-1251,2104.62,completed,BR,2026-06-16T09:09:00Z,2026-06-16
o-004022,c-0466,245.44,pending,BR,2026-08-16T14:30:00Z,2026-08-17
o-004023,c-1091,1094.78,completed,BR,2026-07-08T03:42:00Z,2026-07-09
o-004024,c-0137,1286.15,completed,BR,2026-06-26T21:33:00Z,2026-06-26
o-004025,c-0413,14.22,completed,BR,2026-06-08T19:20:00Z,2026-06-09
o-004026,c-1427,1288.19,cancelled,BR,2026-06-05T18:26:00Z,2026-06-05
o-004027,c-0502,1618.52,completed,BR,2026-07-16T00:47:00Z,2026-07-17
o-004028,c-1480,1373.85,completed,BR,2026-06-27T05:29:00Z,2026-06-28
o-004029,c-1718,1204.01,cancelled,BR,2026-06-18T03:54:00Z,2026-06-19
o-004030,c-0395,1750.99,completed,BR,2026-06-15T18:13:00Z,2026-06-15
o-004031,c-0761,235.22,pending,BR,2026-06-03T14:34:00Z,2026-06-03
o-004032,c-0604,1948.45,pending,BR,2026-07-08T10:36:00Z,2026-07-09
o-004033,c-0849,1559.03,completed,BR,2026-05-25T13:59:00Z,2026-05-25
o-004034,c-0483,338.13,pending,BR,2026-06-20T20:30:00Z,2026-06-20
o-004035,c-0923,1563.56,cancelled,BR,2026-05-26T04:56:00Z,2026-05-26
o-004036,c-0467,1181.46,pending,BR,2026-05-30T01:45:00Z,2026-05-31
o-004037,c-0648,2060.69,pending,BR,2026-07-31T20:40:00Z,2026-08-01
o-004038,c-0114,1679.39,completed,BR,2026-07-21T14:37:00Z,2026-07-22
o-004039,c-1441,652.43,completed,BR,2026-07-18T13:31:00Z,2026-07-19
o-004040,c-0643,510.30,completed,BR,2026-07-31T17:39:00Z,2026-07-31
o-004041,c-1727,1133.82,completed,BR,2026-07-27T02:22:00Z,2026-07-27
o-004042,c-0657,1237.81,completed,BR,2026-08-05T09:23:00Z,2026-08-06
o-004043,c-0344,1015.44,completed,BR,2026-07-26T08:35:00Z,2026-07-27
o-004044,c-0842,517.38,completed,BR,2026-06-11T00:43:00Z,2026-06-12
o-004045,c-0817,202.79,completed,BR,2026-07-13T21:06:00Z,2026-07-13
o-004046,c-0235,2339.46,pending,BR,2026-08-08T00:40:00Z,2026-08-09
o-004047,c-1512,225.10,pending,BR,2026-07-31T03:09:00Z,2026-08-01
o-004048,c-1736,1640.88,pending,BR,2026-07-27T04:52:00Z,2026-07-27
o-004049,c-1329,2069.66,completed,BR,2026-07-13T12:45:00Z,2026-07-13
o-004050,c-1789,300.46,completed,BR,2026-06-08T07:30:00Z,2026-06-08
o-004051,c-1208,1389.32,completed,BR,2026-08-08T07:14:00Z,2026-08-09
o-004052,c-1855,1767.57,completed,BR,2026-07-17T21:19:00Z,2026-07-18
o-004053,c-1887,120.32,completed,BR,2026-05-28T13:31:00Z,2026-05-29
o-004054,c-0943,1280.03,completed,BR,2026-07-28T23:55:00Z,2026-07-28
o-004055,c-1996,481.57,completed,BR,2026-07-19T00:51:00Z,2026-07-20
o-004056,c-0906,594.13,completed,BR,2026-06-13T21:57:00Z,2026-06-13
o-004057,c-0206,810.65,completed,BR,2026-05-28T21:54:00Z,2026-05-29
o-004058,c-0902,1691.92,completed,BR,2026-06-08T20:05:00Z,2026-06-09
o-004059,c-1266,1510.74,pending,BR,2026-06-20T16:17:00Z,2026-06-21
o-004060,c-0540,116.56,completed,BR,2026-07-27T17:13:00Z,2026-07-27
o-004061,c-1991,195.49,completed,BR,2026-07-23T01:41:00Z,2026-07-23
o-004062,c-1542,385.20,completed,BR,2026-08-13T10:54:00Z,2026-08-13
o-004063,c-0407,1004.49,cancelled,BR,2026-06-06T10:40:00Z,2026-06-07
o-004064,c-1678,2336.31,completed,BR,2026-06-01T23:02:00Z,2026-06-02
o-004065,c-1799,2182.42,completed,BR,2026-07-30T01:55:00Z,2026-07-30
o-004066,c-0476,1598.83,completed,BR,2026-08-11T08:22:00Z,2026-08-12
o-004067,c-1050,733.35,completed,BR,2026-07-22T18:51:00Z,2026-07-23
o-004068,c-0051,2287.87,cancelled,BR,2026-07-16T23:54:00Z,2026-07-17
o-004069,c-1954,748.92,completed,BR,2026-07-17T06:08:00Z,2026-07-18
o-004070,c-0983,550.48,completed,BR,2026-08-15T06:55:00Z,2026-08-15
o-004071,c-0728,1457.82,completed,BR,2026-07-19T22:58:00Z,2026-07-19
o-004072,c-1232,2275.48,completed,BR,2026-08-15T14:14:00Z,2026-08-15
o-004073,c-1043,986.79,completed,BR,2026-06-18T22:02:00Z,2026-06-18
o-004074,c-1157,2075.52,completed,BR,2026-07-09T22:42:00Z,2026-07-10
o-004075,c-1316,413.38,pending,BR,2026-06-21T05:19:00Z,2026-06-21
o-004076,c-0770,2137.07,pending,BR,2026-05-31T17:22:00Z,2026-06-01
o-004077,c-1101,622.36,completed,BR,2026-07-11T00:29:00Z,2026-07-11
o-004078,c-0615,732.63,completed,BR,2026-07-22T22:16:00Z,2026-07-23
o-004079,c-0362,1819.25,completed,BR,2026-08-11T18:22:00Z,2026-08-12
o-004080,c-1332,210.42,completed,BR,2026-06-26T23:59:00Z,2026-06-26
o-004081,c-0870,163.79,completed,BR,2026-05-24T05:57:00Z,2026-05-24
o-004082,c-0158,1286.48,completed,BR,2026-08-03T17:04:00Z,2026-08-04
o-004083,c-1826,2496.09,completed,BR,2026-06-30T08:42:00Z,2026-07-01
o-004084,c-0792,1749.13,completed,BR,2026-08-06T08:52:00Z,2026-08-06
o-004085,c-1422,1219.70,completed,BR,2026-05-26T23:08:00Z,2026-05-26
o-004086,c-1098,1015.64,completed,BR,2026-06-22T06:49:00Z,2026-06-22
o-004087,c-1663,383.15,cancelled,BR,2026-08-12T11:59:00Z,2026-08-12
o-004088,c-1178,1816.39,completed,BR,2026-06-15T03:35:00Z,2026-06-15
o-004089,c-0852,945.89,completed,BR,2026-08-07T23:24:00Z,2026-08-08
o-004090,c-0848,1091.59,completed,BR,2026-06-09T10:47:00Z,2026-06-10
o-004091,c-1875,605.07,completed,BR,2026-05-27T04:50:00Z,2026-05-27
o-004092,c-0274,1701.72,cancelled,BR,2026-06-26T19:37:00Z,2026-06-26
o-004093,c-0149,2249.61,completed,BR,2026-07-18T13:35:00Z,2026-07-18
o-004094,c-1825,1055.34,completed,BR,2026-05-25T03:30:00Z,2026-05-26
o-004095,c-1259,185.06,completed,BR,2026-06-30T08:52:00Z,2026-07-01
o-004096,c-0247,689.50,completed,BR,2026-06-13T06:15:00Z,2026-06-14
o-004097,c-0129,1147.51,pending,BR,2026-07-08T13:56:00Z,2026-07-09
o-004098,c-0287,2172.04,completed,BR,2026-05-29T03:35:00Z,2026-05-30
o-004099,c-0505,1226.59,completed,BR,2026-06-19T02:36:00Z,2026-06-20
o-004100,c-1506,2261.97,completed,BR,2026-08-09T20:21:00Z,2026-08-10
o-004101,c-1194,1896.04,completed,BR,2026-07-24T21:28:00Z,2026-07-25
o-004102,c-1743,2202.59,pending,BR,2026-06-30T19:02:00Z,2026-06-30
o-004103,c-0444,2318.60,cancelled,BR,2026-08-01T10:00:00Z,2026-08-01
o-004104,c-1522,2004.95,completed,BR,2026-06-18T08:49:00Z,2026-06-19
o-004105,c-1896,1709.95,pending,BR,2026-07-13T15:09:00Z,2026-07-13
o-004106,c-1093,2276.96,completed,BR,2026-05-23T09:30:00Z,2026-05-23
o-004107,c-1960,587.40,completed,BR,2026-07-08T08:24:00Z,2026-07-08
o-004108,c-0766,1718.16,completed,BR,2026-06-17T04:22:00Z,2026-06-17
o-004109,c-0235,655.48,pending,BR,2026-07-20T16:33:00Z,2026-07-21
o-004110,c-1208,2060.63,completed,BR,2026-06-09T22:00:00Z,2026-06-10
o-004111,c-0029,1459.99,completed,BR,2026-07-18T15:41:00Z,2026-07-19
o-004112,c-0871,241.42,completed,BR,2026-08-20T16:51:00Z,2026-08-21
o-004113,c-1029,133.74,completed,BR,2026-08-20T17:30:00Z,2026-08-20
o-004114,c-0176,783.49,completed,BR,2026-07-03T02:04:00Z,2026-07-04
o-004115,c-0469,1085.67,completed,BR,2026-06-13T20:06:00Z,2026-06-13
o-004116,c-0996,1997.09,completed,BR,2026-07-20T03:02:00Z,2026-07-21
o-004117,c-1293,1313.64,completed,BR,2026-06-08T10:48:00Z,2026-06-09
o-004118,c-1719,136.93,completed,BR,2026-08-14T00:09:00Z,2026-08-15
o-004119,c-1684,1447.57,completed,BR,2026-06-01T11:16:00Z,2026-06-01
o-004120,c-1448,1858.90,completed,BR,2026-05-27T01:11:00Z,2026-05-27
o-004121,c-0112,466.62,completed,BR,2026-07-04T20:44:00Z,2026-07-05
o-004122,c-1864,1739.96,completed,BR,2026-06-09T05:18:00Z,2026-06-09
o-004123,c-0197,726.74,completed,BR,2026-07-13T13:30:00Z,2026-07-13
o-004124,c-0212,791.02,completed,BR,2026-08-06T18:09:00Z,2026-08-06
o-004125,c-0196,2457.84,completed,BR,2026-06-23T06:54:00Z,2026-06-23
o-004126,c-0264,343.53,completed,BR,2026-05-27T01:20:00Z,2026-05-27
o-004127,c-1780,2443.40,completed,BR,2026-08-16T05:03:00Z,2026-08-17
o-004128,c-0774,353.90,completed,BR,2026-08-15T23:39:00Z,2026-08-15
o-004129,c-1742,193.44,pending,BR,2026-06-24T17:19:00Z,2026-06-24
o-004130,c-0458,1441.81,completed,BR,2026-08-13T05:23:00Z,2026-08-13
o-004131,c-1059,950.19,cancelled,BR,2026-06-19T05:15:00Z,2026-06-20
o-004132,c-0688,2081.85,completed,BR,2026-06-28T10:08:00Z,2026-06-28
o-004133,c-0624,468.25,completed,BR,2026-06-30T19:28:00Z,2026-07-01
o-004134,c-1625,17.42,completed,BR,2026-07-27T13:27:00Z,2026-07-27
o-004135,c-0549,438.80,completed,BR,2026-08-05T11:15:00Z,2026-08-06
o-004136,c-1537,1137.27,completed,BR,2026-08-11T07:17:00Z,2026-08-12
o-004137,c-0364,1556.47,pending,BR,2026-07-07T12:53:00Z,2026-07-07
o-004138,c-0686,1722.45,cancelled,BR,2026-07-13T11:52:00Z,2026-07-14
o-004139,c-1153,2118.42,completed,BR,2026-07-11T05:23:00Z,2026-07-11
o-004140,c-1787,1600.75,completed,BR,2026-07-15T13:19:00Z,2026-07-15
o-004141,c-0546,1184.47,cancelled,BR,2026-06-20T07:25:00Z,2026-06-21
o-004142,c-0327,724.92,completed,BR,2026-06-26T12:27:00Z,2026-06-27
o-004143,c-1366,587.15,completed,BR,2026-08-05T22:44:00Z,2026-08-06
o-004144,c-0261,1905.91,pending,BR,2026-08-04T17:56:00Z,2026-08-05
o-004145,c-1532,628.35,completed,BR,2026-07-11T15:59:00Z,2026-07-11
o-004146,c-0610,262.63,completed,BR,2026-06-12T20:29:00Z,2026-06-13
o-004147,c-1948,495.31,completed,BR,2026-06-20T10:17:00Z,2026-06-20
o-004148,c-1926,1650.07,completed,BR,2026-07-04T16:47:00Z,2026-07-05
o-004149,c-0505,1673.55,completed,BR,2026-06-04T12:46:00Z,2026-06-04
o-004150,c-0607,1415.94,completed,BR,2026-06-22T19:38:00Z,2026-06-22
o-004151,c-0851,244.97,pending,BR,2026-08-17T16:05:00Z,2026-08-17
o-004152,c-0807,2242.86,completed,BR,2026-06-17T22:29:00Z,2026-06-17
o-004153,c-0060,615.88,completed,BR,2026-06-18T15:08:00Z,2026-06-19
o-004154,c-0121,1181.47,completed,BR,2026-05-23T03:17:00Z,2026-05-24
o-004155,c-1669,1207.52,completed,BR,2026-05-25T17:57:00Z,2026-05-25
o-004156,c-0792,1831.13,completed,BR,2026-06-07T04:07:00Z,2026-06-08
o-004157,c-0816,1960.47,completed,BR,2026-06-30T14:25:00Z,2026-06-30
o-004158,c-0663,1607.90,pending,BR,2026-08-05T20:10:00Z,2026-08-06
o-004159,c-1726,1757.82,completed,BR,2026-07-13T06:58:00Z,2026-07-13
o-004160,c-1225,276.67,completed,BR,2026-08-05T18:40:00Z,2026-08-06
o-004161,c-0024,542.00,pending,BR,2026-06-25T16:54:00Z,2026-06-25
o-004162,c-1368,279.04,completed,BR,2026-08-20T12:45:00Z,2026-08-21
o-004163,c-1162,1153.11,completed,BR,2026-07-19T21:01:00Z,2026-07-20
o-004164,c-1397,2223.07,completed,BR,2026-07-04T07:38:00Z,2026-07-04
o-004165,c-0068,266.67,completed,BR,2026-06-13T11:50:00Z,2026-06-13
o-004166,c-0233,1006.37,completed,BR,2026-08-03T19:17:00Z,2026-08-03
o-004167,c-1560,1887.10,completed,BR,2026-06-21T08:17:00Z,2026-06-21
o-004168,c-0976,2294.52,completed,BR,2026-07-23T21:51:00Z,2026-07-23
o-004169,c-1960,1715.70,completed,BR,2026-06-04T09:02:00Z,2026-06-05
o-004170,c-0182,1822.28,cancelled,BR,2026-07-17T15:38:00Z,2026-07-17
o-004171,c-0078,189.41,completed,BR,2026-07-31T02:06:00Z,2026-08-01
o-004172,c-0022,2438.42,completed,BR,2026-08-06T21:42:00Z,2026-08-06
o-004173,c-1581,67.16,pending,BR,2026-08-14T05:57:00Z,2026-08-14
o-004174,c-0309,1326.44,pending,BR,2026-07-15T13:59:00Z,2026-07-15
o-004175,c-0828,2290.37,cancelled,BR,2026-06-01T19:38:00Z,2026-06-01
o-004176,c-0505,733.49,completed,BR,2026-06-17T08:32:00Z,2026-06-18
o-004177,c-0620,1386.03,pending,BR,2026-05-30T06:20:00Z,2026-05-30
o-004178,c-0153,1066.54,completed,BR,2026-08-03T21:06:00Z,2026-08-04
o-004179,c-1715,2348.33,completed,BR,2026-06-18T17:24:00Z,2026-06-18
o-004180,c-0164,813.19,completed,BR,2026-08-20T02:50:00Z,2026-08-21
o-004181,c-0238,512.18,completed,BR,2026-06-04T18:43:00Z,2026-06-05
o-004182,c-1897,2119.75,completed,BR,2026-06-09T09:57:00Z,2026-06-10
o-004183,c-1371,2169.24,completed,BR,2026-07-28T17:51:00Z,2026-07-28
o-004184,c-0593,234.58,completed,BR,2026-07-30T14:54:00Z,2026-07-31
o-004185,c-0650,346.11,completed,BR,2026-08-20T02:49:00Z,2026-08-20
o-004186,c-1987,1093.17,pending,BR,2026-07-09T15:24:00Z,2026-07-10
o-004187,c-1762,1074.61,completed,BR,2026-06-22T17:50:00Z,2026-06-22
o-004188,c-0077,2295.34,completed,BR,2026-08-09T03:42:00Z,2026-08-10
o-004189,c-0251,1957.23,cancelled,BR,2026-06-13T07:41:00Z,2026-06-13
o-004190,c-0244,874.14,pending,BR,2026-06-01T22:15:00Z,2026-06-01
o-004191,c-1885,842.11,completed,BR,2026-07-14T19:42:00Z,2026-07-15
o-004192,c-1978,1656.41,completed,BR,2026-07-14T17:16:00Z,2026-07-15
o-004193,c-0691,422.22,completed,BR,2026-08-14T15:47:00Z,2026-08-15
o-004194,c-1830,192.25,completed,BR,2026-07-08T09:31:00Z,2026-07-08
o-004195,c-1914,1770.43,completed,BR,2026-08-07T22:39:00Z,2026-08-08
o-004196,c-1067,1316.65,cancelled,BR,2026-07-16T12:38:00Z,2026-07-17
o-004197,c-1038,1427.68,cancelled,BR,2026-06-20T01:01:00Z,2026-06-21
o-004198,c-0218,1479.16,completed,BR,2026-07-05T13:28:00Z,2026-07-06
o-004199,c-1924,1660.20,completed,BR,2026-07-08T11:49:00Z,2026-07-09
o-004200,c-1816,368.38,cancelled,BR,2026-07-19T20:46:00Z,2026-07-19
o-004201,c-0934,394.38,completed,BR,2026-08-14T11:25:00Z,2026-08-15
o-004202,c-0054,651.18,pending,BR,2026-07-22T00:42:00Z,2026-07-22
o-004203,c-0170,738.68,cancelled,BR,2026-06-27T03:53:00Z,2026-06-27
o-004204,c-0011,2467.14,completed,BR,2026-08-13T13:55:00Z,2026-08-13
o-004205,c-0534,106.11,completed,BR,2026-07-18T03:56:00Z,2026-07-18
o-004206,c-0008,2421.19,cancelled,BR,2026-07-14T13:34:00Z,2026-07-14
o-004207,c-1377,683.50,cancelled,BR,2026-06-04T15:08:00Z,2026-06-04
o-004208,c-0016,1181.92,completed,BR,2026-07-26T23:07:00Z,2026-07-26
o-004209,c-0720,2176.10,completed,BR,2026-06-09T07:09:00Z,2026-06-09
o-004210,c-0371,441.60,completed,BR,2026-05-24T17:17:00Z,2026-05-25
o-004211,c-0670,2166.49,completed,BR,2026-07-07T19:37:00Z,2026-07-08
o-004212,c-0066,8.22,completed,BR,2026-08-01T08:28:00Z,2026-08-01
o-004213,c-0468,935.70,pending,BR,2026-06-06T07:22:00Z,2026-06-06
o-004214,c-1692,2133.22,pending,BR,2026-06-16T10:49:00Z,2026-06-17
o-004215,c-1900,368.32,pending,BR,2026-07-29T18:08:00Z,2026-07-29
o-004216,c-1622,2324.05,completed,BR,2026-08-12T22:59:00Z,2026-08-13
o-004217,c-1959,1225.99,cancelled,BR,2026-08-07T14:33:00Z,2026-08-07
o-004218,c-0060,323.43,completed,BR,2026-06-01T00:57:00Z,2026-06-02
o-004219,c-0210,1557.04,cancelled,BR,2026-07-04T07:19:00Z,2026-07-04
o-004220,c-1256,835.63,pending,BR,2026-07-27T03:59:00Z,2026-07-28
o-004221,c-0590,1176.48,completed,BR,2026-07-20T09:46:00Z,2026-07-20
o-004222,c-1128,95.85,completed,BR,2026-07-27T21:35:00Z,2026-07-27
o-004223,c-0047,966.89,pending,BR,2026-07-25T17:41:00Z,2026-07-25
o-004224,c-1380,2488.49,completed,BR,2026-08-05T03:42:00Z,2026-08-05
o-004225,c-0200,558.69,completed,BR,2026-07-18T08:59:00Z,2026-07-18
o-004226,c-1684,1802.64,completed,BR,2026-05-24T10:52:00Z,2026-05-25
o-004227,c-1132,811.29,completed,BR,2026-07-25T11:37:00Z,2026-07-26
o-004228,c-1430,1921.55,completed,BR,2026-06-27T05:36:00Z,2026-06-27
o-004229,c-1709,1050.66,cancelled,BR,2026-08-03T20:03:00Z,2026-08-04
o-004230,c-0736,2235.19,completed,BR,2026-07-31T13:00:00Z,2026-08-01
o-004231,c-0137,1821.08,completed,BR,2026-07-15T14:15:00Z,2026-07-15
o-004232,c-0927,1891.58,completed,BR,2026-05-28T02:25:00Z,2026-05-29
o-004233,c-0295,1113.18,completed,BR,2026-06-20T13:42:00Z,2026-06-20
o-004234,c-0613,1471.43,completed,BR,2026-06-09T11:14:00Z,2026-06-09
o-004235,c-1049,704.48,completed,BR,2026-07-13T19:39:00Z,2026-07-13
o-004236,c-1312,1534.11,completed,BR,2026-06-26T09:29:00Z,2026-06-27
o-004237,c-1761,2273.95,completed,BR,2026-05-24T17:18:00Z,2026-05-24
o-004238,c-0493,1861.15,cancelled,BR,2026-06-14T06:19:00Z,2026-06-14
o-004239,c-1571,84.61,completed,BR,2026-06-08T09:07:00Z,2026-06-09
o-004240,c-0701,620.27,pending,BR,2026-08-07T03:20:00Z,2026-08-08
o-004241,c-0646,1149.05,pending,BR,2026-08-05T00:24:00Z,2026-08-05
o-004242,c-1709,1249.97,pending,BR,2026-05-24T05:17:00Z,2026-05-24
o-004243,c-0756,1133.19,completed,BR,2026-06-19T07:42:00Z,2026-06-19
o-004244,c-1271,1988.10,completed,BR,2026-06-29T11:11:00Z,2026-06-29
o-004245,c-1738,211.00,completed,BR,2026-06-09T16:24:00Z,2026-06-09
o-004246,c-0095,702.44,cancelled,BR,2026-06-09T19:27:00Z,2026-06-10
o-004247,c-0377,2262.53,completed,BR,2026-08-07T02:28:00Z,2026-08-07
o-004248,c-0204,1216.01,cancelled,BR,2026-08-07T04:53:00Z,2026-08-07
o-004249,c-0055,758.58,completed,BR,2026-07-31T05:57:00Z,2026-07-31
o-004250,c-0736,1712.82,completed,BR,2026-07-13T12:38:00Z,2026-07-13
o-004251,c-0973,2146.80,pending,BR,2026-07-12T07:08:00Z,2026-07-13
o-004252,c-1540,87.38,completed,BR,2026-06-21T18:10:00Z,2026-06-21
o-004253,c-0619,1331.44,cancelled,BR,2026-07-07T00:11:00Z,2026-07-07
o-004254,c-0093,1047.88,completed,BR,2026-05-29T03:36:00Z,2026-05-29
o-004255,c-1317,612.58,completed,BR,2026-06-20T15:38:00Z,2026-06-21
o-004256,c-0174,1511.24,completed,BR,2026-08-13T00:11:00Z,2026-08-14
o-004257,c-0882,253.13,completed,BR,2026-07-05T12:45:00Z,2026-07-06
o-004258,c-1434,1233.11,completed,BR,2026-07-09T11:38:00Z,2026-07-10
o-004259,c-0006,1819.10,completed,BR,2026-08-10T04:14:00Z,2026-08-10
o-004260,c-0586,1985.83,completed,BR,2026-06-19T04:47:00Z,2026-06-19
o-004261,c-0170,2406.12,completed,BR,2026-07-21T14:58:00Z,2026-07-21
o-004262,c-0584,832.09,completed,BR,2026-06-28T07:28:00Z,2026-06-28
o-004263,c-1603,1851.52,completed,BR,2026-07-07T06:43:00Z,2026-07-07
o-004264,c-1885,205.30,completed,BR,2026-07-25T13:26:00Z,2026-07-26
o-004265,c-0697,150.74,completed,BR,2026-07-22T20:57:00Z,2026-07-23
o-004266,c-0138,316.93,pending,BR,2026-06-12T17:05:00Z,2026-06-13
o-004267,c-0977,1370.86,completed,BR,2026-06-01T23:39:00Z,2026-06-01
o-004268,c-0320,334.45,completed,BR,2026-06-06T12:30:00Z,2026-06-07
o-004269,c-0050,969.02,pending,BR,2026-08-11T13:13:00Z,2026-08-12
o-004270,c-0504,343.03,completed,BR,2026-07-24T03:34:00Z,2026-07-25
o-004271,c-1200,392.50,pending,BR,2026-07-10T20:33:00Z,2026-07-11
o-004272,c-1326,1284.01,completed,BR,2026-07-25T02:05:00Z,2026-07-26
o-004273,c-1733,384.79,completed,BR,2026-05-25T01:01:00Z,2026-05-25
o-004274,c-0929,2076.29,pending,BR,2026-06-23T18:48:00Z,2026-06-23
o-004275,c-1790,612.01,completed,BR,2026-06-18T04:16:00Z,2026-06-19
o-004276,c-0706,1500.60,completed,BR,2026-07-10T12:39:00Z,2026-07-10
o-004277,c-0260,2427.39,pending,BR,2026-07-30T22:16:00Z,2026-07-30
o-004278,c-1006,1649.48,completed,BR,2026-08-18T15:26:00Z,2026-08-19
o-004279,c-1168,183.59,cancelled,BR,2026-06-18T16:08:00Z,2026-06-18
o-004280,c-0194,250.41,completed,BR,2026-05-26T12:51:00Z,2026-05-27
o-004281,c-0336,1752.32,completed,BR,2026-06-15T13:28:00Z,2026-06-15
o-004282,c-1785,2219.28,completed,BR,2026-06-10T15:11:00Z,2026-06-11
o-004283,c-0648,2357.95,completed,BR,2026-06-23T15:53:00Z,2026-06-24
o-004284,c-1378,983.67,cancelled,BR,2026-07-11T19:30:00Z,2026-07-12
o-004285,c-0533,1324.69,completed,BR,2026-08-06T13:10:00Z,2026-08-06
o-004286,c-0571,2036.29,completed,BR,2026-07-09T03:01:00Z,2026-07-10
o-004287,c-0834,1565.56,completed,BR,2026-07-14T18:08:00Z,2026-07-15
o-004288,c-0670,960.78,cancelled,BR,2026-06-06T04:52:00Z,2026-06-06
o-004289,c-1775,1057.15,completed,BR,2026-07-19T13:45:00Z,2026-07-20
o-004290,c-0368,1495.21,completed,BR,2026-07-02T22:01:00Z,2026-07-03
o-004291,c-1197,1945.18,completed,BR,2026-06-26T04:04:00Z,2026-06-26
o-004292,c-1179,280.07,completed,BR,2026-08-15T11:57:00Z,2026-08-15
o-004293,c-0382,372.62,completed,BR,2026-07-25T14:35:00Z,2026-07-25
o-004294,c-0588,2277.22,cancelled,BR,2026-08-03T14:54:00Z,2026-08-03
o-004295,c-0766,294.96,completed,BR,2026-08-20T20:03:00Z,2026-08-21
o-004296,c-0050,513.01,completed,BR,2026-07-29T04:05:00Z,2026-07-30
o-004297,c-0928,1390.97,pending,BR,2026-06-10T07:12:00Z,2026-06-11
o-004298,c-1322,1829.19,completed,BR,2026-05-30T18:44:00Z,2026-05-31
o-004299,c-0649,164.76,cancelled,BR,2026-07-24T12:49:00Z,2026-07-25
o-004300,c-0025,991.58,completed,BR,2026-06-20T21:08:00Z,2026-06-21
o-004301,c-0411,15.84,completed,BR,2026-06-09T04:01:00Z,2026-06-09
o-004302,c-1826,2220.85,completed,BR,2026-06-29T16:58:00Z,2026-06-30
o-004303,c-0260,972.31,completed,BR,2026-07-31T06:13:00Z,2026-07-31
o-004304,c-0867,2123.54,completed,BR,2026-07-10T00:50:00Z,2026-07-10
o-004305,c-1923,2443.40,completed,BR,2026-07-13T15:46:00Z,2026-07-13
o-004306,c-1429,521.08,completed,BR,2026-07-04T20:43:00Z,2026-07-05
o-004307,c-1243,2293.80,pending,BR,2026-08-07T04:01:00Z,2026-08-08
o-004308,c-1879,1051.17,completed,BR,2026-05-29T03:55:00Z,2026-05-29
o-004309,c-0299,657.57,completed,BR,2026-06-03T18:59:00Z,2026-06-03
o-004310,c-0767,129.55,completed,BR,2026-05-23T02:06:00Z,2026-05-24
o-004311,c-0598,981.80,completed,BR,2026-07-29T22:44:00Z,2026-07-29
o-004312,c-1108,2195.05,completed,BR,2026-07-29T23:32:00Z,2026-07-29
o-004313,c-0586,641.93,completed,BR,2026-06-28T01:17:00Z,2026-06-28
o-004314,c-0131,874.68,completed,BR,2026-07-27T10:04:00Z,2026-07-27
o-004315,c-1708,828.78,completed,BR,2026-08-14T03:17:00Z,2026-08-14
o-004316,c-0978,779.18,completed,BR,2026-07-26T01:12:00Z,2026-07-26
o-004317,c-1279,1599.71,completed,BR,2026-07-13T16:59:00Z,2026-07-14
o-004318,c-0782,708.17,completed,BR,2026-07-19T17:16:00Z,2026-07-19
o-004319,c-0187,2405.36,completed,BR,2026-06-11T14:50:00Z,2026-06-11
o-004320,c-0830,2244.16,completed,BR,2026-08-02T20:45:00Z,2026-08-02
o-004321,c-0991,1755.81,completed,BR,2026-06-05T11:33:00Z,2026-06-06
o-004322,c-0869,2452.48,completed,BR,2026-07-16T03:05:00Z,2026-07-17
o-004323,c-1693,2079.85,completed,BR,2026-08-05T23:45:00Z,2026-08-05
o-004324,c-1360,502.02,completed,BR,2026-07-22T01:46:00Z,2026-07-23
o-004325,c-1772,75.07,cancelled,BR,2026-07-30T06:23:00Z,2026-07-30
o-004326,c-0524,894.56,completed,BR,2026-08-06T11:27:00Z,2026-08-07
o-004327,c-0901,1765.45,completed,BR,2026-06-23T11:15:00Z,2026-06-23
o-004328,c-1185,1642.05,pending,BR,2026-07-27T05:18:00Z,2026-07-27
o-004329,c-0795,1003.45,completed,BR,2026-07-21T22:30:00Z,2026-07-22
o-004330,c-1146,113.07,completed,BR,2026-07-31T08:59:00Z,2026-08-01
o-004331,c-0877,1372.39,completed,BR,2026-06-18T00:52:00Z,2026-06-18
o-004332,c-0014,383.30,completed,BR,2026-06-18T05:57:00Z,2026-06-19
o-004333,c-0367,1200.08,completed,BR,2026-08-06T17:51:00Z,2026-08-06
o-004334,c-0523,795.06,completed,BR,2026-05-30T05:20:00Z,2026-05-30
o-004335,c-1792,1297.06,cancelled,BR,2026-07-16T03:15:00Z,2026-07-16
o-004336,c-1647,1363.20,pending,BR,2026-05-23T17:58:00Z,2026-05-24
o-004337,c-0257,2215.57,pending,BR,2026-08-12T14:48:00Z,2026-08-12
o-004338,c-1138,2163.25,pending,BR,2026-07-23T15:30:00Z,2026-07-24
o-004339,c-1884,1868.50,pending,BR,2026-06-07T16:18:00Z,2026-06-07
o-004340,c-0654,325.04,pending,BR,2026-08-14T16:58:00Z,2026-08-15
o-004341,c-0407,7.74,completed,BR,2026-05-24T14:58:00Z,2026-05-24
o-004342,c-0300,187.59,pending,BR,2026-06-27T04:12:00Z,2026-06-28
o-004343,c-1383,729.22,completed,BR,2026-08-17T01:22:00Z,2026-08-18
o-004344,c-1739,2055.02,completed,BR,2026-07-22T03:48:00Z,2026-07-23
o-004345,c-1915,305.17,completed,BR,2026-08-11T15:06:00Z,2026-08-12
o-004346,c-0748,1775.89,completed,BR,2026-07-13T12:49:00Z,2026-07-14
o-004347,c-0833,743.51,completed,BR,2026-08-18T12:33:00Z,2026-08-18
o-004348,c-0399,722.49,completed,BR,2026-05-25T19:45:00Z,2026-05-26
o-004349,c-0312,407.88,pending,BR,2026-06-28T04:43:00Z,2026-06-29
o-004350,c-1398,1783.05,completed,BR,2026-07-20T19:12:00Z,2026-07-20
o-004351,c-0261,2095.28,completed,BR,2026-06-25T07:39:00Z,2026-06-25
o-004352,c-0940,58.02,completed,BR,2026-07-23T21:15:00Z,2026-07-24
o-004353,c-0103,1906.85,completed,BR,2026-08-12T18:07:00Z,2026-08-12
o-004354,c-1860,2361.99,completed,BR,2026-08-20T03:02:00Z,2026-08-20
o-004355,c-0813,1773.55,cancelled,BR,2026-07-15T00:01:00Z,2026-07-15
o-004356,c-0276,1006.31,completed,BR,2026-06-18T21:16:00Z,2026-06-19
o-004357,c-1864,843.98,completed,BR,2026-08-02T06:14:00Z,2026-08-03
o-004358,c-0592,1271.46,completed,BR,2026-07-07T15:57:00Z,2026-07-07
o-004359,c-1230,471.29,completed,BR,2026-07-13T15:36:00Z,2026-07-13
o-004360,c-1676,634.11,completed,BR,2026-07-26T13:40:00Z,2026-07-27
o-004361,c-1748,712.66,pending,BR,2026-06-11T00:56:00Z,2026-06-11
o-004362,c-0188,2356.32,cancelled,BR,2026-08-19T04:52:00Z,2026-08-20
o-004363,c-0867,915.34,pending,BR,2026-06-10T09:25:00Z,2026-06-11
o-004364,c-0541,2146.49,completed,BR,2026-06-13T23:31:00Z,2026-06-13
o-004365,c-0595,11.52,pending,BR,2026-08-19T23:43:00Z,2026-08-19
o-004366,c-0043,1367.53,completed,BR,2026-06-03T09:42:00Z,2026-06-04
o-004367,c-1618,48.58,completed,BR,2026-05-26T17:49:00Z,2026-05-27
o-004368,c-0574,525.14,completed,BR,2026-06-06T12:41:00Z,2026-06-06
o-004369,c-1495,147.27,completed,BR,2026-06-17T07:20:00Z,2026-06-18
o-004370,c-1731,1640.36,completed,BR,2026-08-07T22:48:00Z,2026-08-07
o-004371,c-1663,37.09,cancelled,BR,2026-05-30T23:02:00Z,2026-05-30
o-004372,c-1078,2052.78,completed,BR,2026-05-31T17:28:00Z,2026-05-31
o-004373,c-1490,13.86,cancelled,BR,2026-07-30T01:11:00Z,2026-07-30
o-004374,c-0688,1749.06,completed,BR,2026-07-04T17:56:00Z,2026-07-04
o-004375,c-1280,1708.94,completed,BR,2026-06-21T01:59:00Z,2026-06-22
o-004376,c-1447,555.46,completed,BR,2026-07-16T02:15:00Z,2026-07-17
o-004377,c-0807,430.13,cancelled,BR,2026-05-26T16:50:00Z,2026-05-26
o-004378,c-0288,2462.69,completed,BR,2026-07-16T16:04:00Z,2026-07-17
o-004379,c-1748,2460.43,pending,BR,2026-06-30T14:57:00Z,2026-07-01
o-004380,c-1576,1147.71,completed,BR,2026-07-06T22:14:00Z,2026-07-06
o-004381,c-1697,2158.59,completed,BR,2026-07-06T21:35:00Z,2026-07-06
o-004382,c-1382,1950.49,completed,BR,2026-08-09T13:31:00Z,2026-08-09
o-004383,c-1239,1122.42,completed,BR,2026-06-09T03:35:00Z,2026-06-09
o-004384,c-1530,774.52,completed,BR,2026-08-08T07:30:00Z,2026-08-09
o-004385,c-1503,2159.47,completed,BR,2026-06-05T12:51:00Z,2026-06-06
o-004386,c-0875,1199.95,pending,BR,2026-07-27T15:30:00Z,2026-07-28
o-004387,c-1782,2245.37,completed,BR,2026-07-31T06:26:00Z,2026-07-31
o-004388,c-0886,1364.14,cancelled,BR,2026-08-16T11:01:00Z,2026-08-16
o-004389,c-1493,1638.58,pending,BR,2026-08-12T05:29:00Z,2026-08-13
o-004390,c-0353,1482.35,completed,BR,2026-07-17T13:28:00Z,2026-07-17
o-004391,c-1168,1749.60,completed,BR,2026-08-13T12:05:00Z,2026-08-14
o-004392,c-1674,815.54,completed,BR,2026-08-13T19:43:00Z,2026-08-13
o-004393,c-0950,732.13,completed,BR,2026-07-02T18:34:00Z,2026-07-02
o-004394,c-0278,812.03,completed,BR,2026-07-23T14:09:00Z,2026-07-24
o-004395,c-0661,2436.46,pending,BR,2026-07-10T09:01:00Z,2026-07-10
o-004396,c-1869,1394.82,cancelled,BR,2026-07-30T00:20:00Z,2026-07-30
o-004397,c-1893,185.74,completed,BR,2026-06-29T03:49:00Z,2026-06-30
o-004398,c-0224,2230.39,pending,BR,2026-07-04T15:35:00Z,2026-07-04
o-004399,c-1171,179.58,pending,BR,2026-08-06T11:55:00Z,2026-08-07
o-004400,c-0719,2004.57,completed,BR,2026-07-18T02:41:00Z,2026-07-18
o-004401,c-1724,2442.60,completed,BR,2026-05-28T01:55:00Z,2026-05-29
o-004402,c-1585,113.75,completed,BR,2026-06-15T08:17:00Z,2026-06-15
o-004403,c-1071,2370.00,completed,BR,2026-07-24T11:40:00Z,2026-07-25
o-004404,c-0102,1568.02,completed,BR,2026-06-10T18:12:00Z,2026-06-10
o-004405,c-0253,258.68,pending,BR,2026-07-05T20:00:00Z,2026-07-05
o-004406,c-1319,1270.40,pending,BR,2026-05-27T15:17:00Z,2026-05-27
o-004407,c-1171,1886.82,completed,BR,2026-08-15T20:38:00Z,2026-08-16
o-004408,c-0306,2488.68,completed,BR,2026-06-16T13:38:00Z,2026-06-16
o-004409,c-1682,302.07,completed,BR,2026-07-11T05:56:00Z,2026-07-11
o-004410,c-0028,1957.24,completed,BR,2026-06-17T00:08:00Z,2026-06-18
o-004411,c-1609,436.04,completed,BR,2026-07-16T04:16:00Z,2026-07-17
o-004412,c-0745,601.85,cancelled,BR,2026-08-12T09:01:00Z,2026-08-13
o-004413,c-1014,2210.90,completed,BR,2026-08-13T08:19:00Z,2026-08-14
o-004414,c-1938,1660.05,completed,BR,2026-07-14T21:49:00Z,2026-07-15
o-004415,c-0524,129.00,completed,BR,2026-07-25T06:23:00Z,2026-07-26
o-004416,c-0519,2349.66,completed,BR,2026-07-04T23:04:00Z,2026-07-05
o-004417,c-0780,1640.01,pending,BR,2026-07-30T21:52:00Z,2026-07-31
o-004418,c-0725,2319.06,completed,BR,2026-08-16T23:55:00Z,2026-08-17
o-004419,c-1038,499.76,completed,BR,2026-06-21T21:59:00Z,2026-06-22
o-004420,c-1342,1369.85,completed,BR,2026-06-12T13:53:00Z,2026-06-13
o-004421,c-0443,1088.27,completed,BR,2026-06-30T16:20:00Z,2026-06-30
o-004422,c-0316,78.10,completed,BR,2026-07-20T15:23:00Z,2026-07-21
o-004423,c-0010,2311.16,cancelled,BR,2026-06-29T07:10:00Z,2026-06-30
o-004424,c-1580,2011.43,completed,BR,2026-08-15T20:16:00Z,2026-08-16
o-004425,c-0500,2178.81,pending,BR,2026-08-07T22:21:00Z,2026-08-07
o-004426,c-0730,64.33,pending,BR,2026-07-01T10:51:00Z,2026-07-01
o-004427,c-0740,2486.34,completed,BR,2026-06-14T17:17:00Z,2026-06-15
o-004428,c-0950,417.14,pending,BR,2026-05-29T14:12:00Z,2026-05-30
o-004429,c-0353,2294.83,pending,BR,2026-06-17T18:02:00Z,2026-06-18
o-004430,c-0916,572.05,pending,BR,2026-06-10T18:20:00Z,2026-06-11
o-004431,c-1301,1972.23,completed,BR,2026-08-11T21:00:00Z,2026-08-11
o-004432,c-1152,2313.81,completed,BR,2026-06-09T10:35:00Z,2026-06-10
o-004433,c-0226,889.10,completed,BR,2026-08-19T22:40:00Z,2026-08-19
o-004434,c-0615,2481.18,completed,BR,2026-06-15T17:06:00Z,2026-06-16
o-004435,c-0430,861.83,pending,BR,2026-06-09T14:38:00Z,2026-06-10
o-004436,c-1581,1711.03,completed,BR,2026-06-21T07:48:00Z,2026-06-22
o-004437,c-1271,2146.89,pending,BR,2026-06-16T02:51:00Z,2026-06-16
o-004438,c-0229,359.88,completed,BR,2026-08-04T00:17:00Z,2026-08-04
o-004439,c-0822,898.13,pending,BR,2026-06-25T04:35:00Z,2026-06-26
o-004440,c-1722,1690.73,cancelled,BR,2026-08-16T11:07:00Z,2026-08-16
o-004441,c-1073,911.88,completed,BR,2026-06-16T17:45:00Z,2026-06-17
o-004442,c-0714,734.93,cancelled,BR,2026-06-25T20:48:00Z,2026-06-26
o-004443,c-0084,1996.47,pending,BR,2026-08-11T02:37:00Z,2026-08-11
o-004444,c-0664,238.95,completed,BR,2026-06-30T11:53:00Z,2026-07-01
o-004445,c-0641,1890.72,completed,BR,2026-07-20T22:02:00Z,2026-07-21
o-004446,c-0278,1187.40,completed,BR,2026-06-05T13:29:00Z,2026-06-05
o-004447,c-0507,1108.44,completed,BR,2026-06-09T02:42:00Z,2026-06-10
o-004448,c-1701,1191.69,cancelled,BR,2026-06-13T13:16:00Z,2026-06-13
o-004449,c-0356,1884.38,completed,BR,2026-06-24T16:07:00Z,2026-06-25
o-004450,c-0804,403.66,completed,BR,2026-05-30T13:36:00Z,2026-05-30
o-004451,c-0172,1510.75,completed,BR,2026-05-25T07:59:00Z,2026-05-26
o-004452,c-1946,189.02,pending,BR,2026-05-30T09:21:00Z,2026-05-30
o-004453,c-1459,828.18,completed,BR,2026-08-06T17:09:00Z,2026-08-06
o-004454,c-1873,1694.56,pending,BR,2026-07-18T07:43:00Z,2026-07-18
o-004455,c-1941,437.24,pending,BR,2026-06-27T07:52:00Z,2026-06-27
o-004456,c-0632,1257.69,pending,BR,2026-06-03T21:18:00Z,2026-06-03
o-004457,c-0118,367.40,completed,BR,2026-06-23T12:19:00Z,2026-06-24
o-004458,c-0095,2148.26,completed,BR,2026-06-14T23:15:00Z,2026-06-14
o-004459,c-0505,642.10,completed,BR,2026-07-09T14:24:00Z,2026-07-10
o-004460,c-0379,1517.91,completed,BR,2026-07-04T09:37:00Z,2026-07-04
o-004461,c-1533,716.67,completed,BR,2026-06-02T16:54:00Z,2026-06-02
o-004462,c-1325,751.39,completed,BR,2026-08-09T11:14:00Z,2026-08-09
o-004463,c-1816,100.15,completed,BR,2026-06-12T21:37:00Z,2026-06-13
o-004464,c-0991,301.16,completed,BR,2026-07-03T00:26:00Z,2026-07-03
o-004465,c-1400,1463.44,cancelled,BR,2026-07-21T19:08:00Z,2026-07-22
o-004466,c-1850,1956.74,completed,BR,2026-05-31T14:13:00Z,2026-05-31
o-004467,c-1043,283.30,completed,BR,2026-08-18T19:05:00Z,2026-08-18
o-004468,c-1498,1261.03,completed,BR,2026-08-10T04:10:00Z,2026-08-10
o-004469,c-1216,1377.11,completed,BR,2026-06-01T10:28:00Z,2026-06-01
o-004470,c-1392,1153.97,pending,BR,2026-06-06T00:22:00Z,2026-06-06
o-004471,c-1157,1287.04,completed,BR,2026-05-23T14:41:00Z,2026-05-24
o-004472,c-0710,2126.85,pending,BR,2026-06-02T11:55:00Z,2026-06-02
o-004473,c-0116,639.47,completed,BR,2026-05-24T05:00:00Z,2026-05-24
o-004474,c-1590,1617.27,pending,BR,2026-07-28T07:35:00Z,2026-07-29
o-004475,c-1137,1534.23,pending,BR,2026-07-01T20:22:00Z,2026-07-01
o-004476,c-0349,1488.14,completed,BR,2026-07-19T12:03:00Z,2026-07-19
o-004477,c-1329,1948.88,completed,BR,2026-08-08T23:50:00Z,2026-08-08
o-004478,c-0560,1023.18,completed,BR,2026-08-17T11:19:00Z,2026-08-17
o-004479,c-1099,1778.90,completed,BR,2026-07-16T17:32:00Z,2026-07-16
o-004480,c-0092,193.41,completed,BR,2026-08-01T21:08:00Z,2026-08-02
o-004481,c-0354,183.82,pending,BR,2026-07-02T03:15:00Z,2026-07-02
o-004482,c-0576,941.37,completed,BR,2026-07-01T05:09:00Z,2026-07-01
o-004483,c-0202,591.38,completed,BR,2026-06-13T11:50:00Z,2026-06-13
o-004484,c-0356,83.66,completed,BR,2026-06-17T21:46:00Z,2026-06-17
o-004485,c-1806,1881.89,completed,BR,2026-06-07T23:49:00Z,2026-06-08
o-004486,c-0456,1041.26,completed,BR,2026-07-30T18:43:00Z,2026-07-30
o-004487,c-1329,2346.34,completed,BR,2026-06-23T23:24:00Z,2026-06-23
o-004488,c-0955,1873.97,completed,BR,2026-07-01T20:31:00Z,2026-07-02
o-004489,c-0988,464.55,completed,BR,2026-07-07T04:05:00Z,2026-07-08
o-004490,c-1432,1794.59,pending,BR,2026-07-22T00:29:00Z,2026-07-22
o-004491,c-0889,607.40,completed,BR,2026-05-26T20:42:00Z,2026-05-27
o-004492,c-0214,454.86,completed,BR,2026-07-29T11:05:00Z,2026-07-29
o-004493,c-1807,1953.80,pending,BR,2026-08-10T08:51:00Z,2026-08-11
o-004494,c-0741,652.56,completed,BR,2026-08-08T15:09:00Z,2026-08-09
o-004495,c-0705,849.39,pending,BR,2026-08-07T05:29:00Z,2026-08-08
o-004496,c-1021,200.23,completed,BR,2026-08-18T03:44:00Z,2026-08-19
o-004497,c-1537,357.71,completed,BR,2026-08-05T11:25:00Z,2026-08-05
o-004498,c-0276,1856.75,pending,BR,2026-07-10T14:34:00Z,2026-07-10
o-004499,c-1926,68.02,completed,BR,2026-06-18T14:06:00Z,2026-06-18
o-004500,c-1116,2115.94,completed,BR,2026-06-28T01:10:00Z,2026-06-28
o-004501,c-0446,1720.04,cancelled,BR,2026-06-28T21:24:00Z,2026-06-28
o-004502,c-0619,746.31,completed,BR,2026-07-10T05:31:00Z,2026-07-11
o-004503,c-0420,1820.17,completed,BR,2026-08-18T03:04:00Z,2026-08-19
o-004504,c-0853,1948.94,completed,BR,2026-06-14T20:42:00Z,2026-06-14
o-004505,c-0768,467.99,completed,BR,2026-06-06T19:25:00Z,2026-06-07
o-004506,c-0425,2218.50,completed,BR,2026-07-23T00:53:00Z,2026-07-24
o-004507,c-0796,786.42,completed,BR,2026-08-03T12:37:00Z,2026-08-04
o-004508,c-1899,59.51,completed,BR,2026-08-02T07:00:00Z,2026-08-02
o-004509,c-0570,1355.50,completed,BR,2026-08-08T20:14:00Z,2026-08-09
o-004510,c-1493,571.40,pending,BR,2026-07-06T18:11:00Z,2026-07-06
o-004511,c-1597,2387.59,cancelled,BR,2026-08-07T03:42:00Z,2026-08-07
o-004512,c-0989,2337.93,completed,BR,2026-08-07T07:17:00Z,2026-08-07
o-004513,c-0090,2270.07,completed,BR,2026-08-18T04:37:00Z,2026-08-18
o-004514,c-0168,1360.32,completed,BR,2026-07-27T05:17:00Z,2026-07-28
o-004515,c-0255,1298.89,completed,BR,2026-07-30T03:28:00Z,2026-07-31
o-004516,c-1336,138.30,pending,BR,2026-07-04T21:28:00Z,2026-07-05
o-004517,c-1706,1443.50,pending,BR,2026-08-05T19:28:00Z,2026-08-05
o-004518,c-0647,407.27,pending,BR,2026-06-05T15:07:00Z,2026-06-05
o-004519,c-0572,1367.98,completed,BR,2026-07-04T13:22:00Z,2026-07-04
o-004520,c-1133,1551.43,completed,BR,2026-05-24T13:04:00Z,2026-05-25
o-004521,c-0433,1581.45,completed,BR,2026-07-02T13:55:00Z,2026-07-02
o-004522,c-0194,2482.92,completed,BR,2026-06-04T05:38:00Z,2026-06-05
o-004523,c-1957,919.48,completed,BR,2026-06-14T23:55:00Z,2026-06-15
o-004524,c-0212,1049.29,completed,BR,2026-07-14T06:31:00Z,2026-07-14
o-004525,c-0182,1437.03,pending,BR,2026-07-29T22:45:00Z,2026-07-29
o-004526,c-0803,1328.35,cancelled,BR,2026-08-20T01:07:00Z,2026-08-20
o-004527,c-1317,2059.13,completed,BR,2026-07-16T15:22:00Z,2026-07-16
o-004528,c-1629,1709.75,completed,BR,2026-07-11T07:51:00Z,2026-07-11
o-004529,c-0864,2302.70,pending,BR,2026-06-22T02:30:00Z,2026-06-23
o-004530,c-0549,1448.10,pending,BR,2026-05-28T09:44:00Z,2026-05-28
o-004531,c-0497,1193.17,completed,BR,2026-07-07T23:18:00Z,2026-07-08
o-004532,c-1057,1942.43,completed,BR,2026-07-05T22:26:00Z,2026-07-05
o-004533,c-1393,1496.27,completed,BR,2026-06-07T04:30:00Z,2026-06-08
o-004534,c-1501,548.48,completed,BR,2026-06-10T10:49:00Z,2026-06-11
o-004535,c-0217,1097.67,completed,BR,2026-08-07T22:47:00Z,2026-08-07
o-004536,c-0661,1396.34,pending,BR,2026-08-11T23:53:00Z,2026-08-12
o-004537,c-1705,1236.36,completed,BR,2026-06-14T03:52:00Z,2026-06-14
o-004538,c-1448,473.73,pending,BR,2026-06-07T22:34:00Z,2026-06-08
o-004539,c-0478,1430.76,completed,BR,2026-06-25T03:52:00Z,2026-06-25
o-004540,c-1482,1932.54,completed,BR,2026-06-21T03:20:00Z,2026-06-22
o-004541,c-0446,1941.07,completed,BR,2026-05-24T15:38:00Z,2026-05-25
o-004542,c-1068,1655.39,completed,BR,2026-08-10T01:41:00Z,2026-08-11
o-004543,c-1425,1655.70,completed,BR,2026-08-05T17:29:00Z,2026-08-05
o-004544,c-1290,697.52,pending,BR,2026-08-02T23:39:00Z,2026-08-02
o-004545,c-1439,273.49,completed,BR,2026-06-16T10:41:00Z,2026-06-16
o-004546,c-0858,1004.15,completed,BR,2026-06-18T06:39:00Z,2026-06-19
o-004547,c-0394,2336.09,completed,BR,2026-07-23T22:08:00Z,2026-07-23
o-004548,c-0981,1643.87,completed,BR,2026-05-24T22:58:00Z,2026-05-24
o-004549,c-0626,335.85,completed,BR,2026-06-13T23:54:00Z,2026-06-14
o-004550,c-0193,1722.42,completed,BR,2026-06-21T01:26:00Z,2026-06-21
o-004551,c-0379,1835.13,completed,BR,2026-07-01T00:06:00Z,2026-07-01
o-004552,c-1329,1978.30,completed,BR,2026-06-13T09:48:00Z,2026-06-14
o-004553,c-0319,1675.16,completed,BR,2026-06-12T22:17:00Z,2026-06-12
o-004554,c-1656,2092.78,completed,BR,2026-08-20T19:19:00Z,2026-08-21
o-004555,c-0843,880.84,pending,BR,2026-06-03T03:42:00Z,2026-06-04
o-004556,c-1347,167.49,completed,BR,2026-06-27T00:39:00Z,2026-06-28
o-004557,c-0212,775.78,completed,BR,2026-08-10T17:39:00Z,2026-08-10
o-004558,c-1838,485.34,completed,BR,2026-07-01T20:08:00Z,2026-07-02
o-004559,c-1718,815.35,completed,BR,2026-08-12T19:03:00Z,2026-08-12
o-004560,c-0790,2150.89,completed,BR,2026-06-01T00:41:00Z,2026-06-01
o-004561,c-0652,961.41,completed,BR,2026-06-15T23:36:00Z,2026-06-15
o-004562,c-0073,1587.26,completed,BR,2026-07-23T12:45:00Z,2026-07-24
o-004563,c-0887,1459.80,cancelled,BR,2026-07-16T19:11:00Z,2026-07-16
o-004564,c-1168,870.70,completed,BR,2026-07-11T02:36:00Z,2026-07-12
o-004565,c-0191,2087.74,completed,BR,2026-07-31T06:38:00Z,2026-07-31
o-004566,c-1712,1554.67,completed,BR,2026-07-01T04:17:00Z,2026-07-01
o-004567,c-0603,10.49,completed,BR,2026-06-14T16:47:00Z,2026-06-14
o-004568,c-0554,1028.23,completed,BR,2026-06-30T21:33:00Z,2026-06-30
o-004569,c-1951,599.13,completed,BR,2026-07-09T03:47:00Z,2026-07-10
o-004570,c-0894,2256.81,completed,BR,2026-05-27T16:27:00Z,2026-05-28
o-004571,c-1663,723.49,completed,BR,2026-08-02T05:24:00Z,2026-08-02
o-004572,c-1136,827.77,completed,BR,2026-06-26T06:21:00Z,2026-06-26
o-004573,c-1183,2155.61,completed,BR,2026-08-02T20:57:00Z,2026-08-03
o-004574,c-1247,683.59,cancelled,BR,2026-07-23T20:55:00Z,2026-07-23
o-004575,c-0510,1425.45,pending,BR,2026-08-08T13:18:00Z,2026-08-09
o-004576,c-0430,810.18,completed,BR,2026-07-22T12:21:00Z,2026-07-22
o-004577,c-0530,1147.48,pending,BR,2026-07-28T06:00:00Z,2026-07-28
o-004578,c-1561,1481.84,completed,BR,2026-06-27T04:35:00Z,2026-06-28
o-004579,c-0435,2336.73,cancelled,BR,2026-08-09T20:25:00Z,2026-08-10
o-004580,c-1058,2407.36,completed,BR,2026-08-06T17:39:00Z,2026-08-07
o-004581,c-0936,45.92,completed,BR,2026-07-20T22:54:00Z,2026-07-20
o-004582,c-1787,2158.91,pending,BR,2026-08-05T01:05:00Z,2026-08-06
o-004583,c-1273,1103.59,completed,BR,2026-05-26T06:51:00Z,2026-05-27
o-004584,c-1631,2378.74,completed,BR,2026-07-19T03:21:00Z,2026-07-20
o-004585,c-0984,2074.03,completed,BR,2026-07-03T00:41:00Z,2026-07-04
o-004586,c-0157,1359.33,completed,BR,2026-05-25T21:06:00Z,2026-05-26
o-004587,c-1007,1657.15,completed,BR,2026-08-18T05:13:00Z,2026-08-19
o-004588,c-1422,522.68,cancelled,BR,2026-08-09T20:27:00Z,2026-08-10
o-004589,c-0039,2207.94,cancelled,BR,2026-06-27T10:48:00Z,2026-06-27
o-004590,c-1323,841.13,completed,BR,2026-08-04T07:31:00Z,2026-08-05
o-004591,c-0637,118.68,pending,BR,2026-06-25T05:50:00Z,2026-06-26
o-004592,c-0148,1181.71,completed,BR,2026-08-06T05:57:00Z,2026-08-07
o-004593,c-1642,1117.03,completed,BR,2026-05-27T04:21:00Z,2026-05-27
o-004594,c-1766,1707.81,completed,BR,2026-07-03T22:31:00Z,2026-07-04
o-004595,c-1525,435.21,completed,BR,2026-06-30T16:50:00Z,2026-06-30
o-004596,c-1289,1031.12,pending,BR,2026-07-28T20:18:00Z,2026-07-28
o-004597,c-1554,1872.89,pending,BR,2026-05-29T21:24:00Z,2026-05-29
o-004598,c-0662,1282.81,completed,BR,2026-06-02T00:49:00Z,2026-06-02
o-004599,c-1742,1911.50,completed,BR,2026-08-04T12:38:00Z,2026-08-05
o-004600,c-0173,2417.26,completed,BR,2026-06-18T00:48:00Z,2026-06-19
o-004601,c-1317,2302.05,pending,BR,2026-06-10T22:31:00Z,2026-06-11
o-004602,c-0718,1312.83,pending,BR,2026-05-29T06:24:00Z,2026-05-30
o-004603,c-0850,370.97,cancelled,BR,2026-07-16T06:16:00Z,2026-07-17
o-004604,c-1393,706.74,completed,BR,2026-06-25T12:32:00Z,2026-06-26
o-004605,c-1531,1848.18,completed,BR,2026-06-05T17:04:00Z,2026-06-05
o-004606,c-0402,559.76,completed,BR,2026-07-15T02:30:00Z,2026-07-15
o-004607,c-0919,2207.57,pending,BR,2026-07-19T09:17:00Z,2026-07-20
o-004608,c-0945,1156.57,completed,BR,2026-08-17T13:56:00Z,2026-08-17
o-004609,c-0795,616.28,completed,BR,2026-07-30T10:44:00Z,2026-07-30
o-004610,c-1044,1537.56,cancelled,BR,2026-08-08T15:52:00Z,2026-08-09
o-004611,c-0543,1959.97,cancelled,BR,2026-07-09T19:17:00Z,2026-07-10
o-004612,c-1332,602.37,completed,BR,2026-07-26T22:21:00Z,2026-07-26
o-004613,c-1204,888.58,completed,BR,2026-07-20T08:56:00Z,2026-07-20
o-004614,c-1971,1884.33,completed,BR,2026-07-11T14:26:00Z,2026-07-12
o-004615,c-0577,67.43,pending,BR,2026-05-25T15:26:00Z,2026-05-26
o-004616,c-0727,205.89,completed,BR,2026-07-06T06:19:00Z,2026-07-06
o-004617,c-0156,796.14,completed,BR,2026-06-18T20:49:00Z,2026-06-18
o-004618,c-0122,1556.87,completed,BR,2026-05-27T20:45:00Z,2026-05-27
o-004619,c-1170,2128.51,pending,BR,2026-07-14T11:25:00Z,2026-07-15
o-004620,c-1487,1268.07,completed,BR,2026-06-29T23:16:00Z,2026-06-30
o-004621,c-0501,1315.71,cancelled,BR,2026-07-04T20:42:00Z,2026-07-05
o-004622,c-0749,618.77,cancelled,BR,2026-06-17T21:08:00Z,2026-06-18
o-004623,c-0881,2459.71,completed,BR,2026-08-16T00:55:00Z,2026-08-16
o-004624,c-0533,1168.71,pending,BR,2026-08-04T23:05:00Z,2026-08-04
o-004625,c-0123,1840.35,pending,BR,2026-08-05T21:23:00Z,2026-08-06
o-004626,c-0160,201.27,completed,BR,2026-08-07T16:36:00Z,2026-08-08
o-004627,c-1708,789.32,completed,BR,2026-08-01T03:43:00Z,2026-08-02
o-004628,c-1029,541.52,cancelled,BR,2026-06-27T12:27:00Z,2026-06-27
o-004629,c-0639,1826.76,completed,BR,2026-07-16T02:32:00Z,2026-07-17
o-004630,c-1047,1219.72,completed,BR,2026-07-21T23:37:00Z,2026-07-22
o-004631,c-0819,1679.68,pending,BR,2026-07-11T17:56:00Z,2026-07-11
o-004632,c-1451,1537.20,pending,BR,2026-06-09T11:25:00Z,2026-06-10
o-004633,c-1230,1467.49,completed,BR,2026-08-13T19:04:00Z,2026-08-14
o-004634,c-1472,414.36,completed,BR,2026-06-21T00:46:00Z,2026-06-21
o-004635,c-1177,1762.41,completed,BR,2026-06-28T00:20:00Z,2026-06-29
o-004636,c-1717,1205.54,completed,BR,2026-07-30T13:11:00Z,2026-07-30
o-004637,c-0138,637.18,completed,BR,2026-06-19T02:34:00Z,2026-06-20
o-004638,c-0771,85.42,completed,BR,2026-07-19T07:13:00Z,2026-07-19
o-004639,c-0519,1137.19,pending,BR,2026-07-05T05:16:00Z,2026-07-06
o-004640,c-0613,2162.54,pending,BR,2026-05-23T06:20:00Z,2026-05-24
o-004641,c-0578,262.26,cancelled,BR,2026-08-17T05:58:00Z,2026-08-17
o-004642,c-1604,1263.85,completed,BR,2026-07-07T02:34:00Z,2026-07-08
o-004643,c-0848,778.68,pending,BR,2026-07-25T15:19:00Z,2026-07-25
o-004644,c-0418,229.98,completed,BR,2026-07-08T02:32:00Z,2026-07-08
o-004645,c-0018,357.68,completed,BR,2026-06-17T08:57:00Z,2026-06-18
o-004646,c-1582,799.11,pending,BR,2026-07-06T06:39:00Z,2026-07-07
o-004647,c-1307,423.63,completed,BR,2026-08-01T19:20:00Z,2026-08-02
o-004648,c-1796,1558.43,completed,BR,2026-08-04T16:19:00Z,2026-08-04
o-004649,c-1878,431.17,cancelled,BR,2026-07-10T10:23:00Z,2026-07-10
o-004650,c-0772,1154.49,pending,BR,2026-06-14T06:34:00Z,2026-06-14
o-004651,c-1931,2135.27,completed,BR,2026-07-01T17:48:00Z,2026-07-01
o-004652,c-1122,2229.36,pending,BR,2026-05-30T06:34:00Z,2026-05-30
o-004653,c-1678,649.21,completed,BR,2026-06-25T04:45:00Z,2026-06-25
o-004654,c-0639,2287.25,completed,BR,2026-08-08T11:36:00Z,2026-08-09
o-004655,c-1525,2103.75,cancelled,BR,2026-05-29T18:47:00Z,2026-05-29
o-004656,c-0356,162.97,completed,BR,2026-07-22T06:18:00Z,2026-07-22
o-004657,c-0179,742.83,completed,BR,2026-06-17T07:05:00Z,2026-06-18
o-004658,c-1808,1604.58,completed,BR,2026-05-29T02:20:00Z,2026-05-29
o-004659,c-0080,478.57,pending,BR,2026-06-29T00:28:00Z,2026-06-30
o-004660,c-1092,224.44,completed,BR,2026-05-29T19:56:00Z,2026-05-30
o-004661,c-0739,1536.71,completed,BR,2026-07-02T10:29:00Z,2026-07-03
o-004662,c-1519,2099.33,completed,BR,2026-07-01T10:56:00Z,2026-07-02
o-004663,c-0246,1958.80,pending,BR,2026-06-15T19:37:00Z,2026-06-15
o-004664,c-0290,1019.49,completed,BR,2026-08-07T08:21:00Z,2026-08-07
o-004665,c-0113,1045.36,completed,BR,2026-08-10T23:51:00Z,2026-08-10
o-004666,c-0047,1051.28,completed,BR,2026-08-19T23:24:00Z,2026-08-20
o-004667,c-1414,1541.57,completed,BR,2026-08-20T23:33:00Z,2026-08-20
o-004668,c-0328,1662.06,completed,BR,2026-06-07T12:34:00Z,2026-06-07
o-004669,c-0855,2061.45,cancelled,BR,2026-06-11T21:05:00Z,2026-06-12
o-004670,c-0729,2320.04,completed,BR,2026-08-14T12:53:00Z,2026-08-15
o-004671,c-1956,369.30,completed,BR,2026-08-11T08:31:00Z,2026-08-11
o-004672,c-1528,14.69,completed,BR,2026-06-21T04:42:00Z,2026-06-22
o-004673,c-1009,328.12,completed,BR,2026-08-11T14:03:00Z,2026-08-11
o-004674,c-0324,368.69,completed,BR,2026-08-13T21:29:00Z,2026-08-14
o-004675,c-1145,852.30,completed,BR,2026-06-08T08:51:00Z,2026-06-08
o-004676,c-1140,1160.39,completed,BR,2026-08-09T11:05:00Z,2026-08-10
o-004677,c-0686,469.73,completed,BR,2026-05-28T10:43:00Z,2026-05-28
o-004678,c-1447,2324.72,cancelled,BR,2026-07-28T12:01:00Z,2026-07-29
o-004679,c-0090,723.65,completed,BR,2026-06-15T08:00:00Z,2026-06-16
o-004680,c-1604,899.74,completed,BR,2026-07-23T08:28:00Z,2026-07-24
o-004681,c-1419,2449.43,cancelled,BR,2026-05-28T22:37:00Z,2026-05-28
o-004682,c-0527,2177.21,completed,BR,2026-08-05T16:21:00Z,2026-08-06
o-004683,c-0804,2407.53,completed,BR,2026-05-27T03:57:00Z,2026-05-28
o-004684,c-0675,1569.38,completed,BR,2026-06-09T07:32:00Z,2026-06-10
o-004685,c-1088,1274.10,completed,BR,2026-07-10T11:27:00Z,2026-07-10
o-004686,c-0152,518.98,completed,BR,2026-05-29T13:41:00Z,2026-05-29
o-004687,c-1813,2319.06,pending,BR,2026-05-25T02:06:00Z,2026-05-25
o-004688,c-1139,958.57,cancelled,BR,2026-07-23T18:17:00Z,2026-07-24
o-004689,c-1849,2206.11,pending,BR,2026-08-09T00:13:00Z,2026-08-09
o-004690,c-0425,826.53,pending,BR,2026-06-24T16:37:00Z,2026-06-25
o-004691,c-1495,618.50,completed,BR,2026-08-03T09:19:00Z,2026-08-03
o-004692,c-1207,1779.69,completed,BR,2026-07-20T18:46:00Z,2026-07-20
o-004693,c-1961,907.41,completed,BR,2026-06-08T17:15:00Z,2026-06-09
o-004694,c-1808,236.97,pending,BR,2026-07-22T06:40:00Z,2026-07-22
o-004695,c-1680,1413.18,pending,BR,2026-06-08T21:46:00Z,2026-06-09
o-004696,c-1011,24.53,completed,BR,2026-07-27T16:25:00Z,2026-07-28
o-004697,c-1710,2000.19,completed,BR,2026-08-15T04:37:00Z,2026-08-15
o-004698,c-0753,1936.87,cancelled,BR,2026-07-30T21:11:00Z,2026-07-30
o-004699,c-1077,2266.05,completed,BR,2026-05-23T03:33:00Z,2026-05-23
o-004700,c-0316,617.45,completed,BR,2026-07-17T16:32:00Z,2026-07-18
o-004701,c-0875,1340.27,completed,BR,2026-07-16T15:58:00Z,2026-07-17
o-004702,c-1309,1240.55,completed,BR,2026-07-13T08:20:00Z,2026-07-13
o-004703,c-0983,2434.05,pending,BR,2026-08-04T10:53:00Z,2026-08-05
o-004704,c-0686,370.67,completed,BR,2026-08-12T06:05:00Z,2026-08-13
o-004705,c-0661,2243.57,completed,BR,2026-07-04T19:40:00Z,2026-07-04
o-004706,c-1892,1259.85,completed,BR,2026-06-27T17:45:00Z,2026-06-28
o-004707,c-1978,694.70,cancelled,BR,2026-05-31T22:40:00Z,2026-06-01
o-004708,c-1989,1318.78,completed,BR,2026-06-12T13:28:00Z,2026-06-13
o-004709,c-1558,305.15,pending,BR,2026-06-07T19:39:00Z,2026-06-08
o-004710,c-0870,646.64,completed,BR,2026-08-09T13:22:00Z,2026-08-10
o-004711,c-0148,1919.92,pending,BR,2026-07-17T09:56:00Z,2026-07-17
o-004712,c-1253,1011.24,completed,BR,2026-07-16T07:59:00Z,2026-07-16
o-004713,c-1871,2023.32,completed,BR,2026-06-18T11:47:00Z,2026-06-18
o-004714,c-0125,2088.50,completed,BR,2026-06-16T01:05:00Z,2026-06-17
o-004715,c-1179,1191.12,completed,BR,2026-06-14T08:09:00Z,2026-06-14
o-004716,c-1074,705.51,completed,BR,2026-06-19T09:49:00Z,2026-06-19
o-004717,c-0983,957.02,completed,BR,2026-08-03T20:33:00Z,2026-08-04
o-004718,c-0893,1638.99,completed,BR,2026-06-02T20:55:00Z,2026-06-02
o-004719,c-0563,25.23,completed,BR,2026-06-30T17:00:00Z,2026-06-30
o-004720,c-1718,2136.56,pending,BR,2026-07-18T23:15:00Z,2026-07-19
o-004721,c-1628,2203.45,completed,BR,2026-07-24T03:59:00Z,2026-07-25
o-004722,c-0669,656.73,completed,BR,2026-05-25T11:15:00Z,2026-05-25
o-004723,c-1828,985.41,completed,BR,2026-07-17T15:54:00Z,2026-07-18
o-004724,c-1908,1870.61,cancelled,BR,2026-08-12T22:08:00Z,2026-08-13
o-004725,c-0279,124.95,completed,BR,2026-06-18T12:59:00Z,2026-06-19
o-004726,c-1279,1435.60,completed,BR,2026-08-19T04:45:00Z,2026-08-20
o-004727,c-0838,1113.90,completed,BR,2026-08-18T04:51:00Z,2026-08-19
o-004728,c-1512,111.22,cancelled,BR,2026-07-07T10:46:00Z,2026-07-07
o-004729,c-1141,618.52,completed,BR,2026-07-25T14:21:00Z,2026-07-26
o-004730,c-1125,351.21,cancelled,BR,2026-07-11T05:26:00Z,2026-07-12
o-004731,c-0446,2356.27,completed,BR,2026-07-23T20:32:00Z,2026-07-24
o-004732,c-0591,1872.23,completed,BR,2026-08-02T19:49:00Z,2026-08-02
o-004733,c-1703,1203.84,completed,BR,2026-08-16T18:44:00Z,2026-08-16
o-004734,c-1244,1264.66,completed,BR,2026-07-09T11:04:00Z,2026-07-09
o-004735,c-1173,1695.58,completed,BR,2026-06-04T09:38:00Z,2026-06-04
o-004736,c-0695,518.99,completed,BR,2026-06-27T19:34:00Z,2026-06-27
o-004737,c-1065,1899.54,pending,BR,2026-07-28T20:21:00Z,2026-07-29
o-004738,c-0558,1102.74,completed,BR,2026-07-10T10:37:00Z,2026-07-10
o-004739,c-0986,51.76,completed,BR,2026-08-09T08:41:00Z,2026-08-09
o-004740,c-1308,2089.18,completed,BR,2026-07-17T17:30:00Z,2026-07-18
o-004741,c-0209,844.03,completed,BR,2026-08-03T05:09:00Z,2026-08-03
o-004742,c-1700,1457.75,pending,BR,2026-05-29T15:25:00Z,2026-05-29
o-004743,c-0612,2163.50,completed,BR,2026-07-08T18:29:00Z,2026-07-09
o-004744,c-0256,2485.30,completed,BR,2026-06-06T03:21:00Z,2026-06-07
o-004745,c-0947,1139.86,completed,BR,2026-06-28T19:16:00Z,2026-06-28
o-004746,c-1359,184.03,pending,BR,2026-06-25T22:34:00Z,2026-06-26
o-004747,c-0274,436.51,cancelled,BR,2026-07-21T16:21:00Z,2026-07-22
o-004748,c-0522,264.14,completed,BR,2026-08-13T23:40:00Z,2026-08-14
o-004749,c-0633,242.60,completed,BR,2026-08-14T11:29:00Z,2026-08-14
o-004750,c-1269,1664.65,completed,BR,2026-06-10T17:23:00Z,2026-06-11
o-004751,c-0716,1383.96,pending,BR,2026-08-17T23:37:00Z,2026-08-18
o-004752,c-0996,1868.36,completed,BR,2026-07-24T11:59:00Z,2026-07-24
o-004753,c-1339,1024.92,completed,BR,2026-07-29T08:40:00Z,2026-07-29
o-004754,c-1591,487.57,completed,BR,2026-06-19T23:47:00Z,2026-06-20
o-004755,c-0910,9.69,completed,BR,2026-06-05T08:25:00Z,2026-06-06
o-004756,c-1298,1792.21,completed,BR,2026-07-25T21:37:00Z,2026-07-26
o-004757,c-1476,2024.35,pending,BR,2026-06-23T09:07:00Z,2026-06-24
o-004758,c-1462,801.76,completed,BR,2026-05-28T16:45:00Z,2026-05-28
o-004759,c-1023,2347.38,completed,BR,2026-07-13T01:07:00Z,2026-07-14
o-004760,c-0053,481.45,pending,BR,2026-06-04T00:04:00Z,2026-06-05
o-004761,c-0713,1541.36,completed,BR,2026-05-28T03:28:00Z,2026-05-28
o-004762,c-1926,961.13,completed,BR,2026-08-13T08:36:00Z,2026-08-13
o-004763,c-1002,1359.78,completed,BR,2026-06-14T16:20:00Z,2026-06-15
o-004764,c-1393,249.18,cancelled,BR,2026-06-11T03:47:00Z,2026-06-12
o-004765,c-1185,2027.00,completed,BR,2026-08-01T18:27:00Z,2026-08-02
o-004766,c-0823,1693.76,completed,BR,2026-06-17T13:31:00Z,2026-06-17
o-004767,c-0754,2198.58,pending,BR,2026-07-29T19:26:00Z,2026-07-29
o-004768,c-1002,149.19,completed,BR,2026-07-30T17:13:00Z,2026-07-31
o-004769,c-1596,218.01,completed,BR,2026-07-06T03:48:00Z,2026-07-06
o-004770,c-1254,23.22,completed,BR,2026-05-29T19:29:00Z,2026-05-30
o-004771,c-0338,1233.78,completed,BR,2026-08-09T07:27:00Z,2026-08-10
o-004772,c-1743,1682.57,completed,BR,2026-07-23T22:49:00Z,2026-07-24
o-004773,c-0905,1922.72,pending,BR,2026-08-19T08:33:00Z,2026-08-19
o-004774,c-0402,1760.47,pending,BR,2026-08-16T00:42:00Z,2026-08-16
o-004775,c-1873,1143.41,pending,BR,2026-07-08T20:27:00Z,2026-07-09
o-004776,c-1149,2035.33,completed,BR,2026-05-26T16:11:00Z,2026-05-27
o-004777,c-0372,2371.72,completed,BR,2026-06-22T23:30:00Z,2026-06-23
o-004778,c-1450,1947.12,completed,BR,2026-07-26T16:24:00Z,2026-07-27
o-004779,c-1924,1460.27,completed,BR,2026-06-08T21:08:00Z,2026-06-08
o-004780,c-1632,2006.66,completed,BR,2026-08-11T21:10:00Z,2026-08-12
o-004781,c-1776,401.87,completed,BR,2026-06-05T18:31:00Z,2026-06-05
o-004782,c-1727,836.20,completed,BR,2026-07-01T12:48:00Z,2026-07-02
o-004783,c-0925,2409.58,completed,BR,2026-06-26T12:58:00Z,2026-06-27
o-004784,c-1434,540.85,completed,BR,2026-07-02T08:18:00Z,2026-07-02
o-004785,c-0225,1304.33,pending,BR,2026-08-19T17:42:00Z,2026-08-20
o-004786,c-0175,538.50,cancelled,BR,2026-06-16T16:01:00Z,2026-06-17
o-004787,c-0296,149.56,completed,BR,2026-08-13T20:34:00Z,2026-08-13
o-004788,c-1414,1484.81,completed,BR,2026-07-16T16:19:00Z,2026-07-16
o-004789,c-1100,1947.59,completed,BR,2026-07-25T02:16:00Z,2026-07-26
o-004790,c-1374,340.77,completed,BR,2026-06-01T08:42:00Z,2026-06-01
o-004791,c-0407,611.12,completed,BR,2026-05-30T03:07:00Z,2026-05-30
o-004792,c-0908,426.61,completed,BR,2026-07-11T00:12:00Z,2026-07-11
o-004793,c-1041,1206.80,pending,BR,2026-06-29T14:58:00Z,2026-06-30
o-004794,c-0095,1832.12,completed,BR,2026-07-15T21:42:00Z,2026-07-16
o-004795,c-0892,275.48,completed,BR,2026-07-21T12:09:00Z,2026-07-22
o-004796,c-0006,1210.54,completed,BR,2026-08-19T02:40:00Z,2026-08-20
o-004797,c-0380,2396.36,completed,BR,2026-05-28T09:34:00Z,2026-05-29
o-004798,c-1149,128.07,completed,BR,2026-07-26T12:52:00Z,2026-07-26
o-004799,c-0092,569.34,pending,BR,2026-06-12T12:54:00Z,2026-06-13
o-004800,c-1341,824.62,completed,BR,2026-08-09T13:29:00Z,2026-08-10
o-004801,c-0224,1474.11,completed,BR,2026-05-27T10:45:00Z,2026-05-27
o-004802,c-1248,1705.92,completed,BR,2026-06-24T18:02:00Z,2026-06-25
o-004803,c-1322,43.59,completed,BR,2026-07-05T21:07:00Z,2026-07-06
o-004804,c-1399,137.44,completed,BR,2026-07-09T17:36:00Z,2026-07-09
o-004805,c-0385,995.78,completed,BR,2026-08-05T12:29:00Z,2026-08-05
o-004806,c-0947,696.79,completed,BR,2026-07-04T07:04:00Z,2026-07-04
o-004807,c-1306,2253.81,pending,BR,2026-07-05T05:25:00Z,2026-07-05
o-004808,c-0288,439.71,completed,BR,2026-05-26T17:45:00Z,2026-05-27
o-004809,c-0752,1982.70,completed,BR,2026-06-10T19:14:00Z,2026-06-10
o-004810,c-1583,2484.17,completed,BR,2026-07-26T09:12:00Z,2026-07-26
o-004811,c-0009,1023.59,completed,BR,2026-07-03T02:30:00Z,2026-07-04
o-004812,c-0693,2296.10,completed,BR,2026-06-19T22:45:00Z,2026-06-20
o-004813,c-0251,69.87,completed,BR,2026-06-02T09:03:00Z,2026-06-02
o-004814,c-0309,2277.65,completed,BR,2026-06-03T18:21:00Z,2026-06-04
o-004815,c-1052,2379.02,completed,BR,2026-07-23T18:37:00Z,2026-07-23
o-004816,c-1909,555.26,pending,BR,2026-08-08T14:06:00Z,2026-08-09
o-004817,c-1903,1234.90,pending,BR,2026-08-20T00:12:00Z,2026-08-20
o-004818,c-0708,1029.96,completed,BR,2026-05-30T18:19:00Z,2026-05-30
o-004819,c-0266,637.85,cancelled,BR,2026-07-10T00:21:00Z,2026-07-10
o-004820,c-1973,983.44,completed,BR,2026-06-21T20:40:00Z,2026-06-22
o-004821,c-0428,601.47,completed,BR,2026-06-25T03:48:00Z,2026-06-26
o-004822,c-1565,2082.66,completed,BR,2026-08-16T13:54:00Z,2026-08-16
o-004823,c-0020,972.50,completed,BR,2026-07-03T20:53:00Z,2026-07-04
o-004824,c-1386,1589.38,pending,BR,2026-06-02T20:48:00Z,2026-06-03
o-004825,c-1558,594.65,completed,BR,2026-06-14T08:37:00Z,2026-06-15
o-004826,c-1533,2072.65,pending,BR,2026-07-04T15:57:00Z,2026-07-05
o-004827,c-1779,854.01,pending,BR,2026-06-30T17:17:00Z,2026-06-30
o-004828,c-1202,762.16,pending,BR,2026-07-18T23:51:00Z,2026-07-18
o-004829,c-1728,297.08,completed,BR,2026-07-06T12:01:00Z,2026-07-07
o-004830,c-1731,727.33,completed,BR,2026-07-20T19:49:00Z,2026-07-21
o-004831,c-1675,1451.40,pending,BR,2026-07-23T13:53:00Z,2026-07-23
o-004832,c-0216,273.22,completed,BR,2026-08-04T15:25:00Z,2026-08-05
o-004833,c-1805,1126.69,completed,BR,2026-07-06T13:21:00Z,2026-07-07
o-004834,c-0307,1281.78,pending,BR,2026-06-11T05:24:00Z,2026-06-11
o-004835,c-0607,1269.74,completed,BR,2026-08-18T00:48:00Z,2026-08-18
o-004836,c-1188,30.99,completed,BR,2026-08-18T12:33:00Z,2026-08-19
o-004837,c-1519,1045.07,pending,BR,2026-07-10T23:37:00Z,2026-07-10
o-004838,c-1889,2164.43,completed,BR,2026-07-14T02:13:00Z,2026-07-14
o-004839,c-1908,1027.37,completed,BR,2026-05-27T19:49:00Z,2026-05-28
o-004840,c-1809,1104.56,completed,BR,2026-08-07T11:29:00Z,2026-08-07
o-004841,c-1551,1637.36,completed,BR,2026-07-14T04:24:00Z,2026-07-14
o-004842,c-1018,1173.75,completed,BR,2026-07-18T02:42:00Z,2026-07-18
o-004843,c-0113,2366.15,pending,BR,2026-07-07T03:08:00Z,2026-07-08
o-004844,c-0354,472.64,pending,BR,2026-07-14T17:57:00Z,2026-07-14
o-004845,c-0589,508.28,completed,BR,2026-08-18T07:03:00Z,2026-08-18
o-004846,c-0442,1543.87,cancelled,BR,2026-06-24T08:24:00Z,2026-06-24
o-004847,c-1613,1005.83,completed,BR,2026-05-26T12:36:00Z,2026-05-27
o-004848,c-1450,570.28,cancelled,BR,2026-07-13T19:22:00Z,2026-07-13
o-004849,c-0391,855.85,completed,BR,2026-07-12T10:49:00Z,2026-07-12
o-004850,c-1227,767.27,completed,BR,2026-07-05T07:30:00Z,2026-07-05
o-004851,c-0068,1964.75,pending,BR,2026-06-25T08:33:00Z,2026-06-26
o-004852,c-0589,1331.61,pending,BR,2026-07-05T07:06:00Z,2026-07-05
o-004853,c-1970,1448.75,pending,BR,2026-07-28T00:16:00Z,2026-07-28
o-004854,c-0742,878.41,completed,BR,2026-06-10T16:51:00Z,2026-06-10
o-004855,c-0664,622.72,completed,BR,2026-06-30T04:23:00Z,2026-07-01
o-004856,c-1640,79.51,completed,BR,2026-07-16T17:33:00Z,2026-07-17
o-004857,c-1115,995.23,completed,BR,2026-05-28T07:46:00Z,2026-05-28
o-004858,c-0346,310.25,pending,BR,2026-07-23T01:57:00Z,2026-07-23
o-004859,c-1273,2422.25,cancelled,BR,2026-08-02T12:26:00Z,2026-08-02
o-004860,c-1949,1481.71,completed,BR,2026-06-08T17:51:00Z,2026-06-09
o-004861,c-1159,1313.59,completed,BR,2026-07-28T15:12:00Z,2026-07-28
o-004862,c-0516,2004.59,pending,BR,2026-08-03T11:51:00Z,2026-08-04
o-004863,c-0356,1442.81,completed,BR,2026-08-16T18:25:00Z,2026-08-17
o-004864,c-0616,291.56,completed,BR,2026-06-16T05:34:00Z,2026-06-16
o-004865,c-0965,16.20,completed,BR,2026-08-20T01:11:00Z,2026-08-21
o-004866,c-0640,849.50,completed,BR,2026-05-25T04:43:00Z,2026-05-25
o-004867,c-1497,1759.75,pending,BR,2026-06-02T23:56:00Z,2026-06-03
o-004868,c-0740,747.41,cancelled,BR,2026-05-31T12:17:00Z,2026-06-01
o-004869,c-1269,348.04,pending,BR,2026-05-31T01:55:00Z,2026-06-01
o-004870,c-0832,1040.56,pending,BR,2026-07-02T20:47:00Z,2026-07-02
o-004871,c-1598,248.70,completed,BR,2026-08-18T21:36:00Z,2026-08-19
o-004872,c-0518,693.06,pending,BR,2026-06-21T23:25:00Z,2026-06-21
o-004873,c-0986,1338.71,pending,BR,2026-06-29T23:34:00Z,2026-06-29
o-004874,c-0414,38.43,cancelled,BR,2026-07-26T15:09:00Z,2026-07-26
o-004875,c-1411,1390.70,completed,BR,2026-08-13T00:27:00Z,2026-08-13
o-004876,c-1630,224.37,completed,BR,2026-07-19T19:09:00Z,2026-07-19
o-004877,c-0276,1006.33,completed,BR,2026-08-15T17:21:00Z,2026-08-15
o-004878,c-1272,1587.50,completed,BR,2026-07-08T01:46:00Z,2026-07-08
o-004879,c-1159,1083.55,completed,BR,2026-07-23T21:08:00Z,2026-07-23
o-004880,c-1265,327.17,completed,BR,2026-06-08T01:07:00Z,2026-06-08
o-004881,c-1126,1810.94,completed,BR,2026-06-22T07:45:00Z,2026-06-22
o-004882,c-1986,1414.93,pending,BR,2026-06-26T18:41:00Z,2026-06-26
o-004883,c-1545,1194.16,completed,BR,2026-06-12T18:58:00Z,2026-06-12
o-004884,c-0704,1341.14,cancelled,BR,2026-07-09T10:51:00Z,2026-07-09
o-004885,c-0159,1076.24,completed,BR,2026-08-08T20:28:00Z,2026-08-08
o-004886,c-0579,1505.85,cancelled,BR,2026-07-21T10:53:00Z,2026-07-22
o-004887,c-0620,1741.50,completed,BR,2026-07-01T05:19:00Z,2026-07-02
o-004888,c-1694,599.37,completed,BR,2026-07-11T04:22:00Z,2026-07-11
o-004889,c-1060,2314.56,completed,BR,2026-05-31T05:19:00Z,2026-06-01
o-004890,c-1491,1126.58,pending,BR,2026-08-13T13:45:00Z,2026-08-14
o-004891,c-0984,433.77,pending,BR,2026-06-30T06:40:00Z,2026-07-01
o-004892,c-0405,1576.01,completed,BR,2026-06-30T19:57:00Z,2026-07-01
o-004893,c-1063,1241.04,completed,BR,2026-07-10T11:30:00Z,2026-07-10
o-004894,c-0692,2260.49,pending,BR,2026-07-01T07:57:00Z,2026-07-01
o-004895,c-1710,395.95,cancelled,BR,2026-05-29T07:17:00Z,2026-05-29
o-004896,c-1313,745.59,completed,BR,2026-08-05T13:03:00Z,2026-08-05
o-004897,c-1477,129.35,completed,BR,2026-08-07T02:26:00Z,2026-08-08
o-004898,c-0990,574.00,completed,BR,2026-06-28T05:25:00Z,2026-06-29
o-004899,c-1423,1949.12,completed,BR,2026-06-09T04:23:00Z,2026-06-10
o-004900,c-1217,388.71,completed,BR,2026-07-14T19:14:00Z,2026-07-14
o-004901,c-1220,1902.38,completed,BR,2026-06-26T20:03:00Z,2026-06-26
o-004902,c-1391,833.56,completed,BR,2026-06-05T22:07:00Z,2026-06-06
o-004903,c-0378,2049.88,completed,BR,2026-05-31T08:31:00Z,2026-06-01
o-004904,c-0863,1431.09,pending,BR,2026-05-24T20:04:00Z,2026-05-25
o-004905,c-0258,2296.42,pending,BR,2026-06-19T10:39:00Z,2026-06-20
o-004906,c-0919,2003.81,completed,BR,2026-08-04T17:40:00Z,2026-08-04
o-004907,c-1709,1985.87,pending,BR,2026-07-03T19:26:00Z,2026-07-04
o-004908,c-1867,1735.38,pending,BR,2026-06-02T11:15:00Z,2026-06-02
o-004909,c-1618,426.18,completed,BR,2026-06-12T23:19:00Z,2026-06-13
o-004910,c-1493,1949.53,completed,BR,2026-05-24T01:46:00Z,2026-05-24
o-004911,c-0294,1514.76,completed,BR,2026-05-27T22:40:00Z,2026-05-27
o-004912,c-0886,755.03,completed,BR,2026-05-31T20:19:00Z,2026-06-01
o-004913,c-0299,1131.77,completed,BR,2026-07-03T10:16:00Z,2026-07-03
o-004914,c-1464,2303.09,completed,BR,2026-06-23T03:25:00Z,2026-06-24
o-004915,c-1227,363.30,completed,BR,2026-05-30T23:27:00Z,2026-05-31
o-004916,c-1947,912.39,pending,BR,2026-08-04T07:39:00Z,2026-08-04
o-004917,c-0627,2390.11,completed,BR,2026-07-13T18:01:00Z,2026-07-14
o-004918,c-0655,2134.91,pending,BR,2026-08-16T18:55:00Z,2026-08-16
o-004919,c-1621,2478.40,completed,BR,2026-07-27T15:35:00Z,2026-07-27
o-004920,c-0685,1144.40,completed,BR,2026-07-27T03:57:00Z,2026-07-27
o-004921,c-0505,54.14,completed,BR,2026-06-27T10:15:00Z,2026-06-27
o-004922,c-0104,456.07,completed,BR,2026-07-01T03:54:00Z,2026-07-01
o-004923,c-0313,736.34,completed,BR,2026-06-24T00:40:00Z,2026-06-25
o-004924,c-0391,1787.88,completed,BR,2026-05-30T07:14:00Z,2026-05-31
o-004925,c-0092,813.87,completed,BR,2026-05-29T04:15:00Z,2026-05-29
o-004926,c-0669,244.11,completed,BR,2026-06-03T11:22:00Z,2026-06-04
o-004927,c-1095,2148.70,completed,BR,2026-08-06T08:40:00Z,2026-08-06
o-004928,c-0560,383.95,pending,BR,2026-08-18T21:19:00Z,2026-08-19
o-004929,c-0806,767.34,completed,BR,2026-08-10T05:23:00Z,2026-08-11
o-004930,c-1753,223.57,completed,BR,2026-07-27T01:31:00Z,2026-07-27
o-004931,c-1201,232.38,completed,BR,2026-07-06T00:22:00Z,2026-07-06
o-004932,c-1494,1723.02,completed,BR,2026-06-24T02:39:00Z,2026-06-25
o-004933,c-0226,836.29,completed,BR,2026-07-02T11:31:00Z,2026-07-02
o-004934,c-1832,2329.89,completed,BR,2026-06-21T05:32:00Z,2026-06-21
o-004935,c-0569,1026.90,completed,BR,2026-07-17T03:47:00Z,2026-07-18
o-004936,c-0275,2114.21,completed,BR,2026-08-16T17:42:00Z,2026-08-17
o-004937,c-1827,2371.47,completed,BR,2026-07-02T04:00:00Z,2026-07-02
o-004938,c-0939,1092.37,completed,BR,2026-05-28T09:09:00Z,2026-05-28
o-004939,c-0644,1519.75,completed,BR,2026-07-26T11:42:00Z,2026-07-27
o-004940,c-1220,1116.25,pending,BR,2026-07-01T06:43:00Z,2026-07-01
o-004941,c-1419,2411.06,completed,BR,2026-07-26T01:47:00Z,2026-07-26
o-004942,c-0224,115.11,cancelled,BR,2026-07-15T23:06:00Z,2026-07-15
o-004943,c-1501,545.29,completed,BR,2026-07-27T16:32:00Z,2026-07-27
o-004944,c-1102,1486.77,completed,BR,2026-07-12T21:07:00Z,2026-07-13
o-004945,c-1922,611.47,completed,BR,2026-07-14T16:30:00Z,2026-07-15
o-004946,c-0182,1320.97,completed,BR,2026-07-15T19:02:00Z,2026-07-16
o-004947,c-1286,92.79,completed,BR,2026-07-04T12:48:00Z,2026-07-04
o-004948,c-0779,1199.19,completed,BR,2026-05-24T15:09:00Z,2026-05-25
o-004949,c-0321,2061.18,pending,BR,2026-08-01T03:43:00Z,2026-08-02
o-004950,c-0917,390.07,completed,BR,2026-06-18T11:26:00Z,2026-06-19
o-004951,c-0037,1167.94,completed,BR,2026-05-26T17:14:00Z,2026-05-26
o-004952,c-1575,1003.85,completed,BR,2026-07-28T19:37:00Z,2026-07-29
o-004953,c-0212,1605.65,completed,BR,2026-06-28T19:35:00Z,2026-06-28
o-004954,c-0844,1156.32,completed,BR,2026-07-11T15:16:00Z,2026-07-11
o-004955,c-1933,1089.78,completed,BR,2026-07-15T14:23:00Z,2026-07-15
o-004956,c-1779,1405.16,pending,BR,2026-06-04T02:27:00Z,2026-06-05
o-004957,c-0726,1080.61,completed,BR,2026-08-08T11:52:00Z,2026-08-09
o-004958,c-0425,2492.30,completed,BR,2026-06-03T16:03:00Z,2026-06-04
o-004959,c-0430,1473.49,completed,BR,2026-05-27T04:22:00Z,2026-05-28
o-004960,c-0878,831.53,pending,BR,2026-06-22T15:45:00Z,2026-06-23
o-004961,c-0988,1987.53,completed,BR,2026-06-17T03:24:00Z,2026-06-18
o-004962,c-1409,1395.24,completed,BR,2026-06-12T13:06:00Z,2026-06-13
o-004963,c-0580,1371.03,completed,BR,2026-05-24T03:09:00Z,2026-05-25
o-004964,c-1362,148.65,cancelled,BR,2026-06-29T10:20:00Z,2026-06-29
o-004965,c-1348,149.22,completed,BR,2026-08-06T01:32:00Z,2026-08-06
o-004966,c-1364,1411.15,cancelled,BR,2026-06-18T18:54:00Z,2026-06-19
o-004967,c-0823,1579.59,completed,BR,2026-07-27T15:08:00Z,2026-07-28
o-004968,c-0774,248.00,completed,BR,2026-06-17T09:15:00Z,2026-06-17
o-004969,c-1582,1679.77,completed,BR,2026-08-05T02:18:00Z,2026-08-05
o-004970,c-0641,397.68,completed,BR,2026-06-20T00:31:00Z,2026-06-21
o-004971,c-0218,1097.02,completed,BR,2026-08-13T13:20:00Z,2026-08-14
o-004972,c-0847,1887.71,completed,BR,2026-08-10T15:44:00Z,2026-08-10
o-004973,c-0736,253.94,completed,BR,2026-07-10T05:09:00Z,2026-07-11
o-004974,c-0318,1133.59,completed,BR,2026-07-13T01:00:00Z,2026-07-13
o-004975,c-0261,628.28,completed,BR,2026-06-28T01:23:00Z,2026-06-29
o-004976,c-1523,1172.90,pending,BR,2026-06-05T05:23:00Z,2026-06-05
o-004977,c-1351,925.56,completed,BR,2026-05-28T08:06:00Z,2026-05-28
o-004978,c-1582,2155.83,pending,BR,2026-05-24T10:04:00Z,2026-05-25
o-004979,c-0825,1081.23,completed,BR,2026-06-06T05:13:00Z,2026-06-06
o-004980,c-1000,1320.37,completed,BR,2026-06-27T15:40:00Z,2026-06-27
o-004981,c-1196,1394.40,pending,BR,2026-07-15T02:20:00Z,2026-07-15
o-004982,c-0971,980.32,completed,BR,2026-08-01T09:19:00Z,2026-08-02
o-004983,c-0319,41.96,completed,BR,2026-06-25T22:35:00Z,2026-06-25
o-004984,c-0515,1344.04,pending,BR,2026-06-16T23:04:00Z,2026-06-16
o-004985,c-1779,1156.42,completed,BR,2026-06-30T11:02:00Z,2026-06-30
o-004986,c-1932,188.82,pending,BR,2026-06-06T17:02:00Z,2026-06-06
o-004987,c-0779,1699.20,completed,BR,2026-06-07T08:50:00Z,2026-06-07
o-004988,c-1238,1906.77,completed,BR,2026-07-14T00:24:00Z,2026-07-14
o-004989,c-0051,662.92,cancelled,BR,2026-06-03T16:36:00Z,2026-06-03
o-004990,c-1702,259.33,completed,BR,2026-08-09T04:46:00Z,2026-08-10
o-004991,c-1735,2370.29,cancelled,BR,2026-08-17T19:09:00Z,2026-08-18
o-004992,c-1488,1218.07,completed,BR,2026-08-16T06:18:00Z,2026-08-16
o-004993,c-1985,117.94,completed,BR,2026-06-27T02:12:00Z,2026-06-27
o-004994,c-1057,263.59,cancelled,BR,2026-08-02T20:06:00Z,2026-08-03
o-004995,c-0020,2372.20,completed,BR,2026-06-02T22:45:00Z,2026-06-02
o-004996,c-0321,790.58,completed,BR,2026-08-06T21:00:00Z,2026-08-07
o-004997,c-0639,1128.84,completed,BR,2026-07-15T00:36:00Z,2026-07-16
o-004998,c-1623,124.18,cancelled,BR,2026-07-11T14:06:00Z,2026-07-12
o-004999,c-1353,2044.73,completed,BR,2026-06-19T02:01:00Z,2026-06-19
o-005000,c-0215,660.38,pending,BR,2026-07-11T08:20:00Z,2026-07-12
o-005001,c-0257,2366.18,completed,BR,2026-07-03T21:30:00Z,2026-07-04
o-005002,c-1620,141.36,pending,BR,2026-05-26T07:13:00Z,2026-05-27
o-005003,c-0544,649.39,completed,BR,2026-08-09T16:28:00Z,2026-08-09
o-005004,c-1238,2356.71,completed,BR,2026-06-05T22:14:00Z,2026-06-06
o-005005,c-1532,2424.33,completed,BR,2026-06-03T05:52:00Z,2026-06-04
o-005006,c-1974,754.65,completed,BR,2026-07-11T00:14:00Z,2026-07-11
o-005007,c-0874,1898.90,completed,BR,2026-06-21T02:44:00Z,2026-06-21
o-005008,c-0713,1224.83,cancelled,BR,2026-06-22T02:43:00Z,2026-06-22
o-005009,c-0167,71.77,completed,BR,2026-07-13T20:21:00Z,2026-07-14
o-005010,c-0834,1968.08,completed,BR,2026-06-20T12:02:00Z,2026-06-21
o-005011,c-1907,725.11,completed,BR,2026-07-18T09:33:00Z,2026-07-19
o-005012,c-0951,1500.62,pending,BR,2026-07-10T20:40:00Z,2026-07-11
o-005013,c-1042,634.55,completed,BR,2026-05-24T20:15:00Z,2026-05-25
o-005014,c-1656,270.78,cancelled,BR,2026-07-20T14:00:00Z,2026-07-20
o-005015,c-0911,1218.29,cancelled,BR,2026-06-20T20:30:00Z,2026-06-21
o-005016,c-1176,2269.10,completed,BR,2026-06-17T01:28:00Z,2026-06-17
o-005017,c-0227,2329.29,completed,BR,2026-06-05T18:45:00Z,2026-06-06
o-005018,c-1705,134.92,completed,BR,2026-08-09T00:10:00Z,2026-08-09
o-005019,c-0549,720.10,completed,BR,2026-07-07T10:54:00Z,2026-07-08
o-005020,c-0917,701.89,completed,BR,2026-08-16T21:33:00Z,2026-08-17
o-005021,c-1360,1413.79,completed,BR,2026-08-20T10:23:00Z,2026-08-20
o-005022,c-0469,1421.03,completed,BR,2026-08-18T00:52:00Z,2026-08-18
o-005023,c-1489,589.18,completed,BR,2026-05-23T01:19:00Z,2026-05-23
o-005024,c-0788,1568.14,cancelled,BR,2026-06-19T23:24:00Z,2026-06-19
o-005025,c-1961,1850.55,completed,BR,2026-07-20T07:06:00Z,2026-07-21
o-005026,c-0444,2404.01,pending,BR,2026-07-16T22:58:00Z,2026-07-16
o-005027,c-0560,1268.88,completed,BR,2026-06-11T06:50:00Z,2026-06-12
o-005028,c-1733,1317.50,pending,BR,2026-08-15T07:53:00Z,2026-08-15
o-005029,c-1774,1200.51,pending,BR,2026-08-01T14:42:00Z,2026-08-01
o-005030,c-0535,1754.73,cancelled,BR,2026-06-22T08:36:00Z,2026-06-22
o-005031,c-1621,315.30,pending,BR,2026-08-08T12:28:00Z,2026-08-08
o-005032,c-0882,19.63,completed,BR,2026-08-13T03:30:00Z,2026-08-13
o-005033,c-1690,801.98,completed,BR,2026-06-07T22:07:00Z,2026-06-08
o-005034,c-0280,850.81,completed,BR,2026-08-06T17:39:00Z,2026-08-06
o-005035,c-1914,2192.89,pending,BR,2026-07-12T09:25:00Z,2026-07-12
o-005036,c-1679,1483.36,completed,BR,2026-07-19T00:06:00Z,2026-07-20
o-005037,c-1358,2443.06,completed,BR,2026-07-08T15:00:00Z,2026-07-08
o-005038,c-1228,1794.78,completed,BR,2026-06-08T15:44:00Z,2026-06-08
o-005039,c-1484,1354.81,completed,BR,2026-08-05T04:23:00Z,2026-08-06
o-005040,c-0259,1512.82,pending,BR,2026-05-30T10:01:00Z,2026-05-30
o-005041,c-0798,2462.36,completed,BR,2026-08-16T02:50:00Z,2026-08-16
o-005042,c-1367,1927.94,completed,BR,2026-07-03T13:04:00Z,2026-07-04
o-005043,c-0145,2115.99,completed,BR,2026-08-02T08:50:00Z,2026-08-03
o-005044,c-1983,1929.43,completed,BR,2026-07-27T02:08:00Z,2026-07-27
o-005045,c-1752,581.32,completed,BR,2026-08-02T16:08:00Z,2026-08-02
o-005046,c-1088,2134.97,completed,BR,2026-07-10T18:39:00Z,2026-07-10
o-005047,c-1566,1702.60,cancelled,BR,2026-08-02T12:30:00Z,2026-08-02
o-005048,c-0403,1686.27,completed,BR,2026-05-30T08:42:00Z,2026-05-31
o-005049,c-1084,316.55,completed,BR,2026-07-21T20:15:00Z,2026-07-22
o-005050,c-1754,2253.11,completed,BR,2026-07-02T23:26:00Z,2026-07-02
o-005051,c-1241,350.56,cancelled,BR,2026-07-29T17:08:00Z,2026-07-29
o-005052,c-0043,1029.60,pending,BR,2026-07-29T23:25:00Z,2026-07-30
o-005053,c-0249,1204.33,completed,BR,2026-08-11T20:45:00Z,2026-08-11
o-005054,c-1697,77.49,completed,BR,2026-06-25T03:44:00Z,2026-06-26
o-005055,c-1245,600.65,completed,BR,2026-07-02T20:39:00Z,2026-07-02
o-005056,c-0848,2119.80,completed,BR,2026-05-24T07:09:00Z,2026-05-24
o-005057,c-1601,1445.63,completed,BR,2026-08-04T23:14:00Z,2026-08-04
o-005058,c-0704,354.08,pending,BR,2026-06-11T20:51:00Z,2026-06-12
o-005059,c-1649,1138.26,completed,BR,2026-07-10T19:15:00Z,2026-07-11
o-005060,c-1195,653.79,pending,BR,2026-08-03T10:54:00Z,2026-08-03
o-005061,c-1918,470.32,completed,BR,2026-08-09T13:48:00Z,2026-08-10
o-005062,c-0529,756.71,completed,BR,2026-06-23T23:40:00Z,2026-06-24
o-005063,c-1571,1760.17,completed,BR,2026-07-26T03:55:00Z,2026-07-26
o-005064,c-0153,776.23,cancelled,BR,2026-06-20T01:27:00Z,2026-06-21
o-005065,c-0050,1514.47,completed,BR,2026-07-03T17:31:00Z,2026-07-04
o-005066,c-0175,2103.07,completed,BR,2026-07-06T19:43:00Z,2026-07-06
o-005067,c-1579,1602.57,completed,BR,2026-06-13T15:33:00Z,2026-06-14
o-005068,c-1903,1526.33,completed,BR,2026-07-07T18:06:00Z,2026-07-07
o-005069,c-0033,1784.53,completed,BR,2026-07-11T07:29:00Z,2026-07-11
o-005070,c-0239,1034.08,pending,BR,2026-07-12T12:46:00Z,2026-07-12
o-005071,c-0444,368.66,completed,BR,2026-06-30T02:34:00Z,2026-06-30
o-005072,c-0359,1558.11,completed,BR,2026-08-10T18:36:00Z,2026-08-11
o-005073,c-0960,1925.06,pending,BR,2026-08-04T06:38:00Z,2026-08-05
o-005074,c-1002,2132.52,completed,BR,2026-07-06T02:36:00Z,2026-07-06
o-005075,c-0522,1800.93,completed,BR,2026-06-02T02:04:00Z,2026-06-03
o-005076,c-1384,545.35,completed,BR,2026-07-20T00:13:00Z,2026-07-21
o-005077,c-0304,2403.45,completed,BR,2026-08-14T14:55:00Z,2026-08-15
o-005078,c-0214,263.01,completed,BR,2026-08-02T09:46:00Z,2026-08-02
o-005079,c-0421,523.95,pending,BR,2026-07-31T01:23:00Z,2026-08-01
o-005080,c-1959,626.87,pending,BR,2026-07-27T22:09:00Z,2026-07-27
o-005081,c-1287,635.60,completed,BR,2026-06-09T16:29:00Z,2026-06-09
o-005082,c-1970,2273.24,pending,BR,2026-06-06T01:56:00Z,2026-06-07
o-005083,c-1399,1791.71,completed,BR,2026-06-02T05:40:00Z,2026-06-03
o-005084,c-0471,1792.09,cancelled,BR,2026-06-29T17:22:00Z,2026-06-29
o-005085,c-0377,11.66,completed,BR,2026-05-31T19:28:00Z,2026-05-31
o-005086,c-1128,740.84,completed,BR,2026-06-24T21:04:00Z,2026-06-25
o-005087,c-1397,1792.59,completed,BR,2026-08-20T13:48:00Z,2026-08-20
o-005088,c-1289,991.92,completed,BR,2026-08-10T23:46:00Z,2026-08-11
o-005089,c-0724,833.38,completed,BR,2026-05-25T00:23:00Z,2026-05-25
o-005090,c-0067,1285.60,completed,BR,2026-08-19T17:49:00Z,2026-08-20
o-005091,c-1455,326.60,completed,BR,2026-06-14T06:44:00Z,2026-06-14
o-005092,c-0027,528.46,completed,BR,2026-07-19T04:08:00Z,2026-07-19
o-005093,c-0660,100.52,pending,BR,2026-07-29T07:00:00Z,2026-07-29
o-005094,c-1372,682.93,completed,BR,2026-08-12T08:12:00Z,2026-08-13
o-005095,c-0678,2018.16,completed,BR,2026-07-17T18:09:00Z,2026-07-17
o-005096,c-1771,1517.33,pending,BR,2026-07-12T07:07:00Z,2026-07-13
o-005097,c-1721,2250.13,completed,BR,2026-07-11T17:30:00Z,2026-07-12
o-005098,c-0019,625.58,pending,BR,2026-06-24T11:17:00Z,2026-06-25
o-005099,c-0132,2357.45,completed,BR,2026-07-17T12:16:00Z,2026-07-18
o-005100,c-0009,81.42,completed,BR,2026-06-29T23:21:00Z,2026-06-29
o-005101,c-0205,826.35,completed,BR,2026-07-24T13:19:00Z,2026-07-24
o-005102,c-1189,2363.70,pending,BR,2026-06-13T16:00:00Z,2026-06-13
o-005103,c-0606,244.25,completed,BR,2026-07-02T00:41:00Z,2026-07-03
o-005104,c-1261,1435.00,completed,BR,2026-06-04T23:46:00Z,2026-06-04
o-005105,c-0251,828.09,completed,BR,2026-07-04T11:10:00Z,2026-07-04
o-005106,c-1427,410.80,completed,BR,2026-08-01T01:20:00Z,2026-08-01
o-005107,c-0934,1621.56,completed,BR,2026-06-22T11:58:00Z,2026-06-23
o-005108,c-1516,147.88,completed,BR,2026-07-01T15:25:00Z,2026-07-01
o-005109,c-1922,852.96,pending,BR,2026-06-17T19:23:00Z,2026-06-17
o-005110,c-1581,270.73,completed,BR,2026-07-04T05:52:00Z,2026-07-05
o-005111,c-0655,1268.82,completed,BR,2026-06-15T14:28:00Z,2026-06-15
o-005112,c-0824,105.74,completed,BR,2026-07-18T08:34:00Z,2026-07-18
o-005113,c-1986,598.71,completed,BR,2026-07-07T17:57:00Z,2026-07-07
o-005114,c-1448,1899.28,completed,BR,2026-07-31T13:04:00Z,2026-08-01
o-005115,c-1694,2253.22,completed,BR,2026-06-20T11:44:00Z,2026-06-21
o-005116,c-1966,1731.88,completed,BR,2026-07-08T19:56:00Z,2026-07-08
o-005117,c-0093,818.33,pending,BR,2026-08-03T13:28:00Z,2026-08-04
o-005118,c-0912,1242.33,completed,BR,2026-06-03T03:43:00Z,2026-06-03
o-005119,c-1609,1125.79,completed,BR,2026-08-01T07:01:00Z,2026-08-02
o-005120,c-1554,831.74,completed,BR,2026-06-10T14:55:00Z,2026-06-11
o-005121,c-0666,1918.80,completed,BR,2026-06-03T12:00:00Z,2026-06-04
o-005122,c-1983,1328.86,completed,BR,2026-05-27T03:56:00Z,2026-05-28
o-005123,c-1351,2321.27,completed,BR,2026-06-06T06:12:00Z,2026-06-07
o-005124,c-1453,1306.61,pending,BR,2026-05-30T00:58:00Z,2026-05-30
o-005125,c-0558,1148.97,completed,BR,2026-06-01T04:42:00Z,2026-06-01
o-005126,c-0015,1718.71,cancelled,BR,2026-06-27T12:57:00Z,2026-06-27
o-005127,c-1517,296.50,completed,BR,2026-08-04T19:48:00Z,2026-08-05
o-005128,c-1183,2210.22,pending,BR,2026-06-08T14:06:00Z,2026-06-09
o-005129,c-1426,987.90,completed,BR,2026-06-20T06:33:00Z,2026-06-21
o-005130,c-1533,1354.80,completed,BR,2026-07-07T04:32:00Z,2026-07-08
o-005131,c-1503,1608.56,cancelled,BR,2026-08-09T16:25:00Z,2026-08-09
o-005132,c-1119,1933.56,completed,BR,2026-06-22T18:29:00Z,2026-06-23
o-005133,c-1427,610.57,completed,BR,2026-08-03T00:41:00Z,2026-08-03
o-005134,c-0964,596.84,completed,BR,2026-08-09T18:39:00Z,2026-08-10
o-005135,c-1602,695.35,completed,BR,2026-08-13T21:16:00Z,2026-08-14
o-005136,c-0568,280.25,cancelled,BR,2026-07-19T12:37:00Z,2026-07-19
o-005137,c-1524,1067.98,completed,BR,2026-07-05T09:41:00Z,2026-07-05
o-005138,c-0610,1922.64,pending,BR,2026-08-03T03:44:00Z,2026-08-04
o-005139,c-0064,2342.02,pending,BR,2026-06-23T10:37:00Z,2026-06-23
o-005140,c-1887,1530.00,completed,BR,2026-08-11T20:45:00Z,2026-08-11
o-005141,c-0947,2031.88,completed,BR,2026-08-04T13:23:00Z,2026-08-05
o-005142,c-0923,1270.92,completed,BR,2026-08-17T15:21:00Z,2026-08-18
o-005143,c-1364,2465.62,completed,BR,2026-07-10T15:33:00Z,2026-07-11
o-005144,c-1688,549.11,completed,BR,2026-05-27T15:53:00Z,2026-05-27
o-005145,c-0117,2490.22,completed,BR,2026-06-04T21:53:00Z,2026-06-05
o-005146,c-0954,2393.47,completed,BR,2026-08-18T20:55:00Z,2026-08-18
o-005147,c-0648,1645.68,completed,BR,2026-05-23T15:32:00Z,2026-05-23
o-005148,c-0795,1461.75,completed,BR,2026-06-17T22:45:00Z,2026-06-18
o-005149,c-0579,39.07,cancelled,BR,2026-07-14T18:37:00Z,2026-07-15
o-005150,c-0267,2385.07,completed,BR,2026-05-28T23:11:00Z,2026-05-28
o-005151,c-0179,1913.62,cancelled,BR,2026-08-18T12:20:00Z,2026-08-18
o-005152,c-0325,1149.21,completed,BR,2026-08-16T22:21:00Z,2026-08-16
o-005153,c-0584,1559.56,completed,BR,2026-08-07T22:03:00Z,2026-08-07
o-005154,c-0287,2421.60,completed,BR,2026-07-23T15:04:00Z,2026-07-24
o-005155,c-0869,1981.57,completed,BR,2026-05-27T18:15:00Z,2026-05-28
o-005156,c-0643,923.52,completed,BR,2026-05-28T04:02:00Z,2026-05-28
o-005157,c-0842,288.30,completed,BR,2026-06-16T13:19:00Z,2026-06-17
o-005158,c-1920,2333.70,completed,BR,2026-06-27T15:51:00Z,2026-06-28
o-005159,c-0228,1916.10,completed,BR,2026-08-03T07:59:00Z,2026-08-03
o-005160,c-1960,1588.99,completed,BR,2026-05-24T13:20:00Z,2026-05-24
o-005161,c-0897,1838.68,completed,BR,2026-06-11T05:55:00Z,2026-06-11
o-005162,c-1857,2446.17,completed,BR,2026-08-14T22:40:00Z,2026-08-14
o-005163,c-0747,968.58,completed,BR,2026-08-02T22:22:00Z,2026-08-02
o-005164,c-1375,15.91,completed,BR,2026-07-09T10:51:00Z,2026-07-10
o-005165,c-1190,835.75,completed,BR,2026-07-14T06:45:00Z,2026-07-15
o-005166,c-0878,21.51,completed,BR,2026-07-30T19:51:00Z,2026-07-31
o-005167,c-1891,1985.00,completed,BR,2026-06-09T15:26:00Z,2026-06-09
o-005168,c-1181,1809.32,completed,BR,2026-08-17T13:02:00Z,2026-08-17
o-005169,c-1065,448.97,pending,BR,2026-06-23T12:36:00Z,2026-06-24
o-005170,c-1477,1653.42,pending,BR,2026-06-10T13:56:00Z,2026-06-10
o-005171,c-0377,2367.63,completed,BR,2026-05-30T18:28:00Z,2026-05-31
o-005172,c-1944,846.21,completed,BR,2026-06-05T14:49:00Z,2026-06-05
o-005173,c-0885,1610.07,cancelled,BR,2026-05-26T23:04:00Z,2026-05-27
o-005174,c-1389,274.00,completed,BR,2026-06-18T18:54:00Z,2026-06-18
o-005175,c-0518,776.80,completed,BR,2026-07-17T19:30:00Z,2026-07-17
o-005176,c-1869,290.69,completed,BR,2026-06-01T17:41:00Z,2026-06-01
o-005177,c-1405,597.99,completed,BR,2026-06-21T18:47:00Z,2026-06-21
o-005178,c-1517,1492.69,completed,BR,2026-07-10T20:39:00Z,2026-07-10
o-005179,c-0231,11.10,completed,BR,2026-05-26T15:05:00Z,2026-05-26
o-005180,c-0355,2299.51,completed,BR,2026-05-30T17:08:00Z,2026-05-30
o-005181,c-1047,586.77,completed,BR,2026-06-27T05:29:00Z,2026-06-27
o-005182,c-0647,718.75,completed,BR,2026-07-24T23:34:00Z,2026-07-25
o-005183,c-1617,420.45,completed,BR,2026-06-10T01:25:00Z,2026-06-10
o-005184,c-0309,401.15,completed,BR,2026-08-19T23:47:00Z,2026-08-19
o-005185,c-1967,202.48,cancelled,BR,2026-07-15T18:35:00Z,2026-07-15
o-005186,c-1847,731.38,completed,BR,2026-07-15T11:32:00Z,2026-07-16
o-005187,c-0282,1852.93,completed,BR,2026-07-14T00:54:00Z,2026-07-15
o-005188,c-1677,1733.06,completed,BR,2026-07-16T08:28:00Z,2026-07-16
o-005189,c-1423,1570.93,cancelled,BR,2026-07-05T05:23:00Z,2026-07-06
o-005190,c-0446,1135.36,completed,BR,2026-06-24T15:31:00Z,2026-06-25
o-005191,c-0029,1106.59,pending,BR,2026-08-20T19:17:00Z,2026-08-21
o-005192,c-0652,1198.99,completed,BR,2026-05-29T13:05:00Z,2026-05-29
o-005193,c-1854,1538.98,completed,BR,2026-07-20T04:34:00Z,2026-07-21
o-005194,c-0318,1000.22,completed,BR,2026-08-07T04:32:00Z,2026-08-07
o-005195,c-1831,1005.63,completed,BR,2026-08-13T12:16:00Z,2026-08-13
o-005196,c-0897,71.98,completed,BR,2026-07-25T02:41:00Z,2026-07-26
o-005197,c-0069,840.05,pending,BR,2026-07-12T17:32:00Z,2026-07-12
o-005198,c-1628,507.16,completed,BR,2026-08-13T12:24:00Z,2026-08-14
o-005199,c-0967,2423.69,completed,BR,2026-07-09T20:04:00Z,2026-07-09
o-005200,c-0955,1458.67,completed,BR,2026-06-07T05:48:00Z,2026-06-08
o-005201,c-0274,1393.83,completed,BR,2026-07-09T21:43:00Z,2026-07-10
o-005202,c-0171,2096.95,pending,BR,2026-06-02T18:38:00Z,2026-06-02
o-005203,c-1264,1393.14,completed,BR,2026-05-25T16:28:00Z,2026-05-25
o-005204,c-1907,1757.62,completed,BR,2026-08-19T16:49:00Z,2026-08-20
o-005205,c-0996,2181.20,completed,BR,2026-06-13T01:30:00Z,2026-06-14
o-005206,c-1329,263.13,cancelled,BR,2026-07-22T09:03:00Z,2026-07-23
o-005207,c-0464,566.21,cancelled,BR,2026-08-05T11:46:00Z,2026-08-06
o-005208,c-1223,951.37,completed,BR,2026-08-13T09:26:00Z,2026-08-13
o-005209,c-1372,139.00,cancelled,BR,2026-06-03T01:59:00Z,2026-06-03
o-005210,c-0105,1692.33,completed,BR,2026-06-05T15:35:00Z,2026-06-06
o-005211,c-0058,1817.65,completed,BR,2026-05-29T04:22:00Z,2026-05-30
o-005212,c-1158,1186.52,completed,BR,2026-08-11T07:45:00Z,2026-08-11
o-005213,c-0068,209.36,cancelled,BR,2026-06-14T19:57:00Z,2026-06-15
o-005214,c-0747,2261.65,pending,BR,2026-07-22T08:41:00Z,2026-07-23
o-005215,c-1382,1733.58,completed,BR,2026-07-04T20:14:00Z,2026-07-05
o-005216,c-0659,1489.53,pending,BR,2026-07-19T23:19:00Z,2026-07-20
o-005217,c-1703,1901.41,completed,BR,2026-07-11T21:43:00Z,2026-07-12
o-005218,c-1371,1622.87,completed,BR,2026-06-02T12:18:00Z,2026-06-02
o-005219,c-0716,1947.51,completed,BR,2026-06-29T01:50:00Z,2026-06-30
o-005220,c-0191,2251.64,cancelled,BR,2026-06-22T14:59:00Z,2026-06-22
o-005221,c-1779,1113.13,completed,BR,2026-07-12T23:36:00Z,2026-07-13
o-005222,c-0777,1336.27,pending,BR,2026-07-10T00:53:00Z,2026-07-11
o-005223,c-0704,1243.53,completed,BR,2026-07-20T09:38:00Z,2026-07-20
o-005224,c-1639,911.11,completed,BR,2026-07-12T16:32:00Z,2026-07-12
o-005225,c-0564,685.81,completed,BR,2026-07-27T01:13:00Z,2026-07-28
o-005226,c-1031,1004.92,completed,BR,2026-05-28T21:22:00Z,2026-05-29
o-005227,c-0524,667.51,completed,BR,2026-08-10T18:35:00Z,2026-08-11
o-005228,c-0429,460.73,completed,BR,2026-06-23T10:09:00Z,2026-06-24
o-005229,c-1509,1479.95,completed,BR,2026-06-06T02:44:00Z,2026-06-06
o-005230,c-1866,1754.33,completed,BR,2026-08-19T02:34:00Z,2026-08-20
o-005231,c-0841,1695.18,pending,BR,2026-08-09T17:42:00Z,2026-08-10
o-005232,c-1222,559.82,completed,BR,2026-06-23T11:52:00Z,2026-06-24
o-005233,c-0242,1252.70,completed,BR,2026-08-15T14:46:00Z,2026-08-15
o-005234,c-1333,691.12,cancelled,BR,2026-07-30T00:56:00Z,2026-07-30
o-005235,c-1812,394.71,completed,BR,2026-07-15T08:09:00Z,2026-07-16
o-005236,c-1262,2419.68,completed,BR,2026-06-09T00:21:00Z,2026-06-10
o-005237,c-0608,1368.89,completed,BR,2026-08-04T16:55:00Z,2026-08-05
o-005238,c-1888,1980.25,pending,BR,2026-08-09T04:04:00Z,2026-08-10
o-005239,c-0964,2429.50,completed,BR,2026-07-31T08:28:00Z,2026-08-01
o-005240,c-0792,17.28,completed,BR,2026-06-23T14:06:00Z,2026-06-24
o-005241,c-1477,1371.37,completed,BR,2026-07-22T05:05:00Z,2026-07-23
o-005242,c-0881,200.91,completed,BR,2026-07-05T17:03:00Z,2026-07-06
o-005243,c-0705,2002.52,completed,BR,2026-06-15T13:28:00Z,2026-06-16
o-005244,c-1270,2299.11,completed,BR,2026-08-10T14:37:00Z,2026-08-11
o-005245,c-1927,1179.24,completed,BR,2026-07-04T16:16:00Z,2026-07-05
o-005246,c-1554,740.80,completed,BR,2026-06-27T00:07:00Z,2026-06-27
o-005247,c-1479,2339.37,cancelled,BR,2026-06-19T13:56:00Z,2026-06-19
o-005248,c-1416,824.09,completed,BR,2026-06-15T22:29:00Z,2026-06-16
o-005249,c-1359,2477.66,cancelled,BR,2026-08-05T06:16:00Z,2026-08-06
o-005250,c-1835,626.74,completed,BR,2026-06-06T04:53:00Z,2026-06-07
o-005251,c-1724,2443.75,completed,BR,2026-06-29T15:38:00Z,2026-06-29
o-005252,c-0865,1798.32,completed,BR,2026-07-14T03:58:00Z,2026-07-14
o-005253,c-0738,1026.93,pending,BR,2026-06-09T22:08:00Z,2026-06-09
o-005254,c-1778,2241.16,cancelled,BR,2026-07-21T00:42:00Z,2026-07-22
o-005255,c-0687,1535.16,completed,BR,2026-07-02T07:06:00Z,2026-07-03
o-005256,c-0072,332.64,completed,BR,2026-08-12T09:15:00Z,2026-08-12
o-005257,c-0109,536.88,completed,BR,2026-08-17T05:51:00Z,2026-08-18
o-005258,c-0139,1344.55,completed,BR,2026-06-12T09:19:00Z,2026-06-13
o-005259,c-1787,2186.47,completed,BR,2026-05-31T03:08:00Z,2026-05-31
o-005260,c-0430,1361.30,completed,BR,2026-07-31T05:35:00Z,2026-08-01
o-005261,c-1106,1896.95,completed,BR,2026-07-12T13:04:00Z,2026-07-13
o-005262,c-1428,2205.60,completed,BR,2026-07-27T10:32:00Z,2026-07-28
o-005263,c-0772,582.96,completed,BR,2026-06-29T02:33:00Z,2026-06-29
o-005264,c-0339,1573.05,completed,BR,2026-07-28T05:21:00Z,2026-07-28
o-005265,c-0156,2345.66,cancelled,BR,2026-07-28T22:34:00Z,2026-07-29
o-005266,c-0887,1462.08,cancelled,BR,2026-07-02T19:17:00Z,2026-07-03
o-005267,c-1207,2306.24,completed,BR,2026-07-01T05:34:00Z,2026-07-01
o-005268,c-1419,2102.54,cancelled,BR,2026-07-19T01:21:00Z,2026-07-19
o-005269,c-0092,610.13,completed,BR,2026-08-17T05:52:00Z,2026-08-18
o-005270,c-0187,1982.71,pending,BR,2026-06-13T06:47:00Z,2026-06-13
o-005271,c-1880,46.84,pending,BR,2026-07-10T16:27:00Z,2026-07-11
o-005272,c-0260,1970.18,cancelled,BR,2026-07-23T17:24:00Z,2026-07-23
o-005273,c-0876,2362.13,completed,BR,2026-07-05T05:30:00Z,2026-07-05
o-005274,c-1084,1159.61,completed,BR,2026-05-26T23:15:00Z,2026-05-26
o-005275,c-0013,1267.02,cancelled,BR,2026-07-19T17:14:00Z,2026-07-20
o-005276,c-0897,2425.02,cancelled,BR,2026-05-23T13:11:00Z,2026-05-23
o-005277,c-1688,558.55,completed,BR,2026-07-06T20:45:00Z,2026-07-07
o-005278,c-0984,610.58,pending,BR,2026-06-14T06:41:00Z,2026-06-14
o-005279,c-1759,2011.53,pending,BR,2026-07-25T20:45:00Z,2026-07-25
o-005280,c-0115,640.45,completed,BR,2026-07-29T11:45:00Z,2026-07-30
o-005281,c-0448,156.93,completed,BR,2026-07-21T07:47:00Z,2026-07-21
o-005282,c-0349,1379.12,pending,BR,2026-07-19T00:19:00Z,2026-07-19
o-005283,c-1616,640.16,pending,BR,2026-06-11T10:21:00Z,2026-06-12
o-005284,c-0595,2271.06,completed,BR,2026-08-20T21:14:00Z,2026-08-21
o-005285,c-1828,2289.18,completed,BR,2026-05-27T09:06:00Z,2026-05-27
o-005286,c-0852,1194.31,completed,BR,2026-05-31T11:50:00Z,2026-06-01
o-005287,c-1306,1961.93,completed,BR,2026-08-13T14:14:00Z,2026-08-14
o-005288,c-1724,1967.99,pending,BR,2026-07-10T19:00:00Z,2026-07-11
o-005289,c-1975,2413.54,completed,BR,2026-06-25T23:42:00Z,2026-06-26
o-005290,c-1023,1866.55,completed,BR,2026-06-14T19:54:00Z,2026-06-14
o-005291,c-1976,1726.01,completed,BR,2026-08-08T10:22:00Z,2026-08-09
o-005292,c-1881,1725.23,completed,BR,2026-08-15T13:57:00Z,2026-08-15
o-005293,c-0490,1695.09,completed,BR,2026-07-02T18:53:00Z,2026-07-03
o-005294,c-1964,403.35,completed,BR,2026-07-24T13:01:00Z,2026-07-25
o-005295,c-0423,152.60,completed,BR,2026-05-29T07:55:00Z,2026-05-29
o-005296,c-1180,1281.57,completed,BR,2026-06-22T23:32:00Z,2026-06-23
o-005297,c-0187,2168.53,completed,BR,2026-07-31T07:15:00Z,2026-08-01
o-005298,c-0869,1376.56,completed,BR,2026-08-01T02:02:00Z,2026-08-01
o-005299,c-1939,296.84,pending,BR,2026-06-18T14:17:00Z,2026-06-18
o-005300,c-0668,1012.23,completed,BR,2026-08-12T20:28:00Z,2026-08-13
o-005301,c-0340,1281.18,completed,BR,2026-07-02T12:23:00Z,2026-07-03
o-005302,c-1352,1554.38,completed,BR,2026-08-05T21:57:00Z,2026-08-06
o-005303,c-0724,2401.98,completed,BR,2026-07-05T19:36:00Z,2026-07-06
o-005304,c-2000,922.77,pending,BR,2026-07-03T20:15:00Z,2026-07-04
o-005305,c-0275,1410.05,completed,BR,2026-07-18T03:19:00Z,2026-07-19
o-005306,c-1793,2225.78,pending,BR,2026-06-01T17:14:00Z,2026-06-02
o-005307,c-1930,405.33,completed,BR,2026-08-15T11:09:00Z,2026-08-15
o-005308,c-1931,1135.56,completed,BR,2026-07-29T20:32:00Z,2026-07-29
o-005309,c-1587,1899.47,completed,BR,2026-07-02T03:55:00Z,2026-07-02
o-005310,c-1250,1574.74,completed,BR,2026-06-30T11:31:00Z,2026-07-01
o-005311,c-1456,743.15,completed,BR,2026-06-18T01:50:00Z,2026-06-18
o-005312,c-0970,1578.53,pending,BR,2026-06-25T14:12:00Z,2026-06-25
o-005313,c-1051,1827.97,completed,BR,2026-06-30T01:12:00Z,2026-07-01
o-005314,c-1400,2146.32,completed,BR,2026-06-03T05:47:00Z,2026-06-04
o-005315,c-1799,2478.27,completed,BR,2026-08-20T05:37:00Z,2026-08-20
o-005316,c-1583,1094.09,completed,BR,2026-05-25T18:16:00Z,2026-05-25
o-005317,c-0361,1994.06,completed,BR,2026-08-01T01:23:00Z,2026-08-01
o-005318,c-0725,1198.10,completed,BR,2026-08-03T01:45:00Z,2026-08-03
o-005319,c-0579,2313.06,completed,BR,2026-06-24T02:08:00Z,2026-06-24
o-005320,c-1852,388.89,completed,BR,2026-05-24T02:35:00Z,2026-05-24
o-005321,c-1956,2416.51,completed,BR,2026-06-30T23:46:00Z,2026-06-30
o-005322,c-0537,2003.61,completed,BR,2026-07-22T02:12:00Z,2026-07-22
o-005323,c-1231,1919.01,completed,BR,2026-08-19T05:57:00Z,2026-08-20
o-005324,c-0876,1369.43,completed,BR,2026-07-25T07:18:00Z,2026-07-25
o-005325,c-0238,1921.17,completed,BR,2026-06-13T19:05:00Z,2026-06-13
o-005326,c-1030,213.54,completed,BR,2026-06-03T09:37:00Z,2026-06-04
o-005327,c-1148,90.75,completed,BR,2026-08-08T01:35:00Z,2026-08-08
o-005328,c-1185,952.72,completed,BR,2026-07-08T05:12:00Z,2026-07-08
o-005329,c-1689,1432.84,completed,BR,2026-08-06T01:32:00Z,2026-08-06
o-005330,c-0144,1678.40,completed,BR,2026-07-12T17:46:00Z,2026-07-12
o-005331,c-0193,1108.46,completed,BR,2026-07-17T20:25:00Z,2026-07-18
o-005332,c-0111,2479.29,cancelled,BR,2026-08-20T02:58:00Z,2026-08-21
o-005333,c-0175,33.31,completed,BR,2026-08-19T17:57:00Z,2026-08-19
o-005334,c-1267,292.30,completed,BR,2026-07-23T09:02:00Z,2026-07-24
o-005335,c-1666,2167.69,completed,BR,2026-06-18T05:01:00Z,2026-06-18
o-005336,c-0558,2381.95,completed,BR,2026-07-09T13:01:00Z,2026-07-10
o-005337,c-0157,643.97,completed,BR,2026-07-12T11:03:00Z,2026-07-13
o-005338,c-0930,870.15,completed,BR,2026-07-07T22:55:00Z,2026-07-08
o-005339,c-0312,569.10,pending,BR,2026-06-18T03:25:00Z,2026-06-18
o-005340,c-1711,493.64,completed,BR,2026-08-13T16:46:00Z,2026-08-13
o-005341,c-0191,1632.55,pending,BR,2026-05-30T10:49:00Z,2026-05-31
o-005342,c-2000,2117.98,completed,BR,2026-06-16T18:39:00Z,2026-06-17
o-005343,c-1761,1929.86,completed,BR,2026-07-13T14:01:00Z,2026-07-13
o-005344,c-0708,1486.55,completed,BR,2026-08-07T12:25:00Z,2026-08-07
o-005345,c-1764,1790.71,cancelled,BR,2026-06-23T06:44:00Z,2026-06-24
o-005346,c-0122,78.05,completed,BR,2026-08-18T10:33:00Z,2026-08-18
o-005347,c-1601,70.94,completed,BR,2026-05-31T08:41:00Z,2026-05-31
o-005348,c-1146,1055.04,completed,BR,2026-06-19T09:13:00Z,2026-06-19
o-005349,c-1637,1882.83,completed,BR,2026-07-30T15:18:00Z,2026-07-31
o-005350,c-1806,1741.13,completed,BR,2026-08-01T06:39:00Z,2026-08-01
o-005351,c-0499,1172.96,completed,BR,2026-05-23T18:31:00Z,2026-05-23
o-005352,c-0292,1313.87,pending,BR,2026-07-31T22:09:00Z,2026-08-01
o-005353,c-1128,2364.15,pending,BR,2026-07-07T10:55:00Z,2026-07-07
o-005354,c-0434,1552.41,completed,BR,2026-08-04T13:50:00Z,2026-08-04
o-005355,c-1974,540.85,completed,BR,2026-06-13T07:27:00Z,2026-06-14
o-005356,c-1112,1404.18,completed,BR,2026-07-24T06:25:00Z,2026-07-24
o-005357,c-0298,2382.35,completed,BR,2026-05-27T08:44:00Z,2026-05-27
o-005358,c-0843,642.06,completed,BR,2026-07-01T13:26:00Z,2026-07-02
o-005359,c-1060,1079.67,completed,BR,2026-06-26T03:25:00Z,2026-06-26
o-005360,c-1006,1917.98,completed,BR,2026-07-13T07:06:00Z,2026-07-14
o-005361,c-0682,866.29,completed,BR,2026-07-18T15:25:00Z,2026-07-18
o-005362,c-0250,654.07,completed,BR,2026-05-23T16:06:00Z,2026-05-23
o-005363,c-1535,1941.75,completed,BR,2026-06-02T11:28:00Z,2026-06-02
o-005364,c-1115,286.29,completed,BR,2026-06-19T22:24:00Z,2026-06-19
o-005365,c-0149,1038.11,completed,BR,2026-06-05T09:24:00Z,2026-06-05
o-005366,c-1761,499.62,completed,BR,2026-06-03T16:38:00Z,2026-06-03
o-005367,c-0819,1872.55,completed,BR,2026-07-04T10:21:00Z,2026-07-05
o-005368,c-0777,2428.51,cancelled,BR,2026-06-14T23:25:00Z,2026-06-14
o-005369,c-0778,1268.86,completed,BR,2026-06-21T15:28:00Z,2026-06-21
o-005370,c-0547,2018.35,completed,BR,2026-08-17T08:40:00Z,2026-08-18
o-005371,c-0576,2479.74,pending,BR,2026-07-07T21:26:00Z,2026-07-08
o-005372,c-0059,27.12,cancelled,BR,2026-06-03T02:38:00Z,2026-06-04
o-005373,c-1318,2448.65,completed,BR,2026-06-11T07:33:00Z,2026-06-12
o-005374,c-1639,1469.68,cancelled,BR,2026-08-18T04:44:00Z,2026-08-18
o-005375,c-1335,2143.82,cancelled,BR,2026-07-18T23:55:00Z,2026-07-18
o-005376,c-0800,1995.62,completed,BR,2026-07-09T21:50:00Z,2026-07-09
o-005377,c-1930,1454.42,pending,BR,2026-08-11T14:01:00Z,2026-08-11
o-005378,c-0530,78.29,completed,BR,2026-08-04T02:26:00Z,2026-08-05
o-005379,c-0068,1361.27,completed,BR,2026-07-14T22:50:00Z,2026-07-15
o-005380,c-1754,2229.52,pending,BR,2026-05-25T07:17:00Z,2026-05-26
o-005381,c-1151,683.67,pending,BR,2026-07-22T14:02:00Z,2026-07-22
o-005382,c-1416,1052.83,pending,BR,2026-08-04T10:45:00Z,2026-08-05
o-005383,c-1795,1776.01,completed,BR,2026-06-15T19:22:00Z,2026-06-16
o-005384,c-0584,1534.58,completed,BR,2026-08-04T10:18:00Z,2026-08-04
o-005385,c-1711,215.94,pending,BR,2026-08-20T15:53:00Z,2026-08-21
o-005386,c-1731,1090.63,completed,BR,2026-06-13T16:00:00Z,2026-06-13
o-005387,c-0230,1040.19,cancelled,BR,2026-05-31T20:28:00Z,2026-05-31
o-005388,c-0555,768.55,completed,BR,2026-06-28T22:48:00Z,2026-06-29
o-005389,c-1199,464.39,completed,BR,2026-06-07T13:45:00Z,2026-06-07
o-005390,c-1129,573.74,completed,BR,2026-06-27T23:32:00Z,2026-06-28
o-005391,c-1472,232.29,cancelled,BR,2026-05-28T01:05:00Z,2026-05-29
o-005392,c-0027,1165.48,cancelled,BR,2026-06-05T04:43:00Z,2026-06-06
o-005393,c-1304,1642.00,completed,BR,2026-06-01T23:47:00Z,2026-06-01
o-005394,c-0084,2141.81,pending,BR,2026-08-03T09:35:00Z,2026-08-04
o-005395,c-0185,1748.63,pending,BR,2026-06-14T20:45:00Z,2026-06-14
o-005396,c-0642,1785.51,pending,BR,2026-07-31T06:40:00Z,2026-07-31
o-005397,c-0990,426.61,completed,BR,2026-07-22T22:22:00Z,2026-07-23
o-005398,c-1349,1232.40,cancelled,BR,2026-06-07T21:13:00Z,2026-06-07
o-005399,c-1881,350.61,pending,BR,2026-07-10T08:40:00Z,2026-07-11
o-005400,c-1947,1778.88,completed,BR,2026-06-02T10:33:00Z,2026-06-02
o-005401,c-1810,1823.26,cancelled,BR,2026-07-29T14:02:00Z,2026-07-30
o-005402,c-0150,2331.24,cancelled,BR,2026-07-24T23:36:00Z,2026-07-24
o-005403,c-0238,2472.17,completed,BR,2026-06-30T12:16:00Z,2026-07-01
o-005404,c-0782,1782.85,completed,BR,2026-06-05T18:54:00Z,2026-06-05
o-005405,c-0124,1896.83,completed,BR,2026-06-30T05:46:00Z,2026-07-01
o-005406,c-1789,2296.19,completed,BR,2026-08-16T16:58:00Z,2026-08-17
o-005407,c-1987,1777.57,completed,BR,2026-08-16T15:18:00Z,2026-08-17
o-005408,c-0939,16.81,completed,BR,2026-08-02T03:40:00Z,2026-08-02
o-005409,c-0698,609.41,completed,BR,2026-06-04T05:05:00Z,2026-06-04
o-005410,c-1128,2422.44,pending,BR,2026-07-13T15:36:00Z,2026-07-13
o-005411,c-1259,1025.70,completed,BR,2026-05-25T04:34:00Z,2026-05-26
o-005412,c-0739,2276.86,pending,BR,2026-08-01T06:53:00Z,2026-08-02
o-005413,c-0941,162.63,completed,BR,2026-08-16T16:08:00Z,2026-08-16
o-005414,c-1574,1794.61,pending,BR,2026-06-16T21:47:00Z,2026-06-17
o-005415,c-0020,2080.76,pending,BR,2026-05-25T14:02:00Z,2026-05-25
o-005416,c-0999,1302.87,completed,BR,2026-08-11T16:48:00Z,2026-08-12
o-005417,c-1883,1785.42,pending,BR,2026-08-05T07:10:00Z,2026-08-05
o-005418,c-1022,2002.37,pending,BR,2026-05-27T18:56:00Z,2026-05-27
o-005419,c-0560,1263.99,completed,BR,2026-08-17T22:44:00Z,2026-08-18
o-005420,c-1008,1807.73,completed,BR,2026-07-14T21:11:00Z,2026-07-15
o-005421,c-0712,152.87,completed,BR,2026-06-28T21:55:00Z,2026-06-29
o-005422,c-1664,854.08,completed,BR,2026-06-09T13:30:00Z,2026-06-10
o-005423,c-0739,1694.07,completed,BR,2026-08-07T16:10:00Z,2026-08-07
o-005424,c-0915,2494.85,completed,BR,2026-07-23T18:22:00Z,2026-07-23
o-005425,c-1760,2299.00,completed,BR,2026-07-01T10:48:00Z,2026-07-01
o-005426,c-1546,377.17,completed,BR,2026-06-14T12:39:00Z,2026-06-14
o-005427,c-0120,545.68,pending,BR,2026-07-11T21:57:00Z,2026-07-12
o-005428,c-0708,433.72,cancelled,BR,2026-07-18T07:15:00Z,2026-07-18
o-005429,c-1253,2276.75,pending,BR,2026-07-21T08:49:00Z,2026-07-21
o-005430,c-1501,955.84,completed,BR,2026-07-17T16:21:00Z,2026-07-17
o-005431,c-1326,375.47,completed,BR,2026-07-23T11:07:00Z,2026-07-23
o-005432,c-0702,1771.69,completed,BR,2026-08-12T18:37:00Z,2026-08-12
o-005433,c-0127,1801.70,completed,BR,2026-06-18T12:46:00Z,2026-06-19
o-005434,c-1230,2327.11,completed,BR,2026-07-25T13:14:00Z,2026-07-25
o-005435,c-0529,328.15,completed,BR,2026-07-07T22:25:00Z,2026-07-07
o-005436,c-1584,2366.44,completed,BR,2026-07-21T04:57:00Z,2026-07-21
o-005437,c-1019,1687.05,completed,BR,2026-08-05T06:06:00Z,2026-08-05
o-005438,c-0478,2025.73,completed,BR,2026-08-20T22:56:00Z,2026-08-20
o-005439,c-0015,1360.33,completed,BR,2026-06-10T20:13:00Z,2026-06-11
o-005440,c-1917,2240.81,completed,BR,2026-07-19T00:17:00Z,2026-07-19
o-005441,c-0392,586.89,pending,BR,2026-08-18T03:40:00Z,2026-08-18
o-005442,c-1093,705.92,completed,BR,2026-06-02T04:23:00Z,2026-06-03
o-005443,c-1825,1370.83,cancelled,BR,2026-06-26T14:14:00Z,2026-06-27
o-005444,c-0207,1483.14,pending,BR,2026-08-13T20:23:00Z,2026-08-13
o-005445,c-0978,2373.95,completed,BR,2026-07-11T17:01:00Z,2026-07-12
o-005446,c-0606,926.98,completed,BR,2026-07-01T09:46:00Z,2026-07-01
o-005447,c-0197,922.28,completed,BR,2026-07-31T07:29:00Z,2026-07-31
o-005448,c-0892,726.97,completed,BR,2026-06-10T20:52:00Z,2026-06-11
o-005449,c-0406,1620.99,cancelled,BR,2026-08-08T13:33:00Z,2026-08-09
o-005450,c-1264,514.42,pending,BR,2026-06-08T16:35:00Z,2026-06-08
o-005451,c-1302,2007.96,completed,BR,2026-08-08T14:39:00Z,2026-08-09
o-005452,c-1872,2291.14,completed,BR,2026-06-19T21:13:00Z,2026-06-19
o-005453,c-1421,933.87,completed,BR,2026-06-04T19:32:00Z,2026-06-05
o-005454,c-1552,1456.23,completed,BR,2026-07-06T11:49:00Z,2026-07-06
o-005455,c-1395,1713.95,completed,BR,2026-07-04T00:25:00Z,2026-07-05
o-005456,c-0890,2192.99,pending,BR,2026-07-29T12:40:00Z,2026-07-29
o-005457,c-0826,1617.35,completed,BR,2026-06-30T15:26:00Z,2026-07-01
o-005458,c-0192,2177.73,pending,BR,2026-08-04T21:34:00Z,2026-08-05
o-005459,c-0506,360.10,completed,BR,2026-08-09T02:56:00Z,2026-08-09
o-005460,c-0474,1321.70,completed,BR,2026-06-10T15:24:00Z,2026-06-10
o-005461,c-0313,262.39,completed,BR,2026-07-13T07:58:00Z,2026-07-14
o-005462,c-0605,518.72,completed,BR,2026-07-15T07:38:00Z,2026-07-16
o-005463,c-1260,845.36,completed,BR,2026-05-23T06:35:00Z,2026-05-24
o-005464,c-0657,1970.75,completed,BR,2026-07-08T13:49:00Z,2026-07-09
o-005465,c-0407,190.84,completed,BR,2026-07-24T06:02:00Z,2026-07-24
o-005466,c-0307,1847.14,completed,BR,2026-08-15T04:47:00Z,2026-08-16
o-005467,c-1926,514.04,completed,BR,2026-06-20T21:47:00Z,2026-06-20
o-005468,c-0719,1840.90,completed,BR,2026-07-21T06:46:00Z,2026-07-21
o-005469,c-0349,2367.95,completed,BR,2026-07-26T14:17:00Z,2026-07-26
o-005470,c-1226,2449.32,completed,BR,2026-07-12T00:51:00Z,2026-07-12
o-005471,c-1189,313.99,completed,BR,2026-06-30T17:33:00Z,2026-07-01
o-005472,c-0812,1801.39,pending,BR,2026-07-18T06:54:00Z,2026-07-18
o-005473,c-0847,777.31,cancelled,BR,2026-07-19T17:56:00Z,2026-07-19
o-005474,c-1361,1175.23,completed,BR,2026-07-08T20:17:00Z,2026-07-08
o-005475,c-0992,2479.34,pending,BR,2026-08-09T21:01:00Z,2026-08-09
o-005476,c-1016,246.34,completed,BR,2026-08-15T21:23:00Z,2026-08-15
o-005477,c-0030,717.48,pending,BR,2026-06-23T22:17:00Z,2026-06-24
o-005478,c-0892,2403.61,pending,BR,2026-06-24T15:50:00Z,2026-06-24
o-005479,c-1411,2401.20,completed,BR,2026-07-18T17:56:00Z,2026-07-18
o-005480,c-1525,1928.63,pending,BR,2026-07-03T04:32:00Z,2026-07-03
o-005481,c-1351,832.73,completed,BR,2026-06-03T17:12:00Z,2026-06-04
o-005482,c-1111,1998.12,completed,BR,2026-07-19T14:05:00Z,2026-07-19
o-005483,c-0912,687.23,pending,BR,2026-07-07T01:38:00Z,2026-07-08
o-005484,c-1041,800.68,completed,BR,2026-05-28T12:10:00Z,2026-05-29
o-005485,c-0119,378.74,completed,BR,2026-08-04T20:37:00Z,2026-08-05
o-005486,c-0575,986.24,completed,BR,2026-08-12T05:16:00Z,2026-08-12
o-005487,c-0611,1937.45,completed,BR,2026-06-24T16:25:00Z,2026-06-25
o-005488,c-0363,2491.88,completed,BR,2026-06-05T21:22:00Z,2026-06-06
o-005489,c-0066,2057.25,completed,BR,2026-05-31T00:33:00Z,2026-05-31
o-005490,c-0430,828.64,completed,BR,2026-08-10T09:24:00Z,2026-08-11
o-005491,c-0002,2262.25,completed,BR,2026-05-30T06:30:00Z,2026-05-31
o-005492,c-0532,1106.03,completed,BR,2026-08-05T03:42:00Z,2026-08-05
o-005493,c-0873,207.25,completed,BR,2026-07-05T01:48:00Z,2026-07-05
o-005494,c-1489,1438.51,completed,BR,2026-08-20T10:22:00Z,2026-08-21
o-005495,c-1455,1259.26,cancelled,BR,2026-05-31T20:36:00Z,2026-05-31
o-005496,c-0087,1970.63,completed,BR,2026-07-02T16:38:00Z,2026-07-02
o-005497,c-0441,545.60,completed,BR,2026-07-31T13:45:00Z,2026-08-01
o-005498,c-0003,255.54,completed,BR,2026-07-02T10:47:00Z,2026-07-02
o-005499,c-1570,2157.20,completed,BR,2026-07-05T15:12:00Z,2026-07-05
o-005500,c-0217,2478.84,pending,BR,2026-05-31T05:54:00Z,2026-06-01
o-005501,c-1661,887.78,completed,BR,2026-07-31T02:58:00Z,2026-08-01
o-005502,c-1145,141.72,pending,BR,2026-08-14T02:38:00Z,2026-08-15
o-005503,c-1245,1422.67,completed,BR,2026-06-16T12:40:00Z,2026-06-17
o-005504,c-0075,2193.33,completed,BR,2026-08-04T03:42:00Z,2026-08-04
o-005505,c-1707,2322.11,completed,BR,2026-07-18T02:32:00Z,2026-07-19
o-005506,c-1629,1652.36,completed,BR,2026-05-23T17:00:00Z,2026-05-24
o-005507,c-1250,2370.06,completed,BR,2026-06-18T22:10:00Z,2026-06-19
o-005508,c-0036,1228.54,cancelled,BR,2026-06-04T19:27:00Z,2026-06-04
o-005509,c-0315,2407.28,completed,BR,2026-06-09T02:48:00Z,2026-06-09
o-005510,c-0573,1443.34,completed,BR,2026-06-09T01:36:00Z,2026-06-10
o-005511,c-0085,1665.98,cancelled,BR,2026-06-19T15:55:00Z,2026-06-19
o-005512,c-1917,2322.65,completed,BR,2026-07-28T17:22:00Z,2026-07-29
o-005513,c-0317,1792.29,completed,BR,2026-05-23T12:25:00Z,2026-05-23
o-005514,c-0140,1727.81,pending,BR,2026-06-15T13:50:00Z,2026-06-15
o-005515,c-1477,86.90,completed,BR,2026-05-30T12:37:00Z,2026-05-31
o-005516,c-1932,188.21,completed,BR,2026-08-17T02:10:00Z,2026-08-17
o-005517,c-0242,1388.15,completed,BR,2026-08-13T02:34:00Z,2026-08-13
o-005518,c-1842,307.99,pending,BR,2026-08-16T22:41:00Z,2026-08-16
o-005519,c-1792,1700.47,pending,BR,2026-06-20T06:03:00Z,2026-06-20
o-005520,c-0665,896.16,pending,BR,2026-07-27T15:37:00Z,2026-07-27
o-005521,c-0122,1075.83,completed,BR,2026-06-06T09:52:00Z,2026-06-07
o-005522,c-1229,1079.03,completed,BR,2026-07-26T22:38:00Z,2026-07-26
o-005523,c-1733,55.31,completed,BR,2026-07-11T20:06:00Z,2026-07-12
o-005524,c-1762,1371.19,cancelled,BR,2026-07-07T00:22:00Z,2026-07-07
o-005525,c-0183,167.43,pending,BR,2026-06-19T13:00:00Z,2026-06-19
o-005526,c-0830,1966.13,pending,BR,2026-08-19T17:49:00Z,2026-08-19
o-005527,c-0519,641.50,pending,BR,2026-07-14T01:56:00Z,2026-07-14
o-005528,c-1417,1529.91,cancelled,BR,2026-06-24T01:51:00Z,2026-06-24
o-005529,c-0560,1065.01,completed,BR,2026-06-27T18:56:00Z,2026-06-28
o-005530,c-0062,2051.47,completed,BR,2026-08-18T23:21:00Z,2026-08-18
o-005531,c-0848,2070.10,completed,BR,2026-07-20T08:21:00Z,2026-07-21
o-005532,c-0886,1487.33,completed,BR,2026-08-10T20:34:00Z,2026-08-11
o-005533,c-1171,1636.38,completed,BR,2026-06-10T19:17:00Z,2026-06-10
o-005534,c-0625,361.97,completed,BR,2026-05-25T09:39:00Z,2026-05-26
o-005535,c-0931,2325.13,cancelled,BR,2026-07-18T13:11:00Z,2026-07-19
o-005536,c-1737,480.38,pending,BR,2026-07-30T09:29:00Z,2026-07-31
o-005537,c-1542,979.38,completed,BR,2026-08-07T11:12:00Z,2026-08-07
o-005538,c-0197,979.91,pending,BR,2026-06-28T15:08:00Z,2026-06-29
o-005539,c-0253,1176.19,completed,BR,2026-07-10T16:20:00Z,2026-07-10
o-005540,c-0276,2415.39,cancelled,BR,2026-07-11T04:38:00Z,2026-07-12
o-005541,c-1961,973.27,completed,BR,2026-07-11T12:08:00Z,2026-07-12
o-005542,c-0892,24.66,completed,BR,2026-08-07T16:08:00Z,2026-08-08
o-005543,c-1655,2353.37,pending,BR,2026-08-07T20:50:00Z,2026-08-08
o-005544,c-0990,1627.91,completed,BR,2026-07-09T12:10:00Z,2026-07-10
o-005545,c-1528,1230.22,completed,BR,2026-05-28T05:04:00Z,2026-05-29
o-005546,c-1684,2337.22,cancelled,BR,2026-06-18T02:45:00Z,2026-06-18
o-005547,c-0661,374.16,completed,BR,2026-06-17T10:09:00Z,2026-06-18
o-005548,c-1696,1858.22,pending,BR,2026-05-23T16:20:00Z,2026-05-24
o-005549,c-1230,979.24,completed,BR,2026-06-15T03:23:00Z,2026-06-15
o-005550,c-0696,1932.92,completed,BR,2026-07-08T23:57:00Z,2026-07-08
o-005551,c-0677,502.05,completed,BR,2026-06-07T16:17:00Z,2026-06-08
o-005552,c-1882,1037.20,completed,BR,2026-08-10T07:18:00Z,2026-08-10
o-005553,c-0497,377.81,pending,BR,2026-06-07T00:38:00Z,2026-06-07
o-005554,c-1809,371.48,pending,BR,2026-06-26T08:56:00Z,2026-06-26
o-005555,c-1486,276.96,pending,BR,2026-08-20T20:51:00Z,2026-08-20
o-005556,c-0576,2155.99,pending,BR,2026-07-30T15:32:00Z,2026-07-30
o-005557,c-0544,1738.19,pending,BR,2026-06-17T21:53:00Z,2026-06-18
o-005558,c-1794,2087.01,completed,BR,2026-07-31T04:44:00Z,2026-08-01
o-005559,c-0093,1892.03,completed,BR,2026-06-06T13:59:00Z,2026-06-06
o-005560,c-0468,236.36,completed,BR,2026-08-03T21:57:00Z,2026-08-03
o-005561,c-1029,277.08,completed,BR,2026-05-28T21:36:00Z,2026-05-29
o-005562,c-0309,2154.48,completed,BR,2026-07-14T11:29:00Z,2026-07-15
o-005563,c-1661,546.53,completed,BR,2026-07-26T15:28:00Z,2026-07-27
o-005564,c-1590,2360.68,completed,BR,2026-06-08T13:13:00Z,2026-06-09
o-005565,c-1029,1309.08,completed,BR,2026-06-17T23:48:00Z,2026-06-18
o-005566,c-1688,1568.03,completed,BR,2026-06-29T23:11:00Z,2026-06-29
o-005567,c-1310,808.21,completed,BR,2026-05-31T14:33:00Z,2026-05-31
o-005568,c-1134,67.98,completed,BR,2026-06-23T08:21:00Z,2026-06-24
o-005569,c-0472,1387.28,completed,BR,2026-07-27T15:10:00Z,2026-07-27
o-005570,c-0537,1106.24,completed,BR,2026-07-10T12:45:00Z,2026-07-10
o-005571,c-1091,325.62,completed,BR,2026-07-25T09:20:00Z,2026-07-26
o-005572,c-0162,1808.78,completed,BR,2026-08-11T15:20:00Z,2026-08-11
o-005573,c-0148,1711.62,pending,BR,2026-07-11T17:23:00Z,2026-07-11
o-005574,c-0211,931.69,pending,BR,2026-06-09T12:08:00Z,2026-06-09
o-005575,c-1345,1638.83,completed,BR,2026-06-29T22:57:00Z,2026-06-29
o-005576,c-0527,1976.93,completed,BR,2026-05-23T20:52:00Z,2026-05-23
o-005577,c-0032,2014.15,completed,BR,2026-06-28T11:09:00Z,2026-06-29
o-005578,c-1908,768.20,completed,BR,2026-07-01T08:59:00Z,2026-07-01
o-005579,c-0438,177.47,pending,BR,2026-07-23T03:51:00Z,2026-07-23
o-005580,c-1400,2128.98,completed,BR,2026-06-23T08:50:00Z,2026-06-24
o-005581,c-0338,1557.44,pending,BR,2026-07-21T00:05:00Z,2026-07-21
o-005582,c-1537,119.04,completed,BR,2026-08-12T09:14:00Z,2026-08-13
o-005583,c-0618,1501.39,completed,BR,2026-07-31T22:22:00Z,2026-08-01
o-005584,c-1284,176.70,completed,BR,2026-07-26T02:53:00Z,2026-07-27
o-005585,c-1049,1011.66,cancelled,BR,2026-06-08T03:23:00Z,2026-06-08
o-005586,c-1023,1519.48,completed,BR,2026-07-17T07:32:00Z,2026-07-17
o-005587,c-1006,2258.04,completed,BR,2026-05-28T06:13:00Z,2026-05-28
o-005588,c-0329,422.61,completed,BR,2026-08-08T10:16:00Z,2026-08-08
o-005589,c-1904,2200.17,completed,BR,2026-07-19T06:43:00Z,2026-07-19
o-005590,c-0640,1830.93,pending,BR,2026-07-29T06:51:00Z,2026-07-30
o-005591,c-1138,1160.99,completed,BR,2026-07-25T08:00:00Z,2026-07-26
o-005592,c-0037,556.84,completed,BR,2026-07-07T12:00:00Z,2026-07-07
o-005593,c-1377,2417.61,completed,BR,2026-06-09T05:54:00Z,2026-06-09
o-005594,c-0247,2164.31,completed,BR,2026-08-18T20:34:00Z,2026-08-18
o-005595,c-0248,1454.67,cancelled,BR,2026-07-26T13:55:00Z,2026-07-26
o-005596,c-0985,1391.21,completed,BR,2026-07-18T04:27:00Z,2026-07-19
o-005597,c-1451,1977.16,completed,BR,2026-06-17T00:58:00Z,2026-06-18
o-005598,c-1479,1949.22,completed,BR,2026-07-17T18:10:00Z,2026-07-17
o-005599,c-1844,1008.73,completed,BR,2026-07-12T01:56:00Z,2026-07-13
o-005600,c-1113,884.02,completed,BR,2026-06-15T06:16:00Z,2026-06-16
o-005601,c-0422,2496.21,completed,BR,2026-06-27T18:56:00Z,2026-06-27
o-005602,c-0231,2416.63,completed,BR,2026-07-17T11:06:00Z,2026-07-17
o-005603,c-1981,657.16,completed,BR,2026-07-11T23:15:00Z,2026-07-12
o-005604,c-1142,1707.11,completed,BR,2026-05-25T09:35:00Z,2026-05-25
o-005605,c-1617,943.78,completed,BR,2026-07-29T03:05:00Z,2026-07-30
o-005606,c-1489,848.44,completed,BR,2026-07-08T23:52:00Z,2026-07-09
o-005607,c-1173,2330.47,completed,BR,2026-08-10T07:31:00Z,2026-08-10
o-005608,c-1888,265.48,pending,BR,2026-07-14T06:58:00Z,2026-07-15
o-005609,c-0690,1442.62,completed,BR,2026-07-13T14:27:00Z,2026-07-14
o-005610,c-0976,1222.85,completed,BR,2026-07-08T17:27:00Z,2026-07-08
o-005611,c-0428,2084.46,completed,BR,2026-07-24T08:38:00Z,2026-07-24
o-005612,c-1198,868.38,pending,BR,2026-08-02T00:35:00Z,2026-08-03
o-005613,c-0367,1083.72,completed,BR,2026-06-08T06:12:00Z,2026-06-08
o-005614,c-1392,2029.47,pending,BR,2026-06-06T11:55:00Z,2026-06-06
o-005615,c-0068,239.47,completed,BR,2026-08-09T03:21:00Z,2026-08-10
o-005616,c-1077,2417.71,completed,BR,2026-06-15T23:12:00Z,2026-06-16
o-005617,c-1991,631.53,completed,BR,2026-06-01T08:37:00Z,2026-06-01
o-005618,c-0179,11.33,pending,BR,2026-07-12T03:51:00Z,2026-07-13
o-005619,c-1592,2049.09,pending,BR,2026-07-20T22:38:00Z,2026-07-20
o-005620,c-0639,2098.92,cancelled,BR,2026-08-15T19:36:00Z,2026-08-15
o-005621,c-0702,2453.20,completed,BR,2026-07-29T21:59:00Z,2026-07-29
o-005622,c-0782,1138.20,cancelled,BR,2026-07-10T14:42:00Z,2026-07-10
o-005623,c-0793,1132.97,cancelled,BR,2026-08-05T21:25:00Z,2026-08-05
o-005624,c-0093,2003.40,pending,BR,2026-07-20T05:27:00Z,2026-07-21
o-005625,c-0459,1688.19,completed,BR,2026-07-27T12:36:00Z,2026-07-28
o-005626,c-0325,2240.03,cancelled,BR,2026-08-10T15:06:00Z,2026-08-11
o-005627,c-0742,2287.94,completed,BR,2026-06-17T05:49:00Z,2026-06-18
o-005628,c-0957,22.75,completed,BR,2026-07-04T09:43:00Z,2026-07-04
o-005629,c-1708,2412.83,completed,BR,2026-06-18T20:51:00Z,2026-06-18
o-005630,c-1496,2092.55,completed,BR,2026-08-06T13:32:00Z,2026-08-07
o-005631,c-0833,1273.42,completed,BR,2026-08-13T21:35:00Z,2026-08-14
o-005632,c-1545,161.78,cancelled,BR,2026-07-29T10:43:00Z,2026-07-30
o-005633,c-0411,2354.70,completed,BR,2026-07-23T18:18:00Z,2026-07-23
o-005634,c-1944,1743.67,completed,BR,2026-07-14T08:17:00Z,2026-07-15
o-005635,c-0105,424.70,completed,BR,2026-07-24T12:53:00Z,2026-07-25
o-005636,c-1348,1063.62,pending,BR,2026-07-06T19:25:00Z,2026-07-07
o-005637,c-1507,840.27,completed,BR,2026-07-11T12:39:00Z,2026-07-12
o-005638,c-1678,1460.50,completed,BR,2026-07-18T23:05:00Z,2026-07-19
o-005639,c-0725,2105.69,pending,BR,2026-06-22T08:54:00Z,2026-06-23
o-005640,c-1858,635.59,completed,BR,2026-05-27T22:40:00Z,2026-05-27
o-005641,c-0519,63.68,completed,BR,2026-07-18T15:10:00Z,2026-07-18
o-005642,c-1146,1813.81,completed,BR,2026-07-29T19:25:00Z,2026-07-30
o-005643,c-1800,571.34,completed,BR,2026-07-04T00:15:00Z,2026-07-05
o-005644,c-1649,2037.78,completed,BR,2026-05-27T15:33:00Z,2026-05-27
o-005645,c-0768,577.78,completed,BR,2026-07-30T11:59:00Z,2026-07-31
o-005646,c-1189,475.28,pending,BR,2026-06-07T07:26:00Z,2026-06-08
o-005647,c-0621,2440.16,completed,BR,2026-08-20T08:51:00Z,2026-08-20
o-005648,c-0973,557.42,completed,BR,2026-06-27T02:22:00Z,2026-06-27
o-005649,c-1479,2200.38,completed,BR,2026-06-24T00:20:00Z,2026-06-24
o-005650,c-0094,2006.40,pending,BR,2026-07-14T11:33:00Z,2026-07-14
o-005651,c-1781,1334.74,completed,BR,2026-07-17T06:12:00Z,2026-07-18
o-005652,c-1894,989.45,completed,BR,2026-07-16T08:44:00Z,2026-07-17
o-005653,c-1769,1082.55,completed,BR,2026-06-19T04:57:00Z,2026-06-20
o-005654,c-0403,2056.48,completed,BR,2026-07-22T08:07:00Z,2026-07-23
o-005655,c-1218,370.86,completed,BR,2026-08-04T09:52:00Z,2026-08-04
o-005656,c-0110,2193.43,completed,BR,2026-08-11T15:27:00Z,2026-08-11
o-005657,c-0990,2011.46,completed,BR,2026-08-07T10:07:00Z,2026-08-08
o-005658,c-0613,2442.00,completed,BR,2026-07-21T15:36:00Z,2026-07-22
o-005659,c-0415,1298.33,cancelled,BR,2026-05-25T13:05:00Z,2026-05-26
o-005660,c-0516,541.33,completed,BR,2026-08-14T11:17:00Z,2026-08-15
o-005661,c-1082,1477.16,pending,BR,2026-05-25T11:42:00Z,2026-05-25
o-005662,c-0840,84.10,pending,BR,2026-05-26T23:25:00Z,2026-05-27
o-005663,c-0685,1084.62,completed,BR,2026-07-23T02:40:00Z,2026-07-23
o-005664,c-1929,404.00,completed,BR,2026-07-13T03:55:00Z,2026-07-13
o-005665,c-1168,278.92,completed,BR,2026-07-21T08:23:00Z,2026-07-22
o-005666,c-1966,1682.07,completed,BR,2026-06-18T07:31:00Z,2026-06-19
o-005667,c-1916,1253.87,completed,BR,2026-08-19T16:49:00Z,2026-08-19
o-005668,c-1003,1449.06,pending,BR,2026-08-11T12:54:00Z,2026-08-12
o-005669,c-0244,2216.69,pending,BR,2026-06-26T01:31:00Z,2026-06-26
o-005670,c-1978,1140.40,completed,BR,2026-07-30T21:41:00Z,2026-07-31
o-005671,c-0904,1329.62,completed,BR,2026-06-17T00:14:00Z,2026-06-18
o-005672,c-1060,2104.36,completed,BR,2026-06-19T13:59:00Z,2026-06-20
o-005673,c-1352,715.45,completed,BR,2026-06-29T08:39:00Z,2026-06-29
o-005674,c-0982,465.83,completed,BR,2026-05-24T06:07:00Z,2026-05-25
o-005675,c-1135,2173.49,completed,BR,2026-08-15T12:51:00Z,2026-08-16
o-005676,c-0504,1849.70,completed,BR,2026-07-25T23:33:00Z,2026-07-26
o-005677,c-1529,1562.32,pending,BR,2026-06-25T08:56:00Z,2026-06-25
o-005678,c-1129,1407.11,completed,BR,2026-07-02T23:37:00Z,2026-07-02
o-005679,c-0050,503.76,completed,BR,2026-08-11T01:29:00Z,2026-08-12
o-005680,c-0893,17.67,completed,BR,2026-07-05T04:27:00Z,2026-07-05
o-005681,c-0255,1859.33,completed,BR,2026-08-14T01:57:00Z,2026-08-14
o-005682,c-1244,2369.21,completed,BR,2026-07-13T12:12:00Z,2026-07-13
o-005683,c-0044,2398.69,pending,BR,2026-06-13T07:22:00Z,2026-06-14
o-005684,c-0723,665.52,completed,BR,2026-06-23T00:28:00Z,2026-06-23
o-005685,c-1646,886.28,pending,BR,2026-05-30T05:43:00Z,2026-05-31
o-005686,c-0427,2311.36,completed,BR,2026-06-10T20:38:00Z,2026-06-11
o-005687,c-0441,238.08,cancelled,BR,2026-07-03T00:01:00Z,2026-07-04
o-005688,c-0263,505.19,completed,BR,2026-07-30T04:44:00Z,2026-07-30
o-005689,c-1553,2491.79,pending,BR,2026-07-28T04:51:00Z,2026-07-28
o-005690,c-0617,1323.22,completed,BR,2026-08-19T01:36:00Z,2026-08-19
o-005691,c-1864,2419.42,cancelled,BR,2026-07-06T09:33:00Z,2026-07-07
o-005692,c-1452,1123.48,cancelled,BR,2026-07-07T14:48:00Z,2026-07-08
o-005693,c-1229,1120.44,completed,BR,2026-07-29T23:09:00Z,2026-07-30
o-005694,c-1702,1793.14,completed,BR,2026-07-03T07:33:00Z,2026-07-03
o-005695,c-0768,2145.76,completed,BR,2026-07-24T04:55:00Z,2026-07-24
o-005696,c-1567,1290.47,completed,BR,2026-06-27T04:37:00Z,2026-06-28
o-005697,c-1778,2391.94,completed,BR,2026-06-15T11:23:00Z,2026-06-16
o-005698,c-1405,1049.91,completed,BR,2026-07-29T21:46:00Z,2026-07-29
o-005699,c-0690,2263.63,completed,BR,2026-06-23T01:59:00Z,2026-06-23
o-005700,c-1178,1060.94,pending,BR,2026-08-10T10:54:00Z,2026-08-11
o-005701,c-0537,1855.64,completed,BR,2026-06-05T21:51:00Z,2026-06-06
o-005702,c-0031,2062.27,pending,BR,2026-07-27T17:18:00Z,2026-07-27
o-005703,c-1813,1783.93,completed,BR,2026-05-26T16:36:00Z,2026-05-26
o-005704,c-1341,641.99,completed,BR,2026-06-29T01:15:00Z,2026-06-30
o-005705,c-0055,1111.83,pending,BR,2026-08-07T11:22:00Z,2026-08-08
o-005706,c-1232,1745.93,pending,BR,2026-06-18T11:55:00Z,2026-06-19
o-005707,c-1042,1279.40,pending,BR,2026-07-26T22:08:00Z,2026-07-26
o-005708,c-0915,1099.41,completed,BR,2026-07-19T14:40:00Z,2026-07-20
o-005709,c-1913,1235.43,completed,BR,2026-06-15T11:18:00Z,2026-06-15
o-005710,c-0259,545.98,completed,BR,2026-06-28T23:37:00Z,2026-06-28
o-005711,c-0989,1492.36,completed,BR,2026-05-25T15:03:00Z,2026-05-26
o-005712,c-1791,830.68,completed,BR,2026-06-28T17:53:00Z,2026-06-29
o-005713,c-1166,1721.53,completed,BR,2026-06-25T23:54:00Z,2026-06-25
o-005714,c-0894,1068.80,completed,BR,2026-08-03T10:50:00Z,2026-08-04
o-005715,c-1350,2114.41,completed,BR,2026-07-04T11:37:00Z,2026-07-04
o-005716,c-0704,2254.59,cancelled,BR,2026-07-19T13:28:00Z,2026-07-20
o-005717,c-1279,1836.92,completed,BR,2026-06-30T03:50:00Z,2026-06-30
o-005718,c-1867,1940.64,completed,BR,2026-06-10T21:30:00Z,2026-06-11
o-005719,c-0739,497.37,completed,BR,2026-06-28T11:07:00Z,2026-06-28
o-005720,c-0566,262.53,cancelled,BR,2026-08-12T01:03:00Z,2026-08-13
o-005721,c-0580,2401.15,completed,BR,2026-06-22T09:22:00Z,2026-06-23
o-005722,c-1275,2408.75,pending,BR,2026-07-08T13:51:00Z,2026-07-08
o-005723,c-1963,311.95,cancelled,BR,2026-08-15T06:13:00Z,2026-08-16
o-005724,c-1627,2425.37,completed,BR,2026-08-20T13:26:00Z,2026-08-20
o-005725,c-1148,2051.83,completed,BR,2026-05-23T09:51:00Z,2026-05-23
o-005726,c-0062,1259.34,pending,BR,2026-05-29T09:12:00Z,2026-05-29
o-005727,c-0971,226.54,cancelled,BR,2026-08-18T15:35:00Z,2026-08-19
o-005728,c-1569,400.90,completed,BR,2026-08-05T14:37:00Z,2026-08-05
o-005729,c-0457,980.47,completed,BR,2026-05-28T19:43:00Z,2026-05-28
o-005730,c-1783,176.07,completed,BR,2026-05-27T16:36:00Z,2026-05-28
o-005731,c-1324,1699.65,cancelled,BR,2026-05-27T11:23:00Z,2026-05-27
o-005732,c-1224,200.31,completed,BR,2026-06-18T05:02:00Z,2026-06-18
o-005733,c-0832,716.16,completed,BR,2026-06-16T21:43:00Z,2026-06-16
o-005734,c-1450,546.75,completed,BR,2026-06-23T15:37:00Z,2026-06-23
o-005735,c-0379,2274.57,completed,BR,2026-06-22T17:35:00Z,2026-06-23
o-005736,c-1063,428.05,completed,BR,2026-05-31T17:34:00Z,2026-05-31
o-005737,c-1082,746.40,cancelled,BR,2026-07-19T16:06:00Z,2026-07-20
o-005738,c-1583,1134.75,completed,BR,2026-06-26T04:47:00Z,2026-06-26
o-005739,c-1114,585.30,completed,BR,2026-06-03T05:18:00Z,2026-06-03
o-005740,c-1522,1915.98,completed,BR,2026-07-23T08:09:00Z,2026-07-24
o-005741,c-0629,690.66,completed,BR,2026-07-21T20:35:00Z,2026-07-21
o-005742,c-1570,1712.14,completed,BR,2026-07-25T19:52:00Z,2026-07-26
o-005743,c-0833,602.85,completed,BR,2026-08-14T10:33:00Z,2026-08-14
o-005744,c-1399,1734.18,completed,BR,2026-06-30T08:39:00Z,2026-06-30
o-005745,c-0638,973.49,completed,BR,2026-06-03T09:59:00Z,2026-06-04
o-005746,c-0787,2039.54,completed,BR,2026-08-03T19:45:00Z,2026-08-04
o-005747,c-0511,234.17,completed,BR,2026-07-17T12:19:00Z,2026-07-17
o-005748,c-0402,1539.55,completed,BR,2026-06-11T20:24:00Z,2026-06-11
o-005749,c-1735,1391.02,completed,BR,2026-07-10T08:49:00Z,2026-07-11
o-005750,c-0800,1048.66,cancelled,BR,2026-07-28T02:57:00Z,2026-07-28
o-005751,c-1355,2465.95,completed,BR,2026-06-09T18:50:00Z,2026-06-09
o-005752,c-0498,1664.15,completed,BR,2026-08-13T04:17:00Z,2026-08-14
o-005753,c-1148,1229.16,completed,BR,2026-05-29T07:29:00Z,2026-05-29
o-005754,c-0472,1217.50,completed,BR,2026-06-26T01:24:00Z,2026-06-26
o-005755,c-0418,1289.13,completed,BR,2026-06-30T22:56:00Z,2026-07-01
o-005756,c-1016,1256.10,completed,BR,2026-06-25T10:20:00Z,2026-06-26
o-005757,c-1406,2001.21,pending,BR,2026-08-17T14:42:00Z,2026-08-18
o-005758,c-1335,2049.52,cancelled,BR,2026-07-09T14:32:00Z,2026-07-10
o-005759,c-1151,1694.12,completed,BR,2026-07-07T10:04:00Z,2026-07-07
o-005760,c-1878,992.02,pending,BR,2026-08-14T13:16:00Z,2026-08-15
o-005761,c-1927,1506.13,completed,BR,2026-07-15T07:10:00Z,2026-07-16
o-005762,c-0075,922.27,completed,BR,2026-07-17T11:12:00Z,2026-07-18
o-005763,c-1638,636.72,completed,BR,2026-06-29T04:05:00Z,2026-06-30
o-005764,c-0908,628.90,completed,BR,2026-07-09T04:03:00Z,2026-07-09
o-005765,c-0668,211.64,completed,BR,2026-08-04T16:22:00Z,2026-08-04
o-005766,c-1648,854.13,completed,BR,2026-06-04T07:14:00Z,2026-06-05
o-005767,c-1801,2131.28,completed,BR,2026-07-31T02:40:00Z,2026-08-01
o-005768,c-0385,2281.54,pending,BR,2026-08-03T16:55:00Z,2026-08-04
o-005769,c-1842,1061.17,completed,BR,2026-06-18T05:54:00Z,2026-06-19
o-005770,c-1376,1479.65,completed,BR,2026-06-27T04:13:00Z,2026-06-27
o-005771,c-1123,243.99,completed,BR,2026-07-26T19:04:00Z,2026-07-27
o-005772,c-0089,100.21,completed,BR,2026-08-08T02:33:00Z,2026-08-09
o-005773,c-0716,1150.52,pending,BR,2026-06-29T18:53:00Z,2026-06-30
o-005774,c-0742,1547.25,completed,BR,2026-06-08T15:01:00Z,2026-06-08
o-005775,c-0720,1542.97,completed,BR,2026-06-06T09:13:00Z,2026-06-07
o-005776,c-1851,2450.38,pending,BR,2026-05-28T09:55:00Z,2026-05-28
o-005777,c-1286,1212.53,pending,BR,2026-07-08T03:14:00Z,2026-07-08
o-005778,c-0877,196.64,completed,BR,2026-06-11T04:06:00Z,2026-06-12
o-005779,c-1126,1471.25,completed,BR,2026-06-17T14:07:00Z,2026-06-18
o-005780,c-0916,601.82,pending,BR,2026-05-28T09:15:00Z,2026-05-28
o-005781,c-1249,320.02,completed,BR,2026-06-03T05:26:00Z,2026-06-04
o-005782,c-0843,881.72,pending,BR,2026-06-14T07:12:00Z,2026-06-15
o-005783,c-0178,2261.30,cancelled,BR,2026-07-05T16:01:00Z,2026-07-06
o-005784,c-1563,368.14,completed,BR,2026-07-04T10:09:00Z,2026-07-05
o-005785,c-0936,2350.74,pending,BR,2026-08-17T07:25:00Z,2026-08-18
o-005786,c-1531,148.32,completed,BR,2026-07-02T03:00:00Z,2026-07-02
o-005787,c-1822,2400.61,cancelled,BR,2026-08-18T13:35:00Z,2026-08-19
o-005788,c-0086,1068.53,completed,BR,2026-07-21T02:49:00Z,2026-07-21
o-005789,c-1990,448.69,completed,BR,2026-06-03T12:29:00Z,2026-06-03
o-005790,c-1660,454.67,completed,BR,2026-06-16T18:51:00Z,2026-06-16
o-005791,c-1557,1742.17,completed,BR,2026-08-11T11:17:00Z,2026-08-12
o-005792,c-1504,1458.99,completed,BR,2026-06-02T13:21:00Z,2026-06-03
o-005793,c-1675,144.88,completed,BR,2026-06-29T06:09:00Z,2026-06-29
o-005794,c-1447,1322.39,completed,BR,2026-06-26T05:25:00Z,2026-06-27
o-005795,c-0845,1875.94,pending,BR,2026-08-11T21:21:00Z,2026-08-11
o-005796,c-1175,66.25,pending,BR,2026-06-30T02:54:00Z,2026-06-30
o-005797,c-0662,1776.69,completed,BR,2026-05-27T10:06:00Z,2026-05-27
o-005798,c-1243,557.29,completed,BR,2026-07-08T23:15:00Z,2026-07-08
o-005799,c-0854,511.69,completed,BR,2026-07-02T15:45:00Z,2026-07-03
o-005800,c-1434,760.12,completed,BR,2026-05-29T00:36:00Z,2026-05-30
o-005801,c-0245,1017.02,cancelled,BR,2026-06-21T14:59:00Z,2026-06-22
o-005802,c-0068,1601.27,completed,BR,2026-07-21T00:53:00Z,2026-07-22
o-005803,c-0903,158.41,pending,BR,2026-07-05T22:44:00Z,2026-07-05
o-005804,c-1131,2246.81,pending,BR,2026-06-20T06:58:00Z,2026-06-21
o-005805,c-0190,1125.46,pending,BR,2026-07-31T11:24:00Z,2026-07-31
o-005806,c-0930,949.58,completed,BR,2026-05-27T11:38:00Z,2026-05-27
o-005807,c-1011,2379.84,completed,BR,2026-08-19T18:15:00Z,2026-08-19
o-005808,c-1564,1755.11,cancelled,BR,2026-08-18T11:46:00Z,2026-08-19
o-005809,c-1828,2064.14,completed,BR,2026-07-10T19:49:00Z,2026-07-10
o-005810,c-0507,1795.10,completed,BR,2026-08-06T06:56:00Z,2026-08-07
o-005811,c-0589,1610.74,completed,BR,2026-08-08T22:52:00Z,2026-08-09
o-005812,c-1481,753.44,completed,BR,2026-08-11T09:59:00Z,2026-08-12
o-005813,c-1696,377.36,pending,BR,2026-08-04T06:59:00Z,2026-08-05
o-005814,c-0957,58.53,completed,BR,2026-07-10T11:00:00Z,2026-07-11
o-005815,c-0803,453.92,completed,BR,2026-07-30T20:20:00Z,2026-07-31
o-005816,c-0302,1633.12,pending,BR,2026-07-19T03:37:00Z,2026-07-19
o-005817,c-0842,70.04,completed,BR,2026-08-11T21:24:00Z,2026-08-11
o-005818,c-0249,1404.98,completed,BR,2026-05-25T23:07:00Z,2026-05-25
o-005819,c-1242,2215.95,pending,BR,2026-07-17T00:37:00Z,2026-07-17
o-005820,c-1208,699.45,completed,BR,2026-08-02T02:41:00Z,2026-08-03
o-005821,c-0101,127.23,completed,BR,2026-06-09T15:44:00Z,2026-06-10
o-005822,c-1366,424.38,completed,BR,2026-08-16T21:44:00Z,2026-08-17
o-005823,c-0953,2059.09,pending,BR,2026-05-29T02:17:00Z,2026-05-30
o-005824,c-0275,1745.66,completed,BR,2026-06-04T03:36:00Z,2026-06-05
o-005825,c-0875,1620.46,pending,BR,2026-08-07T12:19:00Z,2026-08-08
o-005826,c-0058,2410.53,completed,BR,2026-08-12T10:38:00Z,2026-08-13
o-005827,c-0800,1739.93,completed,BR,2026-06-06T18:52:00Z,2026-06-06
o-005828,c-0306,97.11,pending,BR,2026-06-07T06:23:00Z,2026-06-08
o-005829,c-0492,2139.43,pending,BR,2026-08-03T23:42:00Z,2026-08-04
o-005830,c-1633,709.36,completed,BR,2026-08-16T19:11:00Z,2026-08-17
o-005831,c-0092,126.53,completed,BR,2026-07-16T14:47:00Z,2026-07-17
o-005832,c-1801,2027.13,completed,BR,2026-08-12T15:12:00Z,2026-08-13
o-005833,c-1109,306.02,completed,BR,2026-06-06T15:46:00Z,2026-06-07
o-005834,c-0537,1276.43,cancelled,BR,2026-06-28T15:28:00Z,2026-06-28
o-005835,c-0766,2158.97,completed,BR,2026-08-10T21:43:00Z,2026-08-11
o-005836,c-1341,1377.41,completed,BR,2026-06-22T11:24:00Z,2026-06-23
o-005837,c-1540,314.87,completed,BR,2026-05-27T02:39:00Z,2026-05-27
o-005838,c-0127,1744.09,pending,BR,2026-07-16T20:36:00Z,2026-07-16
o-005839,c-0305,956.90,completed,BR,2026-08-04T02:36:00Z,2026-08-05
o-005840,c-1971,1465.24,completed,BR,2026-07-09T07:43:00Z,2026-07-09
o-005841,c-0436,1569.65,completed,BR,2026-08-02T15:35:00Z,2026-08-02
o-005842,c-0082,805.74,completed,BR,2026-06-08T16:51:00Z,2026-06-09
o-005843,c-0766,584.20,completed,BR,2026-07-04T05:27:00Z,2026-07-04
o-005844,c-0110,343.70,completed,BR,2026-08-01T15:16:00Z,2026-08-02
o-005845,c-1033,314.11,completed,BR,2026-06-12T12:37:00Z,2026-06-12
o-005846,c-0595,1866.29,completed,BR,2026-06-21T18:10:00Z,2026-06-21
o-005847,c-0282,1449.63,completed,BR,2026-08-13T14:32:00Z,2026-08-14
o-005848,c-0688,2264.64,completed,BR,2026-06-23T18:41:00Z,2026-06-24
o-005849,c-1405,1804.45,pending,BR,2026-07-09T20:41:00Z,2026-07-09
o-005850,c-0648,817.51,completed,BR,2026-08-15T15:46:00Z,2026-08-16
o-005851,c-1600,2113.35,completed,BR,2026-06-30T06:04:00Z,2026-06-30
o-005852,c-1371,756.66,completed,BR,2026-07-02T06:22:00Z,2026-07-02
o-005853,c-1030,2312.86,completed,BR,2026-08-19T10:31:00Z,2026-08-20
o-005854,c-0065,2143.34,completed,BR,2026-07-20T05:03:00Z,2026-07-21
o-005855,c-1056,91.43,pending,BR,2026-07-10T18:44:00Z,2026-07-11
o-005856,c-0924,1610.91,cancelled,BR,2026-06-15T19:16:00Z,2026-06-15
o-005857,c-0409,1443.66,completed,BR,2026-07-10T14:00:00Z,2026-07-11
o-005858,c-0665,46.35,completed,BR,2026-06-26T07:49:00Z,2026-06-27
o-005859,c-0545,2005.65,completed,BR,2026-05-31T00:19:00Z,2026-05-31
o-005860,c-1758,1219.53,pending,BR,2026-07-22T08:39:00Z,2026-07-22
o-005861,c-0715,699.62,completed,BR,2026-06-06T00:06:00Z,2026-06-06
o-005862,c-1035,1366.52,completed,BR,2026-07-15T19:57:00Z,2026-07-15
o-005863,c-0439,2398.67,pending,BR,2026-08-11T18:15:00Z,2026-08-12
o-005864,c-0919,2427.97,completed,BR,2026-07-29T09:50:00Z,2026-07-29
o-005865,c-0207,227.44,completed,BR,2026-05-27T06:19:00Z,2026-05-28
o-005866,c-0757,992.08,completed,BR,2026-07-14T09:53:00Z,2026-07-14
o-005867,c-0788,472.50,pending,BR,2026-07-04T10:18:00Z,2026-07-05
o-005868,c-0334,13.10,completed,BR,2026-06-07T07:21:00Z,2026-06-08
o-005869,c-1625,976.52,completed,BR,2026-06-13T04:42:00Z,2026-06-13
o-005870,c-1167,714.80,completed,BR,2026-06-02T14:15:00Z,2026-06-03
o-005871,c-0470,694.11,completed,BR,2026-05-30T19:59:00Z,2026-05-31
o-005872,c-1707,2315.83,completed,BR,2026-05-29T23:42:00Z,2026-05-29
o-005873,c-0855,131.56,pending,BR,2026-08-04T16:54:00Z,2026-08-04
o-005874,c-0106,1106.53,cancelled,BR,2026-07-07T03:25:00Z,2026-07-07
o-005875,c-0691,337.99,completed,BR,2026-06-02T23:11:00Z,2026-06-02
o-005876,c-1870,430.29,completed,BR,2026-06-05T15:21:00Z,2026-06-06
o-005877,c-0138,960.51,completed,BR,2026-08-08T10:27:00Z,2026-08-09
o-005878,c-1361,2075.85,completed,BR,2026-07-04T08:07:00Z,2026-07-04
o-005879,c-0448,1686.91,completed,BR,2026-07-08T23:51:00Z,2026-07-08
o-005880,c-0288,1297.13,cancelled,BR,2026-08-07T02:21:00Z,2026-08-08
o-005881,c-1427,1898.75,completed,BR,2026-06-06T14:41:00Z,2026-06-06
o-005882,c-1366,936.16,completed,BR,2026-06-13T18:03:00Z,2026-06-14
o-005883,c-0364,1845.62,completed,BR,2026-06-14T05:05:00Z,2026-06-14
o-005884,c-1318,1715.51,completed,BR,2026-06-12T18:37:00Z,2026-06-13
o-005885,c-1032,286.69,completed,BR,2026-05-23T02:13:00Z,2026-05-24
o-005886,c-1421,1759.66,cancelled,BR,2026-08-05T06:37:00Z,2026-08-05
o-005887,c-0583,2137.53,completed,BR,2026-06-11T00:57:00Z,2026-06-11
o-005888,c-1698,409.91,completed,BR,2026-06-05T14:19:00Z,2026-06-05
o-005889,c-0312,133.84,cancelled,BR,2026-08-13T09:44:00Z,2026-08-14
o-005890,c-0893,1547.59,completed,BR,2026-07-28T12:25:00Z,2026-07-29
o-005891,c-1279,746.75,completed,BR,2026-07-31T04:29:00Z,2026-07-31
o-005892,c-1925,1999.23,completed,BR,2026-08-15T12:29:00Z,2026-08-16
o-005893,c-1945,1518.64,completed,BR,2026-07-15T09:17:00Z,2026-07-15
o-005894,c-1862,2416.83,completed,BR,2026-06-11T23:07:00Z,2026-06-11
o-005895,c-1828,242.28,completed,BR,2026-07-28T10:56:00Z,2026-07-28
o-005896,c-0446,260.34,completed,BR,2026-07-30T05:56:00Z,2026-07-30
o-005897,c-0594,461.66,completed,BR,2026-05-24T23:08:00Z,2026-05-24
o-005898,c-1806,1817.69,pending,BR,2026-06-24T12:11:00Z,2026-06-25
o-005899,c-0977,2084.91,completed,BR,2026-06-12T00:08:00Z,2026-06-13
o-005900,c-0506,2343.55,cancelled,BR,2026-06-24T05:15:00Z,2026-06-25
o-005901,c-0904,2000.60,pending,BR,2026-07-22T12:01:00Z,2026-07-23
o-005902,c-1583,340.87,cancelled,BR,2026-06-17T20:40:00Z,2026-06-18
o-005903,c-1311,1766.67,pending,BR,2026-07-12T15:19:00Z,2026-07-12
o-005904,c-1990,1350.01,pending,BR,2026-07-25T15:55:00Z,2026-07-25
o-005905,c-0154,104.09,completed,BR,2026-06-14T09:53:00Z,2026-06-14
o-005906,c-0042,606.55,completed,BR,2026-05-27T11:54:00Z,2026-05-27
o-005907,c-0039,1721.37,pending,BR,2026-08-07T22:55:00Z,2026-08-08
o-005908,c-1980,2293.48,completed,BR,2026-07-21T04:22:00Z,2026-07-22
o-005909,c-0375,1083.49,completed,BR,2026-05-31T13:47:00Z,2026-05-31
o-005910,c-1216,448.82,cancelled,BR,2026-07-17T23:48:00Z,2026-07-17
o-005911,c-1190,1379.52,completed,BR,2026-06-20T17:42:00Z,2026-06-20
o-005912,c-1649,1380.57,pending,BR,2026-07-27T18:12:00Z,2026-07-28
o-005913,c-1328,483.30,completed,BR,2026-06-13T14:35:00Z,2026-06-14
o-005914,c-1057,58.25,pending,BR,2026-05-28T08:11:00Z,2026-05-28
o-005915,c-0722,2259.95,completed,BR,2026-08-14T07:05:00Z,2026-08-15
o-005916,c-1186,591.99,pending,BR,2026-07-16T21:37:00Z,2026-07-16
o-005917,c-1382,206.78,completed,BR,2026-06-23T09:45:00Z,2026-06-24
o-005918,c-1475,147.29,completed,BR,2026-07-22T20:00:00Z,2026-07-23
o-005919,c-0982,940.52,pending,BR,2026-08-01T09:36:00Z,2026-08-02
o-005920,c-1349,1446.78,completed,BR,2026-07-13T06:50:00Z,2026-07-14
o-005921,c-0935,947.82,completed,BR,2026-07-15T04:49:00Z,2026-07-15
o-005922,c-0487,1369.35,completed,BR,2026-07-03T18:22:00Z,2026-07-03
o-005923,c-1252,1953.95,completed,BR,2026-06-27T23:22:00Z,2026-06-28
o-005924,c-1533,432.43,cancelled,BR,2026-08-05T10:21:00Z,2026-08-05
o-005925,c-0402,2043.74,pending,BR,2026-05-27T23:20:00Z,2026-05-27
o-005926,c-0719,738.89,completed,BR,2026-06-18T21:44:00Z,2026-06-19
o-005927,c-0225,2302.19,completed,BR,2026-06-04T00:38:00Z,2026-06-05
o-005928,c-1020,775.01,completed,BR,2026-06-21T13:14:00Z,2026-06-22
o-005929,c-1549,891.93,completed,BR,2026-07-04T23:01:00Z,2026-07-05
o-005930,c-0133,1230.63,completed,BR,2026-06-10T04:15:00Z,2026-06-11
o-005931,c-0276,1052.42,completed,BR,2026-07-26T14:55:00Z,2026-07-26
o-005932,c-1453,500.81,cancelled,BR,2026-08-17T05:13:00Z,2026-08-17
o-005933,c-0287,1292.31,completed,BR,2026-07-29T19:41:00Z,2026-07-29
o-005934,c-0724,2361.61,completed,BR,2026-07-18T23:43:00Z,2026-07-19
o-005935,c-1797,351.87,pending,BR,2026-06-01T05:28:00Z,2026-06-02
o-005936,c-1942,1455.45,completed,BR,2026-07-25T06:04:00Z,2026-07-25
o-005937,c-0627,1517.78,cancelled,BR,2026-06-22T03:57:00Z,2026-06-22
o-005938,c-1096,1262.15,completed,BR,2026-06-22T01:52:00Z,2026-06-23
o-005939,c-1500,1918.29,pending,BR,2026-08-05T08:43:00Z,2026-08-05
o-005940,c-0055,591.02,cancelled,BR,2026-06-04T16:51:00Z,2026-06-04
o-005941,c-0499,1763.94,completed,BR,2026-07-09T22:05:00Z,2026-07-09
o-005942,c-1880,116.11,completed,BR,2026-06-11T09:04:00Z,2026-06-12
o-005943,c-0049,1362.21,completed,BR,2026-06-09T16:16:00Z,2026-06-10
o-005944,c-0129,1064.41,completed,BR,2026-07-30T14:41:00Z,2026-07-30
o-005945,c-0377,1899.92,completed,BR,2026-08-08T18:30:00Z,2026-08-08
o-005946,c-0430,1663.53,cancelled,BR,2026-06-27T06:41:00Z,2026-06-28
o-005947,c-1361,1241.46,completed,BR,2026-06-18T09:19:00Z,2026-06-18
o-005948,c-0214,113.25,completed,BR,2026-05-28T00:18:00Z,2026-05-29
o-005949,c-0004,168.76,completed,BR,2026-06-06T06:07:00Z,2026-06-06
o-005950,c-0689,919.14,cancelled,BR,2026-07-20T18:19:00Z,2026-07-20
o-005951,c-0097,1803.28,pending,BR,2026-06-10T21:43:00Z,2026-06-10
o-005952,c-1391,583.89,cancelled,BR,2026-07-16T22:29:00Z,2026-07-16
o-005953,c-1346,217.29,completed,BR,2026-06-01T22:33:00Z,2026-06-02
o-005954,c-1465,1386.55,pending,BR,2026-07-20T15:27:00Z,2026-07-21
o-005955,c-1507,1097.70,completed,BR,2026-05-31T06:32:00Z,2026-06-01
o-005956,c-0952,1642.42,completed,BR,2026-06-19T19:34:00Z,2026-06-19
o-005957,c-1092,2427.55,completed,BR,2026-07-20T20:40:00Z,2026-07-20
o-005958,c-0086,697.95,completed,BR,2026-05-27T08:23:00Z,2026-05-27
o-005959,c-1203,636.02,completed,BR,2026-07-26T13:59:00Z,2026-07-26
o-005960,c-1322,1842.68,completed,BR,2026-06-20T08:07:00Z,2026-06-20
o-005961,c-1022,2404.79,completed,BR,2026-07-13T09:46:00Z,2026-07-13
o-005962,c-0508,1567.81,pending,BR,2026-07-06T15:51:00Z,2026-07-07
o-005963,c-1045,831.97,completed,BR,2026-08-03T03:49:00Z,2026-08-04
o-005964,c-0489,1655.88,pending,BR,2026-05-27T11:57:00Z,2026-05-28
o-005965,c-1695,767.64,completed,BR,2026-06-22T18:11:00Z,2026-06-23
o-005966,c-0167,1687.31,completed,BR,2026-05-26T13:14:00Z,2026-05-27
o-005967,c-1736,1054.09,completed,BR,2026-06-09T01:47:00Z,2026-06-10
o-005968,c-1974,1589.04,pending,BR,2026-06-17T14:35:00Z,2026-06-18
o-005969,c-0381,142.65,pending,BR,2026-07-07T21:41:00Z,2026-07-08
o-005970,c-1473,844.76,completed,BR,2026-07-02T08:18:00Z,2026-07-02
o-005971,c-0922,1898.32,cancelled,BR,2026-08-06T21:26:00Z,2026-08-07
o-005972,c-0959,1747.87,completed,BR,2026-07-29T17:51:00Z,2026-07-29
o-005973,c-1320,1790.94,pending,BR,2026-06-05T01:47:00Z,2026-06-05
o-005974,c-0933,1950.17,completed,BR,2026-05-24T08:01:00Z,2026-05-25
o-005975,c-1013,1900.74,completed,BR,2026-06-07T05:18:00Z,2026-06-08
o-005976,c-0217,1721.77,completed,BR,2026-07-24T17:44:00Z,2026-07-24
o-005977,c-1828,2359.25,completed,BR,2026-05-25T22:19:00Z,2026-05-26
o-005978,c-0838,1211.27,completed,BR,2026-06-24T08:09:00Z,2026-06-25
o-005979,c-0259,1925.13,completed,BR,2026-07-25T01:44:00Z,2026-07-26
o-005980,c-1153,1373.79,completed,BR,2026-06-06T00:07:00Z,2026-06-07
o-005981,c-0955,1947.58,completed,BR,2026-06-12T10:29:00Z,2026-06-12
o-005982,c-1420,716.74,completed,BR,2026-05-26T14:15:00Z,2026-05-26
o-005983,c-0631,2101.07,completed,BR,2026-07-29T18:39:00Z,2026-07-30
o-005984,c-1347,2230.89,completed,BR,2026-08-17T01:48:00Z,2026-08-17
o-005985,c-1309,1940.62,completed,BR,2026-06-21T16:06:00Z,2026-06-22
o-005986,c-0906,1562.70,pending,BR,2026-07-26T18:36:00Z,2026-07-26
o-005987,c-0535,1012.84,completed,BR,2026-06-28T14:01:00Z,2026-06-29
o-005988,c-1752,1320.85,completed,BR,2026-08-18T06:03:00Z,2026-08-18
o-005989,c-1048,1067.88,cancelled,BR,2026-06-23T04:15:00Z,2026-06-23
o-005990,c-1668,664.40,completed,BR,2026-07-10T11:06:00Z,2026-07-10
o-005991,c-0341,1161.97,completed,BR,2026-07-22T01:01:00Z,2026-07-22
o-005992,c-0556,608.87,pending,BR,2026-06-26T06:46:00Z,2026-06-26
o-005993,c-0726,2221.31,pending,BR,2026-07-22T09:01:00Z,2026-07-23
o-005994,c-0431,952.96,completed,BR,2026-08-14T21:09:00Z,2026-08-14
o-005995,c-0253,187.23,completed,BR,2026-06-05T20:04:00Z,2026-06-05
o-005996,c-1213,2090.74,cancelled,BR,2026-08-12T04:01:00Z,2026-08-13
o-005997,c-0024,1224.56,completed,BR,2026-07-13T20:37:00Z,2026-07-13
o-005998,c-0109,1961.23,completed,BR,2026-06-08T05:04:00Z,2026-06-09
o-005999,c-0543,414.06,pending,BR,2026-07-18T20:15:00Z,2026-07-19
o-006000,c-1672,504.42,completed,BR,2026-06-09T10:49:00Z,2026-06-10
o-006001,c-0246,313.62,completed,BR,2026-08-18T10:42:00Z,2026-08-19
o-006002,c-0554,1837.72,completed,BR,2026-08-20T02:34:00Z,2026-08-21
o-006003,c-1743,2068.44,completed,BR,2026-07-18T10:34:00Z,2026-07-18
o-006004,c-0823,1327.27,completed,BR,2026-08-10T11:03:00Z,2026-08-10
o-006005,c-0553,2129.53,completed,BR,2026-08-15T09:02:00Z,2026-08-15
o-006006,c-1637,482.80,completed,BR,2026-08-02T11:37:00Z,2026-08-02
o-006007,c-1691,872.79,completed,BR,2026-06-18T21:47:00Z,2026-06-19
o-006008,c-1794,1613.87,completed,BR,2026-05-26T10:01:00Z,2026-05-27
o-006009,c-0648,118.70,completed,BR,2026-08-16T16:05:00Z,2026-08-17
o-006010,c-1656,533.49,completed,BR,2026-06-29T04:22:00Z,2026-06-29
o-006011,c-0575,1760.84,completed,BR,2026-07-24T15:16:00Z,2026-07-25
o-006012,c-1595,2274.82,completed,BR,2026-06-25T18:15:00Z,2026-06-25
o-006013,c-0627,1070.71,pending,BR,2026-05-29T13:00:00Z,2026-05-30
o-006014,c-1164,1332.52,completed,BR,2026-06-09T12:19:00Z,2026-06-10
o-006015,c-0258,2400.90,completed,BR,2026-07-08T11:51:00Z,2026-07-08
o-006016,c-1018,1159.28,completed,BR,2026-08-02T11:57:00Z,2026-08-03
o-006017,c-1338,2012.13,completed,BR,2026-06-04T04:07:00Z,2026-06-04
o-006018,c-1815,2116.88,completed,BR,2026-06-12T11:16:00Z,2026-06-13
o-006019,c-1498,499.30,completed,BR,2026-06-03T13:03:00Z,2026-06-03
o-006020,c-0290,2106.81,pending,BR,2026-07-21T00:28:00Z,2026-07-21
o-006021,c-0814,2380.74,completed,BR,2026-06-05T22:30:00Z,2026-06-06
o-006022,c-0413,315.32,completed,BR,2026-05-30T06:08:00Z,2026-05-31
o-006023,c-0121,1624.47,completed,BR,2026-08-18T22:49:00Z,2026-08-19
o-006024,c-0505,1686.60,completed,BR,2026-07-29T08:17:00Z,2026-07-29
o-006025,c-0942,1394.24,completed,BR,2026-08-18T07:27:00Z,2026-08-18
o-006026,c-1611,2128.65,completed,BR,2026-06-25T18:26:00Z,2026-06-26
o-006027,c-0689,2316.51,completed,BR,2026-08-20T23:57:00Z,2026-08-21
o-006028,c-1457,1559.83,pending,BR,2026-07-26T03:11:00Z,2026-07-27
o-006029,c-1486,486.65,completed,BR,2026-06-28T21:46:00Z,2026-06-28
o-006030,c-0900,1824.72,completed,BR,2026-06-08T04:59:00Z,2026-06-09
o-006031,c-1848,64.05,completed,BR,2026-06-18T12:55:00Z,2026-06-18
o-006032,c-0975,971.72,completed,BR,2026-06-26T22:01:00Z,2026-06-27
o-006033,c-0083,699.02,cancelled,BR,2026-07-05T21:23:00Z,2026-07-05
o-006034,c-0166,412.61,completed,BR,2026-07-26T02:07:00Z,2026-07-26
o-006035,c-0718,21.34,completed,BR,2026-06-08T17:45:00Z,2026-06-08
o-006036,c-0078,1194.69,completed,BR,2026-08-17T20:21:00Z,2026-08-18
o-006037,c-0348,1983.89,cancelled,BR,2026-06-09T14:49:00Z,2026-06-10
o-006038,c-1005,1206.39,completed,BR,2026-06-18T19:13:00Z,2026-06-19
o-006039,c-1432,666.16,cancelled,BR,2026-06-21T20:56:00Z,2026-06-22
o-006040,c-0397,1829.87,completed,BR,2026-07-18T16:13:00Z,2026-07-19
o-006041,c-1577,1866.72,completed,BR,2026-07-06T03:02:00Z,2026-07-06
o-006042,c-0283,951.49,completed,BR,2026-06-13T02:16:00Z,2026-06-13
o-006043,c-1831,1571.94,completed,BR,2026-08-20T16:24:00Z,2026-08-21
o-006044,c-1990,1976.23,pending,BR,2026-06-19T15:04:00Z,2026-06-20
o-006045,c-1849,894.40,completed,BR,2026-05-26T11:11:00Z,2026-05-26
o-006046,c-1148,1421.65,completed,BR,2026-08-02T14:14:00Z,2026-08-02
o-006047,c-1363,2025.70,cancelled,BR,2026-05-29T15:39:00Z,2026-05-29
o-006048,c-1723,586.18,completed,BR,2026-06-21T03:08:00Z,2026-06-22
o-006049,c-0395,2223.28,completed,BR,2026-06-02T23:19:00Z,2026-06-03
o-006050,c-0106,2234.84,pending,BR,2026-08-18T22:29:00Z,2026-08-19
o-006051,c-1243,1599.06,pending,BR,2026-05-26T16:09:00Z,2026-05-27
o-006052,c-1115,1791.87,completed,BR,2026-05-30T15:09:00Z,2026-05-30
o-006053,c-0057,1404.13,completed,BR,2026-06-02T05:48:00Z,2026-06-02
o-006054,c-1070,1462.94,pending,BR,2026-06-27T11:11:00Z,2026-06-27
o-006055,c-1222,2489.94,completed,BR,2026-08-03T13:49:00Z,2026-08-03
o-006056,c-0270,590.27,completed,BR,2026-07-03T19:58:00Z,2026-07-04
o-006057,c-1938,880.20,completed,BR,2026-07-19T19:01:00Z,2026-07-19
o-006058,c-0343,495.55,pending,BR,2026-08-01T16:34:00Z,2026-08-01
o-006059,c-1627,1087.70,completed,BR,2026-08-08T09:04:00Z,2026-08-09
o-006060,c-0689,34.41,cancelled,BR,2026-06-27T03:14:00Z,2026-06-27
o-006061,c-0097,1112.04,completed,BR,2026-07-16T15:41:00Z,2026-07-17
o-006062,c-1057,1753.17,completed,BR,2026-07-05T21:34:00Z,2026-07-06
o-006063,c-1945,2477.27,completed,BR,2026-08-04T03:19:00Z,2026-08-05
o-006064,c-0089,745.21,pending,BR,2026-07-18T05:57:00Z,2026-07-18
o-006065,c-0801,1033.69,completed,BR,2026-07-12T04:28:00Z,2026-07-12
o-006066,c-1028,1075.98,completed,BR,2026-07-31T03:18:00Z,2026-07-31
o-006067,c-0081,774.62,cancelled,BR,2026-06-20T20:35:00Z,2026-06-21
o-006068,c-1568,1657.01,cancelled,BR,2026-08-18T22:16:00Z,2026-08-19
o-006069,c-0300,269.58,pending,BR,2026-06-25T21:12:00Z,2026-06-26
o-006070,c-1239,2175.20,pending,BR,2026-06-28T03:27:00Z,2026-06-29
o-006071,c-0920,644.74,completed,BR,2026-08-02T21:35:00Z,2026-08-03
o-006072,c-1155,1279.30,pending,BR,2026-08-20T11:34:00Z,2026-08-21
o-006073,c-0915,680.48,completed,BR,2026-06-03T01:25:00Z,2026-06-04
o-006074,c-0938,1604.56,cancelled,BR,2026-06-29T02:32:00Z,2026-06-30
o-006075,c-1280,594.19,completed,BR,2026-07-30T19:57:00Z,2026-07-31
o-006076,c-0444,1139.01,completed,BR,2026-06-12T08:36:00Z,2026-06-12
o-006077,c-1800,2109.56,completed,BR,2026-06-26T11:43:00Z,2026-06-26
o-006078,c-1898,2235.16,cancelled,BR,2026-07-18T17:00:00Z,2026-07-19
o-006079,c-0902,11.84,completed,BR,2026-08-11T18:12:00Z,2026-08-12
o-006080,c-0706,175.34,completed,BR,2026-07-19T11:25:00Z,2026-07-19
o-006081,c-0885,2250.34,cancelled,BR,2026-06-09T01:53:00Z,2026-06-09
o-006082,c-1369,2422.72,pending,BR,2026-07-22T06:21:00Z,2026-07-23
o-006083,c-0242,356.75,completed,BR,2026-07-23T05:04:00Z,2026-07-23
o-006084,c-1747,626.67,completed,BR,2026-07-05T14:42:00Z,2026-07-06
o-006085,c-1614,1469.51,completed,BR,2026-06-10T22:19:00Z,2026-06-10
o-006086,c-0698,1940.10,completed,BR,2026-05-23T18:34:00Z,2026-05-23
o-006087,c-1793,2181.44,cancelled,BR,2026-07-30T06:26:00Z,2026-07-30
o-006088,c-1430,2384.56,completed,BR,2026-06-26T02:52:00Z,2026-06-26
o-006089,c-1684,1594.00,completed,BR,2026-06-16T04:37:00Z,2026-06-17
o-006090,c-0889,1832.03,completed,BR,2026-08-09T21:38:00Z,2026-08-10
o-006091,c-1774,1801.72,completed,BR,2026-05-26T23:31:00Z,2026-05-26
o-006092,c-0873,114.72,completed,BR,2026-07-10T03:53:00Z,2026-07-11
o-006093,c-1613,602.84,pending,BR,2026-05-27T01:50:00Z,2026-05-28
o-006094,c-1502,1480.18,pending,BR,2026-08-15T15:19:00Z,2026-08-16
o-006095,c-0404,971.86,completed,BR,2026-08-15T23:40:00Z,2026-08-16
o-006096,c-0489,1261.82,completed,BR,2026-07-17T05:55:00Z,2026-07-17
o-006097,c-1857,897.68,completed,BR,2026-07-24T09:53:00Z,2026-07-24
o-006098,c-1514,815.96,cancelled,BR,2026-07-26T13:27:00Z,2026-07-26
o-006099,c-1073,377.36,pending,BR,2026-07-25T09:04:00Z,2026-07-26
o-006100,c-0349,1225.14,completed,BR,2026-06-21T20:04:00Z,2026-06-22
o-006101,c-0223,1815.85,completed,BR,2026-07-26T15:11:00Z,2026-07-27
o-006102,c-0425,1773.46,completed,BR,2026-06-14T02:40:00Z,2026-06-14
o-006103,c-0280,516.36,completed,BR,2026-08-05T16:57:00Z,2026-08-05
o-006104,c-0252,788.54,pending,BR,2026-05-24T14:44:00Z,2026-05-24
o-006105,c-0434,2153.61,completed,BR,2026-08-20T00:18:00Z,2026-08-21
o-006106,c-1942,1281.08,cancelled,BR,2026-07-06T13:29:00Z,2026-07-07
o-006107,c-0146,911.63,pending,BR,2026-06-26T03:46:00Z,2026-06-27
o-006108,c-1332,1740.85,completed,BR,2026-06-29T10:26:00Z,2026-06-29
o-006109,c-1182,215.87,completed,BR,2026-08-18T23:19:00Z,2026-08-19
o-006110,c-0902,1634.01,completed,BR,2026-08-16T14:48:00Z,2026-08-17
o-006111,c-1910,934.24,completed,BR,2026-07-17T12:25:00Z,2026-07-18
o-006112,c-0985,2431.80,completed,BR,2026-07-07T04:00:00Z,2026-07-08
o-006113,c-1741,1603.70,completed,BR,2026-07-01T10:56:00Z,2026-07-02
o-006114,c-1898,466.69,completed,BR,2026-05-30T09:36:00Z,2026-05-31
o-006115,c-1084,340.23,completed,BR,2026-07-24T04:29:00Z,2026-07-25
o-006116,c-0613,1852.30,completed,BR,2026-05-23T13:04:00Z,2026-05-24
o-006117,c-1418,106.28,pending,BR,2026-06-13T19:52:00Z,2026-06-14
o-006118,c-1605,1700.20,completed,BR,2026-07-17T21:17:00Z,2026-07-17
o-006119,c-0127,952.86,completed,BR,2026-07-01T13:55:00Z,2026-07-02
o-006120,c-0415,1462.47,completed,BR,2026-06-03T08:15:00Z,2026-06-03
o-006121,c-0398,226.96,completed,BR,2026-08-03T07:15:00Z,2026-08-03
o-006122,c-1837,202.05,cancelled,BR,2026-07-27T08:42:00Z,2026-07-27
o-006123,c-0821,887.34,completed,BR,2026-07-03T10:33:00Z,2026-07-04
o-006124,c-0655,931.97,completed,BR,2026-07-07T04:36:00Z,2026-07-08
o-006125,c-0214,862.29,completed,BR,2026-07-14T19:29:00Z,2026-07-15
o-006126,c-0710,1139.78,cancelled,BR,2026-06-19T10:04:00Z,2026-06-20
o-006127,c-1962,1431.82,completed,BR,2026-08-14T16:29:00Z,2026-08-14
o-006128,c-1345,607.63,completed,BR,2026-07-12T13:58:00Z,2026-07-13
o-006129,c-1994,2192.54,completed,BR,2026-06-18T17:45:00Z,2026-06-19
o-006130,c-1456,2213.64,completed,BR,2026-08-16T08:04:00Z,2026-08-17
o-006131,c-1339,1337.04,completed,BR,2026-08-18T12:57:00Z,2026-08-18
o-006132,c-1419,311.05,completed,BR,2026-08-05T03:49:00Z,2026-08-06
o-006133,c-0265,663.02,completed,BR,2026-08-08T09:40:00Z,2026-08-09
o-006134,c-0863,1760.68,completed,BR,2026-06-17T12:51:00Z,2026-06-18
o-006135,c-0282,1081.88,pending,BR,2026-06-06T15:37:00Z,2026-06-07
o-006136,c-0392,1088.10,completed,BR,2026-08-08T01:05:00Z,2026-08-08
o-006137,c-0269,1639.17,cancelled,BR,2026-07-25T02:38:00Z,2026-07-25
o-006138,c-1392,1967.63,completed,BR,2026-08-17T04:53:00Z,2026-08-17
o-006139,c-0385,1352.37,completed,BR,2026-06-12T03:58:00Z,2026-06-12
o-006140,c-0255,1940.73,pending,BR,2026-08-12T02:36:00Z,2026-08-12
o-006141,c-1299,688.67,completed,BR,2026-07-10T05:52:00Z,2026-07-11
o-006142,c-1671,2465.63,completed,BR,2026-08-19T05:09:00Z,2026-08-19
o-006143,c-0193,979.76,completed,BR,2026-06-19T20:50:00Z,2026-06-19
o-006144,c-1233,534.28,completed,BR,2026-05-27T16:09:00Z,2026-05-28
o-006145,c-0387,1830.82,completed,BR,2026-07-03T07:43:00Z,2026-07-03
o-006146,c-1955,694.91,completed,BR,2026-08-13T15:20:00Z,2026-08-14
o-006147,c-1935,2138.54,pending,BR,2026-06-28T02:43:00Z,2026-06-29
o-006148,c-1831,403.26,completed,BR,2026-06-28T16:19:00Z,2026-06-28
o-006149,c-1543,2370.42,completed,BR,2026-06-27T11:00:00Z,2026-06-27
o-006150,c-1511,2168.46,cancelled,BR,2026-07-27T01:54:00Z,2026-07-28
o-006151,c-0051,353.59,completed,BR,2026-06-30T06:05:00Z,2026-06-30
o-006152,c-1859,1551.24,completed,BR,2026-06-04T21:35:00Z,2026-06-04
o-006153,c-0483,1695.81,completed,BR,2026-06-22T04:48:00Z,2026-06-23
o-006154,c-0973,1575.85,completed,BR,2026-07-17T11:21:00Z,2026-07-18
o-006155,c-0903,997.60,completed,BR,2026-07-18T11:30:00Z,2026-07-18
o-006156,c-0692,804.62,completed,BR,2026-06-05T09:29:00Z,2026-06-05
o-006157,c-0369,2273.30,completed,BR,2026-06-05T10:57:00Z,2026-06-05
o-006158,c-1189,546.80,pending,BR,2026-06-08T19:17:00Z,2026-06-08
o-006159,c-0948,1770.97,pending,BR,2026-05-31T11:03:00Z,2026-05-31
o-006160,c-0426,2212.33,pending,BR,2026-06-20T20:15:00Z,2026-06-20
o-006161,c-0895,398.21,completed,BR,2026-07-31T19:41:00Z,2026-08-01
o-006162,c-1033,456.43,completed,BR,2026-07-19T15:12:00Z,2026-07-19
o-006163,c-1444,2211.99,completed,BR,2026-06-08T19:55:00Z,2026-06-08
o-006164,c-0453,1127.56,completed,BR,2026-08-07T03:09:00Z,2026-08-08
o-006165,c-0710,1500.64,completed,BR,2026-07-08T10:29:00Z,2026-07-08
o-006166,c-1944,723.12,completed,BR,2026-06-03T13:43:00Z,2026-06-03
o-006167,c-0364,88.82,cancelled,BR,2026-07-12T20:46:00Z,2026-07-13
o-006168,c-1225,226.66,completed,BR,2026-06-27T08:12:00Z,2026-06-28
o-006169,c-0515,2192.00,completed,BR,2026-06-29T08:13:00Z,2026-06-29
o-006170,c-1534,1946.45,pending,BR,2026-07-15T18:05:00Z,2026-07-16
o-006171,c-0302,394.99,pending,BR,2026-05-23T20:03:00Z,2026-05-24
o-006172,c-1289,379.86,cancelled,BR,2026-07-18T12:45:00Z,2026-07-18
o-006173,c-0654,397.24,completed,BR,2026-08-11T16:57:00Z,2026-08-12
o-006174,c-1888,1365.69,completed,BR,2026-06-05T01:38:00Z,2026-06-05
o-006175,c-0386,1353.32,completed,BR,2026-05-28T00:02:00Z,2026-05-28
o-006176,c-1843,154.69,completed,BR,2026-08-12T04:21:00Z,2026-08-13
o-006177,c-1322,2393.56,cancelled,BR,2026-07-04T09:25:00Z,2026-07-05
o-006178,c-1130,1035.90,completed,BR,2026-08-01T21:19:00Z,2026-08-02
o-006179,c-1340,74.39,completed,BR,2026-07-15T20:13:00Z,2026-07-15
o-006180,c-0377,1780.79,pending,BR,2026-07-07T20:50:00Z,2026-07-08
o-006181,c-1753,2160.34,completed,BR,2026-05-31T10:18:00Z,2026-06-01
o-006182,c-1505,505.74,completed,BR,2026-07-02T15:13:00Z,2026-07-03
o-006183,c-1993,2470.34,completed,BR,2026-07-27T11:06:00Z,2026-07-28
o-006184,c-0811,1424.36,completed,BR,2026-08-03T11:58:00Z,2026-08-04
o-006185,c-0671,1973.73,completed,BR,2026-08-12T07:45:00Z,2026-08-12
o-006186,c-0917,1861.17,completed,BR,2026-08-03T12:47:00Z,2026-08-04
o-006187,c-1057,644.44,completed,BR,2026-05-24T18:10:00Z,2026-05-24
o-006188,c-1989,2218.82,completed,BR,2026-06-25T10:22:00Z,2026-06-26
o-006189,c-1880,1471.74,completed,BR,2026-06-17T14:41:00Z,2026-06-17
o-006190,c-0471,1214.26,completed,BR,2026-06-26T02:18:00Z,2026-06-26
o-006191,c-1917,1076.96,completed,BR,2026-06-15T19:54:00Z,2026-06-16
o-006192,c-0095,1365.08,completed,BR,2026-07-24T04:11:00Z,2026-07-24
o-006193,c-0250,45.27,pending,BR,2026-07-08T20:48:00Z,2026-07-08
o-006194,c-0638,2231.77,completed,BR,2026-08-08T04:10:00Z,2026-08-09
o-006195,c-0068,221.94,cancelled,BR,2026-08-16T09:36:00Z,2026-08-17
o-006196,c-1839,337.05,completed,BR,2026-07-20T13:43:00Z,2026-07-21
o-006197,c-0406,1510.63,cancelled,BR,2026-07-21T17:59:00Z,2026-07-21
o-006198,c-1351,2496.81,completed,BR,2026-07-25T12:29:00Z,2026-07-25
o-006199,c-0104,2377.46,completed,BR,2026-06-11T09:19:00Z,2026-06-12
o-006200,c-0883,2451.45,completed,BR,2026-07-01T22:35:00Z,2026-07-01
o-006201,c-0884,2323.57,pending,BR,2026-08-18T18:40:00Z,2026-08-19
o-006202,c-0431,1297.51,completed,BR,2026-08-18T23:22:00Z,2026-08-18
o-006203,c-1085,820.81,completed,BR,2026-07-04T20:27:00Z,2026-07-04
o-006204,c-1170,1194.43,completed,BR,2026-07-10T18:48:00Z,2026-07-10
o-006205,c-0432,2018.95,pending,BR,2026-07-03T14:47:00Z,2026-07-03
o-006206,c-1000,616.39,cancelled,BR,2026-07-14T17:52:00Z,2026-07-14
o-006207,c-0970,2402.55,pending,BR,2026-06-26T14:11:00Z,2026-06-26
o-006208,c-1600,1681.58,completed,BR,2026-08-12T08:56:00Z,2026-08-13
o-006209,c-0853,997.41,completed,BR,2026-06-04T09:38:00Z,2026-06-05
o-006210,c-0179,1369.38,cancelled,BR,2026-07-27T12:10:00Z,2026-07-28
o-006211,c-1552,1848.36,completed,BR,2026-07-28T15:39:00Z,2026-07-28
o-006212,c-0557,2429.80,completed,BR,2026-06-24T00:48:00Z,2026-06-24
o-006213,c-1394,2338.18,pending,BR,2026-08-17T19:23:00Z,2026-08-17
o-006214,c-1066,2392.91,completed,BR,2026-07-03T13:51:00Z,2026-07-03
o-006215,c-0471,1669.72,completed,BR,2026-08-02T17:14:00Z,2026-08-02
o-006216,c-1780,258.23,completed,BR,2026-05-26T03:25:00Z,2026-05-26
o-006217,c-0549,1174.95,completed,BR,2026-06-09T20:53:00Z,2026-06-09
o-006218,c-1012,2414.06,completed,BR,2026-06-23T20:39:00Z,2026-06-23
o-006219,c-0187,1940.86,pending,BR,2026-06-12T00:04:00Z,2026-06-13
o-006220,c-0441,244.02,pending,BR,2026-06-15T00:00:00Z,2026-06-15
o-006221,c-0493,1451.95,completed,BR,2026-06-19T02:59:00Z,2026-06-19
o-006222,c-0497,2035.15,completed,BR,2026-08-18T06:43:00Z,2026-08-18
o-006223,c-0597,1921.22,completed,BR,2026-06-14T02:10:00Z,2026-06-15
o-006224,c-0094,463.06,completed,BR,2026-08-07T13:30:00Z,2026-08-07
o-006225,c-0072,2085.19,completed,BR,2026-07-06T19:01:00Z,2026-07-06
o-006226,c-0201,1659.40,completed,BR,2026-08-12T10:25:00Z,2026-08-12
o-006227,c-0016,1749.39,completed,BR,2026-08-14T18:40:00Z,2026-08-14
o-006228,c-1949,1159.97,pending,BR,2026-06-19T05:18:00Z,2026-06-20
o-006229,c-1085,599.95,cancelled,BR,2026-07-27T15:07:00Z,2026-07-28
o-006230,c-1871,186.46,completed,BR,2026-07-25T09:27:00Z,2026-07-25
o-006231,c-0233,1165.66,completed,BR,2026-08-19T17:28:00Z,2026-08-19
o-006232,c-0274,1209.17,completed,BR,2026-06-15T01:54:00Z,2026-06-16
o-006233,c-0110,121.23,completed,BR,2026-07-28T00:55:00Z,2026-07-28
o-006234,c-0580,1569.61,completed,BR,2026-06-06T05:53:00Z,2026-06-06
o-006235,c-0344,287.57,completed,BR,2026-05-24T00:23:00Z,2026-05-24
o-006236,c-0365,666.92,completed,BR,2026-06-21T04:43:00Z,2026-06-22
o-006237,c-0383,1779.94,completed,BR,2026-07-08T04:41:00Z,2026-07-08
o-006238,c-1811,414.24,completed,BR,2026-06-04T13:29:00Z,2026-06-05
o-006239,c-1486,728.88,completed,BR,2026-06-19T05:56:00Z,2026-06-20
o-006240,c-1012,1700.68,completed,BR,2026-06-02T12:28:00Z,2026-06-02
o-006241,c-0232,2009.00,cancelled,BR,2026-07-21T23:34:00Z,2026-07-22
o-006242,c-1510,343.57,completed,BR,2026-06-14T10:06:00Z,2026-06-15
o-006243,c-0387,1270.47,pending,BR,2026-06-13T13:28:00Z,2026-06-13
o-006244,c-1597,44.27,completed,BR,2026-08-09T18:19:00Z,2026-08-09
o-006245,c-0990,1715.99,cancelled,BR,2026-07-05T06:41:00Z,2026-07-05
o-006246,c-0580,2363.83,completed,BR,2026-06-17T02:38:00Z,2026-06-18
o-006247,c-1597,190.28,completed,BR,2026-05-26T14:20:00Z,2026-05-27
o-006248,c-0006,1321.41,completed,BR,2026-06-12T17:18:00Z,2026-06-13
o-006249,c-1903,1226.02,completed,BR,2026-07-25T16:16:00Z,2026-07-26
o-006250,c-0926,1526.88,completed,BR,2026-05-23T17:41:00Z,2026-05-23
o-006251,c-0049,1627.78,completed,BR,2026-08-15T09:53:00Z,2026-08-15
o-006252,c-0696,2334.74,completed,BR,2026-07-03T22:57:00Z,2026-07-03
o-006253,c-0173,1246.39,completed,BR,2026-06-13T14:41:00Z,2026-06-14
o-006254,c-0497,2324.97,completed,BR,2026-06-15T18:01:00Z,2026-06-15
o-006255,c-1735,1725.56,cancelled,BR,2026-06-08T00:23:00Z,2026-06-08
o-006256,c-0185,1879.76,completed,BR,2026-06-16T08:01:00Z,2026-06-17
o-006257,c-1834,492.64,completed,BR,2026-05-26T02:56:00Z,2026-05-26
o-006258,c-0746,78.53,completed,BR,2026-07-13T10:04:00Z,2026-07-13
o-006259,c-1382,1175.31,completed,BR,2026-06-26T15:51:00Z,2026-06-26
o-006260,c-1473,226.35,completed,BR,2026-07-12T08:34:00Z,2026-07-13
o-006261,c-1924,2030.93,completed,BR,2026-07-17T16:35:00Z,2026-07-18
o-006262,c-1950,492.13,completed,BR,2026-06-12T08:53:00Z,2026-06-12
o-006263,c-0918,1847.00,completed,BR,2026-07-01T20:19:00Z,2026-07-01
o-006264,c-1926,619.90,cancelled,BR,2026-07-28T03:36:00Z,2026-07-28
o-006265,c-1872,315.12,cancelled,BR,2026-06-27T10:44:00Z,2026-06-28
o-006266,c-1024,1990.34,completed,BR,2026-07-18T13:57:00Z,2026-07-18
o-006267,c-1197,2151.98,completed,BR,2026-08-03T12:47:00Z,2026-08-03
o-006268,c-0198,1212.43,completed,BR,2026-06-04T14:27:00Z,2026-06-05
o-006269,c-0679,192.38,pending,BR,2026-07-21T01:08:00Z,2026-07-21
o-006270,c-1363,518.06,completed,BR,2026-07-06T07:19:00Z,2026-07-07
o-006271,c-1034,2185.57,completed,BR,2026-08-15T04:20:00Z,2026-08-15
o-006272,c-1493,376.18,completed,BR,2026-07-07T20:37:00Z,2026-07-07
o-006273,c-1090,673.09,completed,BR,2026-07-22T07:23:00Z,2026-07-23
o-006274,c-0358,2446.28,cancelled,BR,2026-08-10T19:56:00Z,2026-08-10
o-006275,c-0441,1573.41,completed,BR,2026-07-22T21:40:00Z,2026-07-22
o-006276,c-0335,1751.57,completed,BR,2026-08-09T07:36:00Z,2026-08-10
o-006277,c-1364,1062.10,completed,BR,2026-07-29T09:49:00Z,2026-07-30
o-006278,c-0587,1336.62,completed,BR,2026-08-17T14:15:00Z,2026-08-17
o-006279,c-0654,1808.48,completed,BR,2026-08-17T11:08:00Z,2026-08-17
o-006280,c-1235,198.21,pending,BR,2026-07-15T21:29:00Z,2026-07-16
o-006281,c-0341,1973.64,completed,BR,2026-06-23T10:55:00Z,2026-06-23
o-006282,c-1701,590.51,completed,BR,2026-05-23T12:40:00Z,2026-05-23
o-006283,c-0116,2130.99,completed,BR,2026-06-16T07:17:00Z,2026-06-16
o-006284,c-0239,658.20,pending,BR,2026-06-03T11:25:00Z,2026-06-03
o-006285,c-0524,2206.19,cancelled,BR,2026-06-14T13:13:00Z,2026-06-15
o-006286,c-0351,2000.28,completed,BR,2026-07-15T05:56:00Z,2026-07-15
o-006287,c-0400,914.27,completed,BR,2026-06-27T08:23:00Z,2026-06-28
o-006288,c-1637,1792.92,pending,BR,2026-08-14T09:13:00Z,2026-08-15
o-006289,c-1785,729.77,completed,BR,2026-06-01T03:29:00Z,2026-06-02
o-006290,c-0544,2224.07,completed,BR,2026-08-03T10:30:00Z,2026-08-04
o-006291,c-0342,1914.45,completed,BR,2026-08-01T17:45:00Z,2026-08-02
o-006292,c-0368,2141.45,pending,BR,2026-07-10T07:32:00Z,2026-07-10
o-006293,c-1842,920.88,completed,BR,2026-06-06T03:58:00Z,2026-06-07
o-006294,c-0560,1882.32,completed,BR,2026-06-14T08:42:00Z,2026-06-15
o-006295,c-0591,449.19,completed,BR,2026-07-26T14:11:00Z,2026-07-27
o-006296,c-0904,1822.46,completed,BR,2026-08-14T19:39:00Z,2026-08-15
o-006297,c-0768,1912.86,completed,BR,2026-06-07T11:15:00Z,2026-06-07
o-006298,c-0126,1164.47,pending,BR,2026-06-25T11:41:00Z,2026-06-25
o-006299,c-1633,1324.94,pending,BR,2026-07-23T18:11:00Z,2026-07-23
o-006300,c-0100,852.31,completed,BR,2026-08-02T05:16:00Z,2026-08-03
o-006301,c-1516,495.44,completed,BR,2026-07-26T02:08:00Z,2026-07-27
o-006302,c-0829,2449.33,cancelled,BR,2026-06-22T23:30:00Z,2026-06-23
o-006303,c-1925,424.14,completed,BR,2026-05-29T20:04:00Z,2026-05-30
o-006304,c-1295,1042.33,completed,BR,2026-08-06T12:07:00Z,2026-08-06
o-006305,c-0774,2023.46,completed,BR,2026-07-14T07:47:00Z,2026-07-15
o-006306,c-1871,777.23,completed,BR,2026-06-10T02:33:00Z,2026-06-11
o-006307,c-1225,2389.60,completed,BR,2026-07-11T10:00:00Z,2026-07-12
o-006308,c-0159,2124.51,completed,BR,2026-06-02T11:37:00Z,2026-06-02
o-006309,c-0210,273.17,completed,BR,2026-05-23T04:46:00Z,2026-05-23
o-006310,c-0167,1041.21,completed,BR,2026-06-24T01:11:00Z,2026-06-25
o-006311,c-0339,1397.01,pending,BR,2026-07-31T13:50:00Z,2026-07-31
o-006312,c-1309,338.49,cancelled,BR,2026-05-30T17:25:00Z,2026-05-30
o-006313,c-0542,1870.09,completed,BR,2026-06-29T04:23:00Z,2026-06-29
o-006314,c-1742,1157.92,completed,BR,2026-07-10T19:38:00Z,2026-07-11
o-006315,c-1035,2188.37,completed,BR,2026-05-30T20:04:00Z,2026-05-31
o-006316,c-0174,699.27,completed,BR,2026-06-24T12:00:00Z,2026-06-25
o-006317,c-0457,2106.26,completed,BR,2026-07-30T13:04:00Z,2026-07-31
o-006318,c-1186,923.69,completed,BR,2026-07-03T23:38:00Z,2026-07-04
o-006319,c-0936,2438.34,completed,BR,2026-08-20T13:13:00Z,2026-08-21
o-006320,c-1439,1913.39,completed,BR,2026-08-06T07:01:00Z,2026-08-07
o-006321,c-0644,1249.79,completed,BR,2026-08-15T19:41:00Z,2026-08-15
o-006322,c-0799,1111.73,completed,BR,2026-07-01T23:40:00Z,2026-07-01
o-006323,c-0083,925.58,completed,BR,2026-06-26T23:43:00Z,2026-06-26
o-006324,c-0649,16.08,completed,BR,2026-06-21T18:03:00Z,2026-06-21
o-006325,c-0699,2432.85,completed,BR,2026-05-26T04:33:00Z,2026-05-27
o-006326,c-1572,1381.09,completed,BR,2026-08-11T12:27:00Z,2026-08-11
o-006327,c-1751,1545.42,completed,BR,2026-07-01T21:29:00Z,2026-07-02
o-006328,c-0036,2267.35,completed,BR,2026-06-02T05:05:00Z,2026-06-02
o-006329,c-0182,1253.52,completed,BR,2026-06-13T21:08:00Z,2026-06-14
o-006330,c-0637,2096.96,completed,BR,2026-06-05T16:01:00Z,2026-06-05
o-006331,c-1751,697.17,completed,BR,2026-05-30T16:22:00Z,2026-05-30
o-006332,c-0659,1016.17,completed,BR,2026-06-12T08:41:00Z,2026-06-12
o-006333,c-0964,1933.34,pending,BR,2026-08-06T10:02:00Z,2026-08-07
o-006334,c-1481,2236.80,cancelled,BR,2026-07-08T10:29:00Z,2026-07-08
o-006335,c-0996,2189.33,completed,BR,2026-07-07T23:58:00Z,2026-07-07
o-006336,c-0677,194.74,completed,BR,2026-07-04T23:35:00Z,2026-07-05
o-006337,c-0859,1147.62,completed,BR,2026-08-12T01:05:00Z,2026-08-13
o-006338,c-1650,814.93,completed,BR,2026-06-12T15:37:00Z,2026-06-12
o-006339,c-1273,688.01,completed,BR,2026-07-16T10:56:00Z,2026-07-16
o-006340,c-0429,1967.41,completed,BR,2026-06-24T21:55:00Z,2026-06-24
o-006341,c-0292,155.25,completed,BR,2026-07-28T10:17:00Z,2026-07-28
o-006342,c-0897,7.30,completed,BR,2026-06-03T10:36:00Z,2026-06-03
o-006343,c-1928,326.61,completed,BR,2026-08-03T23:20:00Z,2026-08-04
o-006344,c-1821,803.81,pending,BR,2026-07-31T10:04:00Z,2026-07-31
o-006345,c-1384,2354.26,pending,BR,2026-07-10T22:15:00Z,2026-07-11
o-006346,c-0330,1539.49,completed,BR,2026-07-01T04:46:00Z,2026-07-02
o-006347,c-1532,423.11,completed,BR,2026-07-27T11:09:00Z,2026-07-27
o-006348,c-0815,1977.56,completed,BR,2026-07-14T02:04:00Z,2026-07-15
o-006349,c-1077,1242.59,completed,BR,2026-07-28T05:41:00Z,2026-07-29
o-006350,c-1848,876.57,completed,BR,2026-06-16T21:13:00Z,2026-06-16
o-006351,c-0588,260.51,cancelled,BR,2026-05-31T15:05:00Z,2026-06-01
o-006352,c-0099,2481.00,completed,BR,2026-08-17T07:03:00Z,2026-08-18
o-006353,c-0598,707.02,completed,BR,2026-06-30T07:26:00Z,2026-07-01
o-006354,c-0112,1664.10,completed,BR,2026-08-11T19:58:00Z,2026-08-11
o-006355,c-0179,560.18,cancelled,BR,2026-07-31T01:46:00Z,2026-07-31
o-006356,c-1402,2271.72,completed,BR,2026-06-22T13:31:00Z,2026-06-23
o-006357,c-1022,2349.16,pending,BR,2026-07-20T07:54:00Z,2026-07-21
o-006358,c-0701,1914.29,completed,BR,2026-07-01T11:22:00Z,2026-07-02
o-006359,c-0678,1545.61,completed,BR,2026-06-24T16:07:00Z,2026-06-25
o-006360,c-1651,2152.86,completed,BR,2026-07-07T23:46:00Z,2026-07-07
o-006361,c-0221,2254.85,completed,BR,2026-08-10T06:36:00Z,2026-08-11
o-006362,c-0761,517.53,pending,BR,2026-07-30T19:46:00Z,2026-07-30
o-006363,c-0394,1729.41,completed,BR,2026-06-02T06:23:00Z,2026-06-02
o-006364,c-0638,2434.64,completed,BR,2026-07-05T23:50:00Z,2026-07-05
o-006365,c-0952,61.98,completed,BR,2026-05-25T13:08:00Z,2026-05-26
o-006366,c-0030,966.84,completed,BR,2026-06-05T10:40:00Z,2026-06-05
o-006367,c-1529,2063.12,completed,BR,2026-07-26T15:27:00Z,2026-07-26
o-006368,c-0220,2331.70,cancelled,BR,2026-07-15T09:35:00Z,2026-07-15
o-006369,c-1505,2471.92,completed,BR,2026-07-20T22:56:00Z,2026-07-21
o-006370,c-0511,141.06,completed,BR,2026-05-29T13:36:00Z,2026-05-30
o-006371,c-1690,1197.57,completed,BR,2026-06-13T21:02:00Z,2026-06-13
o-006372,c-0469,1852.61,pending,BR,2026-07-08T16:39:00Z,2026-07-08
o-006373,c-0930,1157.93,completed,BR,2026-07-09T17:11:00Z,2026-07-10
o-006374,c-1087,2465.98,completed,BR,2026-06-02T18:42:00Z,2026-06-03
o-006375,c-1701,1510.36,cancelled,BR,2026-07-11T21:46:00Z,2026-07-12
o-006376,c-1280,1458.03,pending,BR,2026-08-20T18:17:00Z,2026-08-21
o-006377,c-1713,2042.17,completed,BR,2026-06-29T09:27:00Z,2026-06-30
o-006378,c-1572,806.97,completed,BR,2026-08-05T00:01:00Z,2026-08-06
o-006379,c-0149,2421.49,completed,BR,2026-06-11T23:33:00Z,2026-06-12
o-006380,c-1015,1348.17,completed,BR,2026-07-25T00:50:00Z,2026-07-25
o-006381,c-1029,1471.87,pending,BR,2026-08-07T21:22:00Z,2026-08-07
o-006382,c-0256,2233.76,completed,BR,2026-07-19T01:47:00Z,2026-07-19
o-006383,c-0868,1227.78,pending,BR,2026-07-05T01:47:00Z,2026-07-05
o-006384,c-1859,1261.25,completed,BR,2026-08-19T09:42:00Z,2026-08-19
o-006385,c-0946,1211.48,completed,BR,2026-08-12T15:15:00Z,2026-08-13
o-006386,c-1436,2127.29,completed,BR,2026-06-23T03:26:00Z,2026-06-23
o-006387,c-0454,1660.74,completed,BR,2026-07-24T18:39:00Z,2026-07-24
o-006388,c-1643,1714.65,completed,BR,2026-06-26T11:30:00Z,2026-06-27
o-006389,c-1727,447.83,completed,BR,2026-08-13T05:45:00Z,2026-08-13
o-006390,c-1781,318.13,completed,BR,2026-07-13T15:43:00Z,2026-07-14
o-006391,c-1886,230.32,completed,BR,2026-05-29T13:58:00Z,2026-05-30
o-006392,c-1068,2339.16,completed,BR,2026-07-07T23:29:00Z,2026-07-07
o-006393,c-1419,816.13,pending,BR,2026-08-17T13:05:00Z,2026-08-18
o-006394,c-0850,1401.40,completed,BR,2026-06-30T01:36:00Z,2026-06-30
o-006395,c-0862,2335.88,completed,BR,2026-06-24T13:40:00Z,2026-06-24
o-006396,c-0700,1423.84,completed,BR,2026-06-07T22:26:00Z,2026-06-07
o-006397,c-1769,2266.75,completed,BR,2026-08-06T10:26:00Z,2026-08-06
o-006398,c-0384,333.59,cancelled,BR,2026-06-01T16:09:00Z,2026-06-02
o-006399,c-0809,1519.44,completed,BR,2026-06-08T02:09:00Z,2026-06-09
o-006400,c-1851,1420.93,pending,BR,2026-07-01T17:53:00Z,2026-07-02
o-006401,c-1188,1217.78,completed,BR,2026-07-23T18:48:00Z,2026-07-24
o-006402,c-1515,499.50,completed,BR,2026-06-20T01:22:00Z,2026-06-20
o-006403,c-1014,1569.30,completed,BR,2026-06-18T12:36:00Z,2026-06-18
o-006404,c-0370,1905.98,pending,BR,2026-06-02T13:16:00Z,2026-06-02
o-006405,c-0482,15.79,completed,BR,2026-07-23T09:25:00Z,2026-07-23
o-006406,c-0227,1222.20,completed,BR,2026-06-05T19:05:00Z,2026-06-06
o-006407,c-0500,1169.39,completed,BR,2026-05-25T16:23:00Z,2026-05-26
o-006408,c-0464,2031.70,completed,BR,2026-06-11T05:12:00Z,2026-06-11
o-006409,c-0847,475.46,completed,BR,2026-06-18T20:47:00Z,2026-06-19
o-006410,c-1005,1139.66,completed,BR,2026-06-29T05:49:00Z,2026-06-30
o-006411,c-1640,166.89,pending,BR,2026-05-24T22:02:00Z,2026-05-24
o-006412,c-1752,1862.51,completed,BR,2026-05-25T06:48:00Z,2026-05-25
o-006413,c-0632,1918.64,completed,BR,2026-07-18T09:55:00Z,2026-07-19
o-006414,c-0424,1871.63,completed,BR,2026-08-18T23:14:00Z,2026-08-19
o-006415,c-1719,1035.83,completed,BR,2026-07-27T22:48:00Z,2026-07-27
o-006416,c-0027,2413.53,pending,BR,2026-07-31T00:43:00Z,2026-08-01
o-006417,c-1756,2061.57,completed,BR,2026-08-05T10:32:00Z,2026-08-06
o-006418,c-1980,351.16,completed,BR,2026-07-04T06:58:00Z,2026-07-04
o-006419,c-1455,261.92,completed,BR,2026-06-12T16:48:00Z,2026-06-12
o-006420,c-0956,1213.64,completed,BR,2026-06-18T20:25:00Z,2026-06-19
o-006421,c-0789,986.14,completed,BR,2026-08-09T09:30:00Z,2026-08-09
o-006422,c-1039,188.73,completed,BR,2026-07-15T10:37:00Z,2026-07-16
o-006423,c-0689,30.38,completed,BR,2026-08-18T15:39:00Z,2026-08-18
o-006424,c-1469,436.72,completed,BR,2026-06-27T00:53:00Z,2026-06-27
o-006425,c-1005,906.26,completed,BR,2026-08-19T06:42:00Z,2026-08-19
o-006426,c-1352,506.17,completed,BR,2026-07-05T04:54:00Z,2026-07-06
o-006427,c-1952,1723.21,completed,BR,2026-06-04T18:40:00Z,2026-06-05
o-006428,c-0098,2034.16,pending,BR,2026-06-23T01:23:00Z,2026-06-24
o-006429,c-1027,1139.66,completed,BR,2026-05-31T04:44:00Z,2026-06-01
o-006430,c-0676,383.65,pending,BR,2026-08-10T09:50:00Z,2026-08-10
o-006431,c-1026,892.07,pending,BR,2026-08-07T16:15:00Z,2026-08-07
o-006432,c-1863,14.92,completed,BR,2026-07-03T03:17:00Z,2026-07-04
o-006433,c-0905,1244.15,completed,BR,2026-06-03T07:25:00Z,2026-06-03
o-006434,c-0837,2143.51,completed,BR,2026-07-06T04:32:00Z,2026-07-06
o-006435,c-1964,339.02,cancelled,BR,2026-07-11T03:53:00Z,2026-07-12
o-006436,c-1345,675.89,cancelled,BR,2026-08-16T00:56:00Z,2026-08-16
o-006437,c-1153,765.78,pending,BR,2026-08-05T09:12:00Z,2026-08-06
o-006438,c-1517,2146.64,completed,BR,2026-07-14T12:04:00Z,2026-07-14
o-006439,c-1882,1358.12,pending,BR,2026-07-05T20:21:00Z,2026-07-05
o-006440,c-1592,1843.32,pending,BR,2026-05-27T22:57:00Z,2026-05-27
o-006441,c-1429,921.92,completed,BR,2026-07-13T23:28:00Z,2026-07-13
o-006442,c-0291,2365.49,completed,BR,2026-08-14T23:50:00Z,2026-08-15
o-006443,c-1965,2339.87,completed,BR,2026-06-16T12:51:00Z,2026-06-16
o-006444,c-1892,296.97,pending,BR,2026-06-03T04:40:00Z,2026-06-04
o-006445,c-0063,1040.60,completed,BR,2026-07-03T21:14:00Z,2026-07-04
o-006446,c-0071,1765.16,completed,BR,2026-05-28T14:08:00Z,2026-05-28
o-006447,c-1370,353.94,cancelled,BR,2026-06-20T20:45:00Z,2026-06-20
o-006448,c-1128,2349.85,completed,BR,2026-05-31T05:00:00Z,2026-06-01
o-006449,c-0812,2131.81,completed,BR,2026-06-20T14:10:00Z,2026-06-20
o-006450,c-0409,1618.94,completed,BR,2026-06-24T16:14:00Z,2026-06-25
o-006451,c-0741,1054.22,completed,BR,2026-08-12T03:37:00Z,2026-08-12
o-006452,c-0712,1017.05,pending,BR,2026-07-24T09:53:00Z,2026-07-24
o-006453,c-1207,1023.06,completed,BR,2026-07-02T08:25:00Z,2026-07-03
o-006454,c-0413,1504.59,completed,BR,2026-06-24T23:38:00Z,2026-06-24
o-006455,c-1210,2365.95,cancelled,BR,2026-06-26T13:57:00Z,2026-06-27
o-006456,c-1529,2417.47,completed,BR,2026-05-29T11:33:00Z,2026-05-30
o-006457,c-1094,315.66,pending,BR,2026-07-04T06:06:00Z,2026-07-04
o-006458,c-1982,1476.54,completed,BR,2026-07-15T04:20:00Z,2026-07-16
o-006459,c-1015,1944.50,pending,BR,2026-08-18T01:36:00Z,2026-08-19
o-006460,c-1057,134.11,completed,BR,2026-06-03T09:24:00Z,2026-06-03
o-006461,c-1704,792.13,pending,BR,2026-05-24T01:01:00Z,2026-05-24
o-006462,c-1877,1451.87,completed,BR,2026-05-27T14:13:00Z,2026-05-28
o-006463,c-0528,984.26,cancelled,BR,2026-06-21T20:19:00Z,2026-06-22
o-006464,c-0580,613.81,completed,BR,2026-08-04T07:52:00Z,2026-08-04
o-006465,c-1136,1512.93,completed,BR,2026-06-05T18:33:00Z,2026-06-06
o-006466,c-1939,1440.22,completed,BR,2026-07-29T07:09:00Z,2026-07-29
o-006467,c-0412,2397.85,completed,BR,2026-06-08T21:34:00Z,2026-06-09
o-006468,c-1341,1983.41,completed,BR,2026-08-11T02:06:00Z,2026-08-11
o-006469,c-1980,2257.96,completed,BR,2026-06-17T11:38:00Z,2026-06-18
o-006470,c-1761,1871.23,completed,BR,2026-06-13T21:36:00Z,2026-06-14
o-006471,c-0130,2065.10,completed,BR,2026-07-19T19:39:00Z,2026-07-19
o-006472,c-1493,1709.69,pending,BR,2026-06-09T07:35:00Z,2026-06-10
o-006473,c-1392,1049.75,completed,BR,2026-07-17T01:40:00Z,2026-07-18
o-006474,c-1703,417.47,pending,BR,2026-08-04T10:57:00Z,2026-08-04
o-006475,c-1832,509.02,cancelled,BR,2026-07-01T00:41:00Z,2026-07-01
o-006476,c-1156,1531.68,cancelled,BR,2026-08-01T06:34:00Z,2026-08-02
o-006477,c-0588,729.04,completed,BR,2026-06-16T00:33:00Z,2026-06-16
o-006478,c-1046,495.40,completed,BR,2026-08-19T18:42:00Z,2026-08-19
o-006479,c-1298,1560.59,completed,BR,2026-07-19T22:00:00Z,2026-07-19
o-006480,c-0789,1881.52,completed,BR,2026-06-13T00:30:00Z,2026-06-13
o-006481,c-0714,2333.85,completed,BR,2026-08-01T10:07:00Z,2026-08-01
o-006482,c-0458,2063.13,completed,BR,2026-07-22T16:26:00Z,2026-07-22
o-006483,c-0699,1097.10,completed,BR,2026-07-19T15:04:00Z,2026-07-19
o-006484,c-1443,1956.68,pending,BR,2026-08-02T17:38:00Z,2026-08-02
o-006485,c-1564,88.26,completed,BR,2026-06-11T16:28:00Z,2026-06-12
o-006486,c-1647,1097.44,completed,BR,2026-07-26T19:48:00Z,2026-07-26
o-006487,c-0488,1700.54,completed,BR,2026-07-15T00:24:00Z,2026-07-16
o-006488,c-1002,1327.01,completed,BR,2026-08-13T05:17:00Z,2026-08-14
o-006489,c-1357,2322.39,completed,BR,2026-07-05T14:04:00Z,2026-07-05
o-006490,c-1892,1015.16,completed,BR,2026-07-15T15:16:00Z,2026-07-16
o-006491,c-0195,1737.49,completed,BR,2026-06-21T14:22:00Z,2026-06-21
o-006492,c-0728,1111.29,completed,BR,2026-06-30T21:51:00Z,2026-06-30
o-006493,c-1754,811.23,pending,BR,2026-08-14T19:36:00Z,2026-08-14
o-006494,c-1449,285.69,completed,BR,2026-06-05T03:52:00Z,2026-06-05
o-006495,c-0645,1840.85,completed,BR,2026-06-23T07:34:00Z,2026-06-24
o-006496,c-0153,802.82,completed,BR,2026-07-15T15:02:00Z,2026-07-16
o-006497,c-0124,1654.24,pending,BR,2026-07-30T00:38:00Z,2026-07-30
o-006498,c-1033,1839.41,cancelled,BR,2026-08-05T07:16:00Z,2026-08-06
o-006499,c-0663,1757.86,completed,BR,2026-07-24T10:32:00Z,2026-07-25
o-006500,c-0106,625.32,completed,BR,2026-07-06T12:12:00Z,2026-07-06
o-006501,c-1750,520.39,completed,BR,2026-06-11T07:19:00Z,2026-06-12
o-006502,c-0284,700.85,completed,BR,2026-05-29T10:04:00Z,2026-05-30
o-006503,c-1769,2202.18,completed,BR,2026-07-22T16:40:00Z,2026-07-22
o-006504,c-0825,484.98,completed,BR,2026-08-12T06:51:00Z,2026-08-12
o-006505,c-1970,677.01,completed,BR,2026-06-10T14:05:00Z,2026-06-11
o-006506,c-0226,1664.41,pending,BR,2026-07-11T05:45:00Z,2026-07-12
o-006507,c-1188,2339.13,cancelled,BR,2026-06-24T15:26:00Z,2026-06-24
o-006508,c-1952,2231.21,completed,BR,2026-07-22T00:13:00Z,2026-07-23
o-006509,c-1335,2483.97,completed,BR,2026-07-18T22:11:00Z,2026-07-19
o-006510,c-1079,244.48,cancelled,BR,2026-06-16T03:50:00Z,2026-06-16
o-006511,c-0367,1811.14,cancelled,BR,2026-06-03T22:11:00Z,2026-06-03
o-006512,c-0286,1278.52,completed,BR,2026-07-12T05:22:00Z,2026-07-12
o-006513,c-1404,1451.51,pending,BR,2026-06-04T16:23:00Z,2026-06-05
o-006514,c-0700,923.30,completed,BR,2026-07-31T19:10:00Z,2026-08-01
o-006515,c-1104,2244.36,pending,BR,2026-06-22T02:16:00Z,2026-06-22
o-006516,c-0105,2226.90,completed,BR,2026-06-20T00:12:00Z,2026-06-20
o-006517,c-1035,380.90,completed,BR,2026-07-03T21:19:00Z,2026-07-03
o-006518,c-0632,2459.72,completed,BR,2026-07-31T12:23:00Z,2026-08-01
o-006519,c-0206,1069.45,pending,BR,2026-08-05T22:27:00Z,2026-08-05
o-006520,c-0190,490.77,pending,BR,2026-07-08T01:33:00Z,2026-07-09
o-006521,c-0354,2126.83,completed,BR,2026-07-30T10:24:00Z,2026-07-31
o-006522,c-1967,1564.64,completed,BR,2026-07-11T01:43:00Z,2026-07-11
o-006523,c-0432,55.61,completed,BR,2026-07-08T17:28:00Z,2026-07-08
o-006524,c-1067,1496.97,completed,BR,2026-06-29T12:29:00Z,2026-06-29
o-006525,c-0805,527.30,completed,BR,2026-06-23T00:54:00Z,2026-06-24
o-006526,c-0794,109.49,completed,BR,2026-07-12T04:32:00Z,2026-07-12
o-006527,c-0483,2361.98,completed,BR,2026-07-13T09:38:00Z,2026-07-13
o-006528,c-1056,2064.30,completed,BR,2026-08-16T15:18:00Z,2026-08-16
o-006529,c-1294,230.31,pending,BR,2026-06-22T08:54:00Z,2026-06-22
o-006530,c-1759,2493.08,completed,BR,2026-06-04T01:45:00Z,2026-06-04
o-006531,c-0796,1033.06,pending,BR,2026-07-17T05:48:00Z,2026-07-17
o-006532,c-1074,688.93,pending,BR,2026-07-01T02:18:00Z,2026-07-01
o-006533,c-1093,1590.97,completed,BR,2026-07-10T04:10:00Z,2026-07-11
o-006534,c-0156,1910.70,completed,BR,2026-05-23T16:19:00Z,2026-05-24
o-006535,c-0164,95.78,pending,BR,2026-07-15T23:02:00Z,2026-07-15
o-006536,c-0375,2166.43,pending,BR,2026-06-29T13:37:00Z,2026-06-29
o-006537,c-1305,264.24,completed,BR,2026-08-15T10:12:00Z,2026-08-15
o-006538,c-1862,2057.95,completed,BR,2026-06-09T09:17:00Z,2026-06-09
o-006539,c-1976,64.64,completed,BR,2026-07-24T17:34:00Z,2026-07-25
o-006540,c-0655,2466.94,pending,BR,2026-06-20T04:58:00Z,2026-06-20
o-006541,c-0882,876.12,pending,BR,2026-08-18T08:09:00Z,2026-08-18
o-006542,c-1586,1314.46,completed,BR,2026-06-26T23:16:00Z,2026-06-26
o-006543,c-0944,195.28,completed,BR,2026-05-24T21:29:00Z,2026-05-24
o-006544,c-1263,1291.95,completed,BR,2026-06-23T21:42:00Z,2026-06-23
o-006545,c-0709,1598.54,pending,BR,2026-07-16T13:28:00Z,2026-07-16
o-006546,c-0518,1354.52,completed,BR,2026-06-20T21:12:00Z,2026-06-20
o-006547,c-1024,1911.08,completed,BR,2026-08-04T10:22:00Z,2026-08-05
o-006548,c-1507,2026.89,completed,BR,2026-08-01T22:10:00Z,2026-08-02
o-006549,c-1544,1897.30,completed,BR,2026-05-23T05:32:00Z,2026-05-23
o-006550,c-0731,1966.42,completed,BR,2026-07-27T18:55:00Z,2026-07-28
o-006551,c-0285,281.10,completed,BR,2026-07-12T17:00:00Z,2026-07-12
o-006552,c-1992,2039.29,completed,BR,2026-07-17T05:21:00Z,2026-07-17
o-006553,c-1743,822.39,completed,BR,2026-06-21T22:08:00Z,2026-06-22
o-006554,c-1536,2295.51,completed,BR,2026-08-07T09:15:00Z,2026-08-07
o-006555,c-0506,2046.75,completed,BR,2026-06-13T11:02:00Z,2026-06-13
o-006556,c-0997,630.25,completed,BR,2026-06-11T07:35:00Z,2026-06-11
o-006557,c-1036,2400.91,completed,BR,2026-08-17T07:30:00Z,2026-08-18
o-006558,c-0727,645.94,completed,BR,2026-08-06T08:09:00Z,2026-08-07
o-006559,c-1511,1313.74,completed,BR,2026-05-26T16:26:00Z,2026-05-27
o-006560,c-1682,244.59,completed,BR,2026-08-14T07:53:00Z,2026-08-14
o-006561,c-1210,1623.88,completed,BR,2026-05-25T10:03:00Z,2026-05-26
o-006562,c-1920,1679.32,pending,BR,2026-08-15T03:21:00Z,2026-08-15
o-006563,c-1713,790.81,completed,BR,2026-06-19T14:31:00Z,2026-06-19
o-006564,c-0215,153.09,completed,BR,2026-06-24T09:16:00Z,2026-06-25
o-006565,c-1173,1728.73,completed,BR,2026-08-19T02:30:00Z,2026-08-19
o-006566,c-0993,2349.44,pending,BR,2026-05-24T00:12:00Z,2026-05-25
o-006567,c-0731,989.24,completed,BR,2026-07-26T22:17:00Z,2026-07-27
o-006568,c-0675,1687.15,completed,BR,2026-06-18T15:18:00Z,2026-06-19
o-006569,c-1227,949.01,completed,BR,2026-05-23T14:08:00Z,2026-05-23
o-006570,c-0807,949.22,completed,BR,2026-06-29T15:16:00Z,2026-06-29
o-006571,c-0304,21.67,completed,BR,2026-05-23T06:27:00Z,2026-05-23
o-006572,c-1027,1600.32,completed,BR,2026-06-08T17:43:00Z,2026-06-09
o-006573,c-0010,768.81,completed,BR,2026-07-08T03:25:00Z,2026-07-08
o-006574,c-0281,992.83,pending,BR,2026-07-04T15:28:00Z,2026-07-05
o-006575,c-0272,1726.40,completed,BR,2026-08-02T09:35:00Z,2026-08-02
o-006576,c-0445,1667.77,completed,BR,2026-06-17T12:30:00Z,2026-06-17
o-006577,c-0942,791.17,completed,BR,2026-08-13T17:04:00Z,2026-08-13
o-006578,c-0693,614.04,completed,BR,2026-06-26T05:39:00Z,2026-06-26
o-006579,c-1549,1535.12,completed,BR,2026-08-10T11:15:00Z,2026-08-11
o-006580,c-0278,1852.54,pending,BR,2026-07-12T01:33:00Z,2026-07-13
o-006581,c-0386,456.20,pending,BR,2026-07-21T07:18:00Z,2026-07-21
o-006582,c-0191,214.80,completed,BR,2026-08-08T15:53:00Z,2026-08-09
o-006583,c-0933,2445.79,completed,BR,2026-07-24T06:43:00Z,2026-07-25
o-006584,c-1754,1160.72,completed,BR,2026-08-06T19:02:00Z,2026-08-07
o-006585,c-0940,1337.35,completed,BR,2026-07-08T12:55:00Z,2026-07-09
o-006586,c-1178,1200.79,completed,BR,2026-08-09T12:06:00Z,2026-08-09
o-006587,c-1359,505.42,completed,BR,2026-05-25T10:30:00Z,2026-05-25
o-006588,c-1861,2243.06,completed,BR,2026-08-05T03:59:00Z,2026-08-05
o-006589,c-1063,2163.77,completed,BR,2026-06-06T22:43:00Z,2026-06-07
o-006590,c-1980,2209.72,completed,BR,2026-08-12T08:56:00Z,2026-08-12
o-006591,c-0065,1187.13,completed,BR,2026-06-12T03:57:00Z,2026-06-13
o-006592,c-1356,1137.54,completed,BR,2026-07-16T18:37:00Z,2026-07-16
o-006593,c-0793,804.09,completed,BR,2026-06-21T13:15:00Z,2026-06-22
o-006594,c-1564,180.01,completed,BR,2026-07-30T10:28:00Z,2026-07-31
o-006595,c-0921,2332.95,completed,BR,2026-06-10T12:20:00Z,2026-06-11
o-006596,c-1422,403.73,pending,BR,2026-08-01T04:53:00Z,2026-08-01
o-006597,c-0341,2124.49,pending,BR,2026-08-10T20:54:00Z,2026-08-11
o-006598,c-1868,1623.07,completed,BR,2026-08-17T18:04:00Z,2026-08-18
o-006599,c-0053,1597.25,completed,BR,2026-08-20T11:43:00Z,2026-08-21
o-006600,c-1794,922.94,completed,BR,2026-06-21T01:45:00Z,2026-06-22
o-006601,c-0440,1142.05,completed,BR,2026-06-07T16:20:00Z,2026-06-08
o-006602,c-1159,1011.88,completed,BR,2026-07-25T03:27:00Z,2026-07-26
o-006603,c-0523,1370.85,cancelled,BR,2026-06-04T08:47:00Z,2026-06-05
o-006604,c-0005,16.92,pending,BR,2026-06-26T01:50:00Z,2026-06-27
o-006605,c-0757,1028.69,completed,BR,2026-06-07T01:46:00Z,2026-06-08
o-006606,c-0640,2422.63,completed,BR,2026-08-08T15:10:00Z,2026-08-09
o-006607,c-1074,1852.76,completed,BR,2026-08-02T16:42:00Z,2026-08-03
o-006608,c-1535,1981.11,completed,BR,2026-06-18T23:17:00Z,2026-06-19
o-006609,c-1206,1779.40,completed,BR,2026-08-07T04:57:00Z,2026-08-08
o-006610,c-0236,1993.42,completed,BR,2026-08-07T15:44:00Z,2026-08-07
o-006611,c-1664,1030.56,completed,BR,2026-07-03T08:28:00Z,2026-07-04
o-006612,c-1042,2253.83,completed,BR,2026-08-02T22:42:00Z,2026-08-02
o-006613,c-1956,1668.73,cancelled,BR,2026-05-30T22:20:00Z,2026-05-30
o-006614,c-1995,1469.49,completed,BR,2026-07-07T20:45:00Z,2026-07-07
o-006615,c-1631,1078.26,pending,BR,2026-07-20T03:35:00Z,2026-07-21
o-006616,c-0400,1788.21,completed,BR,2026-08-12T03:30:00Z,2026-08-13
o-006617,c-1902,564.88,completed,BR,2026-05-30T05:22:00Z,2026-05-31
o-006618,c-1954,1984.20,completed,BR,2026-06-07T06:57:00Z,2026-06-07
o-006619,c-0838,1706.78,pending,BR,2026-07-21T11:09:00Z,2026-07-22
o-006620,c-1591,2499.15,completed,BR,2026-06-11T14:36:00Z,2026-06-12
o-006621,c-0211,1100.50,completed,BR,2026-07-03T00:26:00Z,2026-07-04
o-006622,c-0366,2498.95,completed,BR,2026-08-03T23:38:00Z,2026-08-03
o-006623,c-1409,738.80,completed,BR,2026-08-11T03:31:00Z,2026-08-12
o-006624,c-0946,997.11,cancelled,BR,2026-06-13T14:02:00Z,2026-06-13
o-006625,c-1512,872.61,completed,BR,2026-06-01T12:40:00Z,2026-06-01
o-006626,c-1177,171.53,completed,BR,2026-07-15T08:56:00Z,2026-07-16
o-006627,c-0259,841.98,completed,BR,2026-06-28T12:51:00Z,2026-06-29
o-006628,c-1826,1283.37,cancelled,BR,2026-05-28T21:13:00Z,2026-05-29
o-006629,c-1271,58.50,completed,BR,2026-06-05T10:45:00Z,2026-06-06
o-006630,c-0068,1659.49,completed,BR,2026-05-31T07:16:00Z,2026-05-31
o-006631,c-1437,1561.46,cancelled,BR,2026-06-20T02:55:00Z,2026-06-20
o-006632,c-0317,1983.44,completed,BR,2026-07-17T12:28:00Z,2026-07-18
o-006633,c-0832,2425.50,completed,BR,2026-05-23T10:14:00Z,2026-05-23
o-006634,c-0569,396.15,cancelled,BR,2026-06-06T22:55:00Z,2026-06-07
o-006635,c-1158,697.46,completed,BR,2026-08-20T05:32:00Z,2026-08-21
o-006636,c-1871,187.83,completed,BR,2026-05-24T11:35:00Z,2026-05-24
o-006637,c-0492,2440.11,completed,BR,2026-07-04T14:14:00Z,2026-07-04
o-006638,c-0238,562.83,pending,BR,2026-07-18T17:48:00Z,2026-07-19
o-006639,c-0608,895.46,pending,BR,2026-06-09T13:07:00Z,2026-06-10
o-006640,c-0245,80.28,completed,BR,2026-07-06T21:23:00Z,2026-07-07
o-006641,c-0018,913.60,cancelled,BR,2026-08-10T11:02:00Z,2026-08-11
o-006642,c-1089,1234.32,pending,BR,2026-06-29T02:08:00Z,2026-06-29
o-006643,c-0704,2321.32,completed,BR,2026-08-20T17:37:00Z,2026-08-21
o-006644,c-1344,437.47,cancelled,BR,2026-08-02T12:38:00Z,2026-08-02
o-006645,c-1791,1000.92,completed,BR,2026-05-26T01:24:00Z,2026-05-26
o-006646,c-0686,1665.45,completed,BR,2026-06-03T15:51:00Z,2026-06-04
o-006647,c-1423,2380.54,completed,BR,2026-08-05T06:30:00Z,2026-08-06
o-006648,c-1205,839.77,completed,BR,2026-06-14T14:51:00Z,2026-06-14
o-006649,c-0548,1914.25,completed,BR,2026-07-04T16:41:00Z,2026-07-04
o-006650,c-1371,170.01,cancelled,BR,2026-07-16T22:10:00Z,2026-07-16
o-006651,c-0405,2345.10,completed,BR,2026-06-03T12:17:00Z,2026-06-04
o-006652,c-0158,803.01,cancelled,BR,2026-07-17T10:15:00Z,2026-07-17
o-006653,c-1664,357.14,pending,BR,2026-06-25T14:02:00Z,2026-06-25
o-006654,c-0005,272.49,completed,BR,2026-06-05T05:37:00Z,2026-06-06
o-006655,c-0149,1540.48,completed,BR,2026-05-28T17:38:00Z,2026-05-29
o-006656,c-0505,1121.36,pending,BR,2026-06-30T17:42:00Z,2026-06-30
o-006657,c-1658,343.72,completed,BR,2026-06-06T15:48:00Z,2026-06-06
o-006658,c-0017,1820.93,completed,BR,2026-05-25T10:32:00Z,2026-05-25
o-006659,c-0676,2132.65,cancelled,BR,2026-07-27T01:34:00Z,2026-07-27
o-006660,c-0549,45.12,completed,BR,2026-05-26T10:02:00Z,2026-05-26
o-006661,c-1424,1805.67,completed,BR,2026-07-10T22:14:00Z,2026-07-11
o-006662,c-1961,1605.72,pending,BR,2026-08-15T13:51:00Z,2026-08-15
o-006663,c-1300,465.02,completed,BR,2026-06-22T02:06:00Z,2026-06-23
o-006664,c-1437,1040.03,completed,BR,2026-05-25T04:40:00Z,2026-05-25
o-006665,c-0330,2281.91,pending,BR,2026-07-17T14:53:00Z,2026-07-18
o-006666,c-1589,649.41,completed,BR,2026-06-11T22:43:00Z,2026-06-12
o-006667,c-1160,1311.60,completed,BR,2026-06-12T01:29:00Z,2026-06-13
o-006668,c-1274,1275.57,completed,BR,2026-06-25T18:57:00Z,2026-06-26
o-006669,c-1227,191.75,completed,BR,2026-05-23T18:09:00Z,2026-05-23
o-006670,c-0502,564.11,pending,BR,2026-06-25T23:27:00Z,2026-06-26
o-006671,c-0855,2421.70,completed,BR,2026-06-07T13:25:00Z,2026-06-08
o-006672,c-1006,2127.30,cancelled,BR,2026-08-11T03:13:00Z,2026-08-11
o-006673,c-0585,2450.03,completed,BR,2026-05-30T09:15:00Z,2026-05-31
o-006674,c-0596,1624.87,completed,BR,2026-07-07T01:33:00Z,2026-07-08
o-006675,c-0296,2189.72,completed,BR,2026-08-03T10:12:00Z,2026-08-03
o-006676,c-1575,322.06,completed,BR,2026-07-22T04:17:00Z,2026-07-23
o-006677,c-0790,640.41,cancelled,BR,2026-07-14T03:57:00Z,2026-07-14
o-006678,c-1372,2166.69,completed,BR,2026-07-08T15:16:00Z,2026-07-09
o-006679,c-1115,995.17,completed,BR,2026-05-24T22:20:00Z,2026-05-24
o-006680,c-1181,617.27,pending,BR,2026-05-27T16:14:00Z,2026-05-28
o-006681,c-0556,1585.56,cancelled,BR,2026-06-10T21:40:00Z,2026-06-11
o-006682,c-1055,1328.35,completed,BR,2026-07-27T03:37:00Z,2026-07-27
o-006683,c-0032,1086.26,completed,BR,2026-07-10T19:12:00Z,2026-07-10
o-006684,c-0759,1662.44,completed,BR,2026-06-10T14:27:00Z,2026-06-10
o-006685,c-0285,603.78,completed,BR,2026-06-02T05:30:00Z,2026-06-03
o-006686,c-0473,2264.91,completed,BR,2026-06-18T19:47:00Z,2026-06-19
o-006687,c-1977,851.34,cancelled,BR,2026-08-02T23:49:00Z,2026-08-02
o-006688,c-0330,2263.19,pending,BR,2026-06-09T16:01:00Z,2026-06-09
o-006689,c-1764,1138.60,completed,BR,2026-05-26T13:08:00Z,2026-05-27
o-006690,c-0744,2169.53,completed,BR,2026-07-11T21:48:00Z,2026-07-12
o-006691,c-0548,1139.80,pending,BR,2026-08-16T06:17:00Z,2026-08-16
o-006692,c-1803,2098.15,completed,BR,2026-06-23T19:04:00Z,2026-06-23
o-006693,c-1522,546.32,cancelled,BR,2026-08-20T03:52:00Z,2026-08-21
o-006694,c-1717,1659.13,completed,BR,2026-07-21T18:40:00Z,2026-07-21
o-006695,c-1820,1064.25,completed,BR,2026-06-24T15:30:00Z,2026-06-24
o-006696,c-1539,134.09,cancelled,BR,2026-06-02T21:55:00Z,2026-06-02
o-006697,c-0605,8.83,completed,BR,2026-06-24T07:47:00Z,2026-06-25
o-006698,c-1733,1396.73,completed,BR,2026-06-02T20:34:00Z,2026-06-03
o-006699,c-0961,1780.37,pending,BR,2026-07-06T20:14:00Z,2026-07-06
o-006700,c-1775,2333.32,cancelled,BR,2026-06-10T04:20:00Z,2026-06-10
o-006701,c-1212,568.81,completed,BR,2026-06-09T08:08:00Z,2026-06-10
o-006702,c-1813,1911.62,completed,BR,2026-06-15T14:29:00Z,2026-06-16
o-006703,c-0742,1117.52,completed,BR,2026-06-13T03:42:00Z,2026-06-14
o-006704,c-0383,237.62,cancelled,BR,2026-06-28T16:19:00Z,2026-06-29
o-006705,c-0072,572.05,completed,BR,2026-07-29T07:37:00Z,2026-07-30
o-006706,c-1458,1915.83,completed,BR,2026-07-26T09:11:00Z,2026-07-26
o-006707,c-1553,1871.46,completed,BR,2026-07-21T10:57:00Z,2026-07-21
o-006708,c-0755,1660.15,pending,BR,2026-07-01T14:48:00Z,2026-07-02
o-006709,c-0115,2201.75,completed,BR,2026-06-23T21:37:00Z,2026-06-23
o-006710,c-1078,854.13,completed,BR,2026-08-12T01:09:00Z,2026-08-13
o-006711,c-0636,1021.22,pending,BR,2026-08-16T22:41:00Z,2026-08-17
o-006712,c-1213,2375.89,completed,BR,2026-07-18T20:28:00Z,2026-07-18
o-006713,c-1065,2484.19,completed,BR,2026-07-17T06:45:00Z,2026-07-18
o-006714,c-1529,2299.17,pending,BR,2026-08-04T10:39:00Z,2026-08-05
o-006715,c-1598,1594.85,cancelled,BR,2026-08-05T04:45:00Z,2026-08-05
o-006716,c-0236,1782.29,completed,BR,2026-07-18T05:14:00Z,2026-07-19
o-006717,c-1969,1577.76,completed,BR,2026-06-27T14:13:00Z,2026-06-28
o-006718,c-0999,1429.51,completed,BR,2026-08-17T06:32:00Z,2026-08-18
o-006719,c-1810,2077.43,completed,BR,2026-08-03T19:56:00Z,2026-08-04
o-006720,c-1391,1164.59,completed,BR,2026-07-23T17:40:00Z,2026-07-23
o-006721,c-1660,2163.51,completed,BR,2026-05-28T17:45:00Z,2026-05-28
o-006722,c-0048,1973.54,completed,BR,2026-06-24T05:32:00Z,2026-06-25
o-006723,c-1368,1043.46,completed,BR,2026-06-15T10:05:00Z,2026-06-16
o-006724,c-1001,811.79,completed,BR,2026-06-24T18:49:00Z,2026-06-24
o-006725,c-1158,1749.72,completed,BR,2026-08-11T22:50:00Z,2026-08-11
o-006726,c-1360,1280.58,completed,BR,2026-06-25T20:22:00Z,2026-06-26
o-006727,c-1844,462.56,completed,BR,2026-06-14T15:54:00Z,2026-06-15
o-006728,c-1796,2440.01,completed,BR,2026-07-12T13:22:00Z,2026-07-12
o-006729,c-1269,747.04,completed,BR,2026-05-28T11:07:00Z,2026-05-29
o-006730,c-0255,1467.88,completed,BR,2026-07-04T02:11:00Z,2026-07-04
o-006731,c-1771,2275.66,completed,BR,2026-06-22T10:14:00Z,2026-06-23
o-006732,c-0949,935.98,completed,BR,2026-07-23T15:28:00Z,2026-07-23
o-006733,c-0514,2258.49,pending,BR,2026-06-08T12:51:00Z,2026-06-09
o-006734,c-1090,2136.25,completed,BR,2026-06-18T21:04:00Z,2026-06-18
o-006735,c-0614,1773.60,completed,BR,2026-08-07T02:16:00Z,2026-08-07
o-006736,c-0964,2281.59,completed,BR,2026-08-18T20:11:00Z,2026-08-18
o-006737,c-1958,1972.28,completed,BR,2026-08-15T18:38:00Z,2026-08-15
o-006738,c-0986,2106.71,cancelled,BR,2026-07-12T22:26:00Z,2026-07-13
o-006739,c-1706,1672.92,completed,BR,2026-06-03T14:07:00Z,2026-06-03
o-006740,c-0594,1921.28,completed,BR,2026-07-16T16:42:00Z,2026-07-16
o-006741,c-1603,2473.98,completed,BR,2026-06-11T11:48:00Z,2026-06-11
o-006742,c-0793,2325.94,pending,BR,2026-08-04T11:45:00Z,2026-08-04
o-006743,c-1810,909.21,completed,BR,2026-07-10T15:13:00Z,2026-07-11
o-006744,c-1494,31.25,cancelled,BR,2026-06-03T23:03:00Z,2026-06-04
o-006745,c-0361,1308.87,completed,BR,2026-08-07T09:51:00Z,2026-08-08
o-006746,c-1723,968.09,cancelled,BR,2026-07-15T23:43:00Z,2026-07-15
o-006747,c-0376,1701.26,completed,BR,2026-08-09T22:40:00Z,2026-08-09
o-006748,c-1345,1015.18,cancelled,BR,2026-06-05T18:25:00Z,2026-06-05
o-006749,c-1763,2405.37,completed,BR,2026-07-12T22:19:00Z,2026-07-13
o-006750,c-0457,1452.34,pending,BR,2026-08-05T10:04:00Z,2026-08-06
o-006751,c-0806,2222.24,completed,BR,2026-05-25T01:41:00Z,2026-05-26
o-006752,c-0412,978.22,completed,BR,2026-06-07T01:22:00Z,2026-06-07
o-006753,c-0797,651.15,completed,BR,2026-07-21T23:51:00Z,2026-07-21
o-006754,c-1785,754.65,cancelled,BR,2026-06-05T02:13:00Z,2026-06-06
o-006755,c-1568,2159.57,pending,BR,2026-08-19T23:30:00Z,2026-08-19
o-006756,c-1238,1041.96,cancelled,BR,2026-07-23T20:56:00Z,2026-07-23
o-006757,c-1568,2005.52,completed,BR,2026-07-31T12:28:00Z,2026-08-01
o-006758,c-0961,1743.95,completed,BR,2026-06-30T16:37:00Z,2026-06-30
o-006759,c-0972,227.48,completed,BR,2026-08-06T19:24:00Z,2026-08-06
o-006760,c-0667,734.64,completed,BR,2026-07-23T00:03:00Z,2026-07-23
o-006761,c-1176,621.98,pending,BR,2026-06-05T06:08:00Z,2026-06-06
o-006762,c-1044,1431.96,completed,BR,2026-06-25T13:01:00Z,2026-06-25
o-006763,c-0132,628.04,pending,BR,2026-07-30T09:04:00Z,2026-07-31
o-006764,c-1024,1207.66,completed,BR,2026-08-08T02:33:00Z,2026-08-09
o-006765,c-0354,1752.46,completed,BR,2026-05-31T23:37:00Z,2026-06-01
o-006766,c-1632,1037.12,completed,BR,2026-07-17T21:58:00Z,2026-07-18
o-006767,c-0689,1397.15,completed,BR,2026-06-20T22:23:00Z,2026-06-21
o-006768,c-1809,328.47,completed,BR,2026-08-02T15:42:00Z,2026-08-02
o-006769,c-1781,2470.86,completed,BR,2026-05-23T21:09:00Z,2026-05-23
o-006770,c-1121,1946.74,completed,BR,2026-08-08T07:51:00Z,2026-08-08
o-006771,c-0731,2376.56,completed,BR,2026-07-18T16:39:00Z,2026-07-19
o-006772,c-0213,939.54,pending,BR,2026-07-06T19:41:00Z,2026-07-07
o-006773,c-0616,1213.64,completed,BR,2026-07-29T21:19:00Z,2026-07-30
o-006774,c-0545,1033.84,completed,BR,2026-07-03T01:29:00Z,2026-07-03
o-006775,c-1837,1302.20,completed,BR,2026-05-24T03:35:00Z,2026-05-25
o-006776,c-1487,1712.31,completed,BR,2026-05-29T17:30:00Z,2026-05-30
o-006777,c-0826,1851.39,pending,BR,2026-07-06T00:47:00Z,2026-07-07
o-006778,c-1112,282.23,completed,BR,2026-07-29T00:06:00Z,2026-07-29
o-006779,c-1152,2261.68,completed,BR,2026-08-18T13:31:00Z,2026-08-19
o-006780,c-1647,2415.67,completed,BR,2026-07-17T02:37:00Z,2026-07-17
o-006781,c-0915,1330.82,pending,BR,2026-08-01T13:24:00Z,2026-08-01
o-006782,c-1700,963.32,completed,BR,2026-07-11T10:15:00Z,2026-07-11
o-006783,c-0480,754.37,completed,BR,2026-06-27T23:36:00Z,2026-06-28
o-006784,c-1995,576.03,cancelled,BR,2026-08-04T04:09:00Z,2026-08-05
o-006785,c-1884,2231.87,completed,BR,2026-08-09T02:22:00Z,2026-08-09
o-006786,c-0372,550.35,completed,BR,2026-08-01T20:31:00Z,2026-08-01
o-006787,c-0591,2467.42,completed,BR,2026-06-13T03:38:00Z,2026-06-14
o-006788,c-0018,802.13,completed,BR,2026-06-24T15:08:00Z,2026-06-25
o-006789,c-0055,1562.66,pending,BR,2026-08-13T18:27:00Z,2026-08-13
o-006790,c-1219,194.71,completed,BR,2026-08-06T15:28:00Z,2026-08-06
o-006791,c-2000,2425.75,completed,BR,2026-08-04T17:48:00Z,2026-08-05
o-006792,c-1190,291.55,completed,BR,2026-07-18T09:31:00Z,2026-07-18
o-006793,c-0797,1092.41,completed,BR,2026-07-18T20:33:00Z,2026-07-19
o-006794,c-1074,1128.75,completed,BR,2026-08-07T21:43:00Z,2026-08-08
o-006795,c-1850,1638.18,completed,BR,2026-06-06T07:07:00Z,2026-06-07
o-006796,c-1965,659.80,cancelled,BR,2026-08-07T12:04:00Z,2026-08-08
o-006797,c-0498,2111.42,completed,BR,2026-07-05T15:16:00Z,2026-07-06
o-006798,c-0977,1211.01,completed,BR,2026-08-12T05:05:00Z,2026-08-12
o-006799,c-0456,1271.43,completed,BR,2026-07-18T11:24:00Z,2026-07-18
o-006800,c-1609,2143.71,completed,BR,2026-08-01T18:53:00Z,2026-08-02
o-006801,c-0681,936.42,completed,BR,2026-08-16T17:54:00Z,2026-08-16
o-006802,c-0260,1827.53,pending,BR,2026-05-28T20:49:00Z,2026-05-28
o-006803,c-1881,154.04,completed,BR,2026-07-02T09:22:00Z,2026-07-02
o-006804,c-0898,579.14,completed,BR,2026-07-08T09:02:00Z,2026-07-09
o-006805,c-1494,1420.35,completed,BR,2026-06-27T09:59:00Z,2026-06-27
o-006806,c-0595,1024.83,pending,BR,2026-07-22T03:08:00Z,2026-07-22
o-006807,c-1250,589.56,cancelled,BR,2026-05-30T13:21:00Z,2026-05-30
o-006808,c-0415,932.79,pending,BR,2026-07-09T19:30:00Z,2026-07-10
o-006809,c-1911,2267.58,completed,BR,2026-07-31T00:36:00Z,2026-08-01
o-006810,c-1661,395.29,completed,BR,2026-06-07T19:25:00Z,2026-06-07
o-006811,c-1076,1227.77,completed,BR,2026-08-11T10:40:00Z,2026-08-12
o-006812,c-1033,1630.84,completed,BR,2026-08-20T15:12:00Z,2026-08-21
o-006813,c-1745,2348.93,completed,BR,2026-08-06T15:29:00Z,2026-08-06
o-006814,c-1190,1604.86,completed,BR,2026-06-23T13:54:00Z,2026-06-24
o-006815,c-0844,72.93,completed,BR,2026-08-03T15:32:00Z,2026-08-04
o-006816,c-1905,840.77,completed,BR,2026-05-30T21:41:00Z,2026-05-31
o-006817,c-0569,2489.90,completed,BR,2026-07-18T22:08:00Z,2026-07-19
o-006818,c-0322,2363.16,pending,BR,2026-05-26T21:05:00Z,2026-05-26
o-006819,c-1903,1106.40,completed,BR,2026-06-15T22:09:00Z,2026-06-16
o-006820,c-0729,373.55,completed,BR,2026-07-06T09:24:00Z,2026-07-06
o-006821,c-0033,834.75,completed,BR,2026-06-02T23:22:00Z,2026-06-03
o-006822,c-1024,307.06,completed,BR,2026-07-02T06:37:00Z,2026-07-03
o-006823,c-0338,698.51,completed,BR,2026-08-01T02:45:00Z,2026-08-02
o-006824,c-1374,90.58,completed,BR,2026-07-26T09:00:00Z,2026-07-27
o-006825,c-0675,1781.04,pending,BR,2026-08-19T17:51:00Z,2026-08-19
o-006826,c-0747,493.51,completed,BR,2026-08-10T20:30:00Z,2026-08-10
o-006827,c-0896,1306.33,pending,BR,2026-07-09T01:49:00Z,2026-07-10
o-006828,c-1518,1747.05,completed,BR,2026-06-02T06:54:00Z,2026-06-02
o-006829,c-0838,1516.99,completed,BR,2026-05-31T04:34:00Z,2026-05-31
o-006830,c-0651,973.38,completed,BR,2026-07-19T00:52:00Z,2026-07-19
o-006831,c-0991,2163.31,completed,BR,2026-07-04T07:28:00Z,2026-07-04
o-006832,c-0229,725.52,cancelled,BR,2026-08-04T05:19:00Z,2026-08-04
o-006833,c-0457,1185.47,completed,BR,2026-05-23T13:44:00Z,2026-05-23
o-006834,c-1160,93.17,cancelled,BR,2026-07-09T16:13:00Z,2026-07-09
o-006835,c-0836,1400.37,completed,BR,2026-07-26T06:55:00Z,2026-07-27
o-006836,c-1595,2333.85,completed,BR,2026-06-07T13:28:00Z,2026-06-07
o-006837,c-0408,1341.65,completed,BR,2026-08-16T13:02:00Z,2026-08-17
o-006838,c-0973,1204.47,cancelled,BR,2026-07-06T18:22:00Z,2026-07-07
o-006839,c-1607,612.57,cancelled,BR,2026-07-03T09:06:00Z,2026-07-03
o-006840,c-0653,2358.89,pending,BR,2026-08-16T14:30:00Z,2026-08-16
o-006841,c-0725,2443.17,completed,BR,2026-06-14T10:44:00Z,2026-06-14
o-006842,c-0053,1572.32,cancelled,BR,2026-07-03T16:28:00Z,2026-07-03
o-006843,c-0433,859.82,completed,BR,2026-07-08T15:40:00Z,2026-07-08
o-006844,c-0096,1318.36,completed,BR,2026-06-06T00:50:00Z,2026-06-07
o-006845,c-0176,927.77,pending,BR,2026-06-30T18:15:00Z,2026-06-30
o-006846,c-0832,950.54,completed,BR,2026-06-07T13:49:00Z,2026-06-07
o-006847,c-0177,861.47,completed,BR,2026-07-10T13:05:00Z,2026-07-10
o-006848,c-1327,714.91,completed,BR,2026-07-18T21:41:00Z,2026-07-19
o-006849,c-0093,110.02,pending,BR,2026-07-01T10:35:00Z,2026-07-02
o-006850,c-0070,2372.66,completed,BR,2026-06-09T04:40:00Z,2026-06-10
o-006851,c-0048,1018.31,pending,BR,2026-08-10T21:02:00Z,2026-08-11
o-006852,c-0636,1519.42,completed,BR,2026-06-22T10:27:00Z,2026-06-23
o-006853,c-1514,1741.55,pending,BR,2026-07-26T01:58:00Z,2026-07-26
o-006854,c-1615,1640.26,completed,BR,2026-06-19T12:18:00Z,2026-06-20
o-006855,c-0287,2177.72,completed,BR,2026-07-03T16:58:00Z,2026-07-03
o-006856,c-0993,100.76,pending,BR,2026-06-22T11:04:00Z,2026-06-23
o-006857,c-1785,1608.84,completed,BR,2026-06-26T20:40:00Z,2026-06-27
o-006858,c-0823,1757.36,completed,BR,2026-05-27T01:46:00Z,2026-05-27
o-006859,c-0533,895.63,completed,BR,2026-08-01T00:17:00Z,2026-08-02
o-006860,c-1016,1581.76,pending,BR,2026-06-05T09:00:00Z,2026-06-06
o-006861,c-0225,1848.16,completed,BR,2026-08-05T16:28:00Z,2026-08-05
o-006862,c-0151,1247.05,completed,BR,2026-08-06T16:07:00Z,2026-08-07
o-006863,c-1986,1018.68,completed,BR,2026-08-02T03:14:00Z,2026-08-02
o-006864,c-0471,2145.54,completed,BR,2026-07-10T19:06:00Z,2026-07-10
o-006865,c-1126,244.35,completed,BR,2026-07-10T08:20:00Z,2026-07-11
o-006866,c-1900,1025.09,cancelled,BR,2026-07-09T14:14:00Z,2026-07-09
o-006867,c-0318,2165.87,completed,BR,2026-06-05T04:28:00Z,2026-06-06
o-006868,c-1216,1253.94,completed,BR,2026-06-12T18:22:00Z,2026-06-13
o-006869,c-1622,1865.29,completed,BR,2026-07-01T15:17:00Z,2026-07-02
o-006870,c-0077,1390.66,completed,BR,2026-08-13T16:39:00Z,2026-08-14
o-006871,c-0246,1168.29,completed,BR,2026-06-20T02:48:00Z,2026-06-21
o-006872,c-1586,1242.61,cancelled,BR,2026-05-27T08:11:00Z,2026-05-28
o-006873,c-1921,2359.63,completed,BR,2026-06-24T14:05:00Z,2026-06-25
o-006874,c-0682,97.05,completed,BR,2026-06-05T11:11:00Z,2026-06-06
o-006875,c-0536,713.40,completed,BR,2026-08-15T16:47:00Z,2026-08-15
o-006876,c-1228,2257.80,completed,BR,2026-08-07T09:46:00Z,2026-08-08
o-006877,c-0527,220.35,completed,BR,2026-08-04T03:53:00Z,2026-08-04
o-006878,c-1909,1827.08,completed,BR,2026-05-28T08:38:00Z,2026-05-29
o-006879,c-1697,1074.29,completed,BR,2026-06-16T17:51:00Z,2026-06-16
o-006880,c-0910,620.09,completed,BR,2026-07-03T23:10:00Z,2026-07-04
o-006881,c-1842,438.18,completed,BR,2026-07-15T00:45:00Z,2026-07-16
o-006882,c-0577,1651.44,completed,BR,2026-07-17T08:54:00Z,2026-07-18
o-006883,c-0007,1992.91,completed,BR,2026-06-07T06:22:00Z,2026-06-07
o-006884,c-0579,391.53,completed,BR,2026-07-11T02:35:00Z,2026-07-11
o-006885,c-0294,2044.05,completed,BR,2026-06-11T02:13:00Z,2026-06-12
o-006886,c-1923,311.59,completed,BR,2026-07-06T02:53:00Z,2026-07-06
o-006887,c-1179,1669.20,completed,BR,2026-06-08T20:23:00Z,2026-06-08
o-006888,c-1775,1205.70,completed,BR,2026-07-13T17:32:00Z,2026-07-13
o-006889,c-1046,2262.32,completed,BR,2026-07-29T05:44:00Z,2026-07-29
o-006890,c-0899,395.10,completed,BR,2026-07-12T06:13:00Z,2026-07-13
o-006891,c-0067,1732.20,completed,BR,2026-08-10T06:31:00Z,2026-08-10
o-006892,c-1502,1958.62,completed,BR,2026-07-22T05:28:00Z,2026-07-22
o-006893,c-0500,390.85,completed,BR,2026-07-19T14:58:00Z,2026-07-20
o-006894,c-0900,732.09,pending,BR,2026-07-04T16:50:00Z,2026-07-04
o-006895,c-1190,1588.22,completed,BR,2026-07-11T17:28:00Z,2026-07-12
o-006896,c-1542,739.09,completed,BR,2026-08-04T09:17:00Z,2026-08-04
o-006897,c-1613,186.94,completed,BR,2026-07-06T20:56:00Z,2026-07-07
o-006898,c-0322,2470.53,pending,BR,2026-07-13T13:32:00Z,2026-07-14
o-006899,c-1453,2038.38,cancelled,BR,2026-05-23T21:21:00Z,2026-05-23
o-006900,c-0829,1624.59,pending,BR,2026-08-13T16:13:00Z,2026-08-13
o-006901,c-0066,482.52,completed,BR,2026-06-18T03:30:00Z,2026-06-19
o-006902,c-1223,41.96,completed,BR,2026-05-28T06:35:00Z,2026-05-28
o-006903,c-0388,503.27,completed,BR,2026-08-16T23:06:00Z,2026-08-16
o-006904,c-0216,998.04,completed,BR,2026-05-24T05:15:00Z,2026-05-25
o-006905,c-0277,1346.68,pending,BR,2026-08-07T07:32:00Z,2026-08-08
o-006906,c-1956,488.90,completed,BR,2026-06-27T21:57:00Z,2026-06-27
o-006907,c-1154,1212.64,cancelled,BR,2026-07-08T15:15:00Z,2026-07-09
o-006908,c-1658,221.03,completed,BR,2026-06-02T00:43:00Z,2026-06-03
o-006909,c-1587,1068.64,completed,BR,2026-06-15T07:45:00Z,2026-06-16
o-006910,c-0724,153.71,completed,BR,2026-06-10T13:58:00Z,2026-06-10
o-006911,c-1659,363.16,pending,BR,2026-07-25T17:40:00Z,2026-07-25
o-006912,c-0297,2333.08,cancelled,BR,2026-06-05T20:50:00Z,2026-06-05
o-006913,c-1780,2395.93,completed,BR,2026-08-13T03:50:00Z,2026-08-13
o-006914,c-0691,112.56,completed,BR,2026-05-31T01:33:00Z,2026-06-01
o-006915,c-0068,198.08,pending,BR,2026-08-09T18:31:00Z,2026-08-09
o-006916,c-0809,344.19,completed,BR,2026-07-29T02:02:00Z,2026-07-30
o-006917,c-1316,887.78,pending,BR,2026-07-16T16:25:00Z,2026-07-17
o-006918,c-1911,938.55,cancelled,BR,2026-06-19T13:35:00Z,2026-06-19
o-006919,c-1563,981.38,cancelled,BR,2026-08-17T05:07:00Z,2026-08-18
o-006920,c-0086,1109.10,completed,BR,2026-06-17T01:33:00Z,2026-06-18
o-006921,c-0170,2309.21,pending,BR,2026-08-05T00:12:00Z,2026-08-05
o-006922,c-1235,2234.68,completed,BR,2026-05-29T10:54:00Z,2026-05-30
o-006923,c-0363,997.52,completed,BR,2026-05-23T20:11:00Z,2026-05-24
o-006924,c-1009,717.11,pending,BR,2026-08-14T14:39:00Z,2026-08-14
o-006925,c-0130,581.44,completed,BR,2026-07-30T03:56:00Z,2026-07-31
o-006926,c-1924,439.41,completed,BR,2026-06-18T05:08:00Z,2026-06-19
o-006927,c-1374,1699.11,cancelled,BR,2026-07-03T08:02:00Z,2026-07-03
o-006928,c-0608,1483.68,pending,BR,2026-06-23T17:43:00Z,2026-06-24
o-006929,c-1003,1928.29,completed,BR,2026-06-22T20:05:00Z,2026-06-23
o-006930,c-1613,781.66,completed,BR,2026-07-20T17:03:00Z,2026-07-20
o-006931,c-0974,2035.91,pending,BR,2026-08-04T05:47:00Z,2026-08-05
o-006932,c-1544,1074.12,completed,BR,2026-08-07T16:15:00Z,2026-08-08
o-006933,c-1725,879.21,cancelled,BR,2026-08-14T11:41:00Z,2026-08-14
o-006934,c-0574,2079.79,completed,BR,2026-06-23T17:31:00Z,2026-06-24
o-006935,c-0080,38.96,pending,BR,2026-07-21T01:39:00Z,2026-07-21
o-006936,c-1499,474.77,completed,BR,2026-06-10T03:40:00Z,2026-06-10
o-006937,c-1626,571.42,completed,BR,2026-08-06T22:32:00Z,2026-08-06
o-006938,c-0580,486.40,completed,BR,2026-07-09T21:26:00Z,2026-07-10
o-006939,c-0542,50.87,completed,BR,2026-07-01T12:01:00Z,2026-07-01
o-006940,c-1816,1547.13,completed,BR,2026-06-18T10:11:00Z,2026-06-18
o-006941,c-1740,2340.18,completed,BR,2026-06-14T12:03:00Z,2026-06-14
o-006942,c-0159,2474.28,pending,BR,2026-06-08T12:25:00Z,2026-06-08
o-006943,c-0474,296.84,completed,BR,2026-05-29T17:09:00Z,2026-05-29
o-006944,c-0216,24.47,completed,BR,2026-08-19T14:07:00Z,2026-08-20
o-006945,c-0649,1165.45,pending,BR,2026-05-28T10:48:00Z,2026-05-28
o-006946,c-1237,1666.36,completed,BR,2026-05-26T17:04:00Z,2026-05-26
o-006947,c-0012,2104.56,pending,BR,2026-07-04T13:49:00Z,2026-07-05
o-006948,c-1635,2022.44,completed,BR,2026-06-12T13:14:00Z,2026-06-13
o-006949,c-1225,925.86,completed,BR,2026-07-17T07:23:00Z,2026-07-17
o-006950,c-0541,278.02,completed,BR,2026-05-26T04:45:00Z,2026-05-26
o-006951,c-1652,2321.50,completed,BR,2026-07-10T15:06:00Z,2026-07-10
o-006952,c-0813,1038.46,pending,BR,2026-05-25T05:18:00Z,2026-05-25
o-006953,c-1981,487.21,pending,BR,2026-07-18T14:18:00Z,2026-07-18
o-006954,c-1361,756.03,completed,BR,2026-07-22T02:31:00Z,2026-07-23
o-006955,c-0393,382.14,completed,BR,2026-08-18T19:59:00Z,2026-08-19
o-006956,c-1422,1981.99,pending,BR,2026-06-12T12:07:00Z,2026-06-13
o-006957,c-1080,1164.15,cancelled,BR,2026-08-10T22:58:00Z,2026-08-10
o-006958,c-0822,2040.10,completed,BR,2026-06-23T03:30:00Z,2026-06-23
o-006959,c-0650,2165.09,completed,BR,2026-05-31T08:10:00Z,2026-06-01
o-006960,c-0238,397.25,completed,BR,2026-07-26T09:23:00Z,2026-07-27
o-006961,c-1979,1044.09,completed,BR,2026-08-17T06:28:00Z,2026-08-17
o-006962,c-1891,1853.97,pending,BR,2026-06-25T02:36:00Z,2026-06-25
o-006963,c-1398,1027.62,completed,BR,2026-07-01T10:41:00Z,2026-07-01
o-006964,c-1112,882.95,pending,BR,2026-05-23T06:16:00Z,2026-05-23
o-006965,c-1829,310.00,cancelled,BR,2026-06-03T15:25:00Z,2026-06-03
o-006966,c-0946,77.17,completed,BR,2026-08-14T01:07:00Z,2026-08-14
o-006967,c-1377,318.68,completed,BR,2026-06-20T02:42:00Z,2026-06-20
o-006968,c-0932,410.02,cancelled,BR,2026-07-02T15:37:00Z,2026-07-03
o-006969,c-0733,2387.77,completed,BR,2026-05-24T00:04:00Z,2026-05-24
o-006970,c-1364,1937.61,completed,BR,2026-07-02T09:54:00Z,2026-07-02
o-006971,c-1600,1000.03,completed,BR,2026-07-18T17:52:00Z,2026-07-18
o-006972,c-1745,730.82,completed,BR,2026-06-27T06:17:00Z,2026-06-27
o-006973,c-0621,2401.18,completed,BR,2026-05-31T03:16:00Z,2026-06-01
o-006974,c-0650,2194.74,completed,BR,2026-07-17T04:17:00Z,2026-07-17
o-006975,c-0260,575.92,pending,BR,2026-08-13T13:57:00Z,2026-08-14
o-006976,c-0259,1857.15,pending,BR,2026-07-16T16:16:00Z,2026-07-17
o-006977,c-0113,564.67,pending,BR,2026-08-07T11:06:00Z,2026-08-08
o-006978,c-1257,376.28,completed,BR,2026-08-19T13:25:00Z,2026-08-20
o-006979,c-0301,166.25,pending,BR,2026-06-28T13:16:00Z,2026-06-29
o-006980,c-0386,1904.32,completed,BR,2026-07-17T08:37:00Z,2026-07-18
o-006981,c-0020,1078.22,pending,BR,2026-08-13T09:06:00Z,2026-08-13
o-006982,c-1416,2204.72,completed,BR,2026-08-14T03:59:00Z,2026-08-14
o-006983,c-1315,1687.37,completed,BR,2026-06-22T20:06:00Z,2026-06-22
o-006984,c-1939,1243.43,completed,BR,2026-08-18T01:40:00Z,2026-08-19
o-006985,c-1097,1073.45,pending,BR,2026-07-03T14:47:00Z,2026-07-04
o-006986,c-0110,283.13,pending,BR,2026-07-29T07:00:00Z,2026-07-30
o-006987,c-0219,1740.27,completed,BR,2026-06-27T20:18:00Z,2026-06-28
o-006988,c-0628,2095.35,completed,BR,2026-06-26T22:14:00Z,2026-06-27
o-006989,c-1341,2075.30,pending,BR,2026-07-22T07:27:00Z,2026-07-23
o-006990,c-0071,238.98,completed,BR,2026-07-08T04:53:00Z,2026-07-09
o-006991,c-1714,607.34,completed,BR,2026-08-20T15:51:00Z,2026-08-21
o-006992,c-0100,639.01,completed,BR,2026-08-03T06:30:00Z,2026-08-03
o-006993,c-0170,2280.28,completed,BR,2026-07-03T19:25:00Z,2026-07-04
o-006994,c-0551,1612.44,pending,BR,2026-07-07T05:36:00Z,2026-07-07
o-006995,c-0671,1812.03,completed,BR,2026-07-07T01:38:00Z,2026-07-08
o-006996,c-0990,2304.64,completed,BR,2026-05-31T16:17:00Z,2026-06-01
o-006997,c-1495,387.53,completed,BR,2026-05-29T12:13:00Z,2026-05-29
o-006998,c-0590,197.03,cancelled,BR,2026-06-04T02:38:00Z,2026-06-05
o-006999,c-1766,677.17,pending,BR,2026-08-12T12:11:00Z,2026-08-13
o-007000,c-1051,1616.97,pending,BR,2026-05-26T16:34:00Z,2026-05-26
o-007001,c-0807,1258.24,completed,BR,2026-06-07T04:42:00Z,2026-06-07
o-007002,c-0943,2341.69,completed,BR,2026-06-09T17:09:00Z,2026-06-09
o-007003,c-0430,607.33,completed,BR,2026-07-04T12:31:00Z,2026-07-05
o-007004,c-0281,868.81,pending,BR,2026-06-19T16:54:00Z,2026-06-20
o-007005,c-1932,1892.89,completed,BR,2026-07-16T05:44:00Z,2026-07-17
o-007006,c-1433,294.74,cancelled,BR,2026-06-03T06:17:00Z,2026-06-03
o-007007,c-1018,1633.51,completed,BR,2026-06-10T06:20:00Z,2026-06-11
o-007008,c-0477,1750.35,pending,BR,2026-06-15T03:43:00Z,2026-06-16
o-007009,c-1480,381.90,completed,BR,2026-06-15T01:28:00Z,2026-06-15
o-007010,c-1836,1205.46,completed,BR,2026-08-14T16:29:00Z,2026-08-14
o-007011,c-1265,1773.73,completed,BR,2026-07-05T01:55:00Z,2026-07-06
o-007012,c-1161,344.17,cancelled,BR,2026-07-04T07:55:00Z,2026-07-04
o-007013,c-1769,1916.38,completed,BR,2026-08-19T23:43:00Z,2026-08-20
o-007014,c-1013,1521.45,cancelled,BR,2026-08-08T07:25:00Z,2026-08-09
o-007015,c-1376,1960.34,completed,BR,2026-07-20T18:22:00Z,2026-07-21
o-007016,c-0306,560.20,pending,BR,2026-06-04T13:43:00Z,2026-06-04
o-007017,c-0262,1459.57,completed,BR,2026-07-03T03:06:00Z,2026-07-03
o-007018,c-0491,1640.73,completed,BR,2026-05-26T15:21:00Z,2026-05-26
o-007019,c-0764,2364.12,completed,BR,2026-06-14T08:25:00Z,2026-06-15
o-007020,c-1956,1315.55,pending,BR,2026-06-28T22:46:00Z,2026-06-28
o-007021,c-0350,531.77,pending,BR,2026-06-08T05:14:00Z,2026-06-08
o-007022,c-1857,88.28,completed,BR,2026-06-23T16:48:00Z,2026-06-24
o-007023,c-1816,1761.16,pending,BR,2026-05-30T23:36:00Z,2026-05-31
o-007024,c-0425,1463.99,pending,BR,2026-06-23T15:00:00Z,2026-06-24
o-007025,c-1151,2195.55,cancelled,BR,2026-06-18T15:39:00Z,2026-06-18
o-007026,c-0254,566.85,cancelled,BR,2026-07-16T23:35:00Z,2026-07-16
o-007027,c-0288,942.58,completed,BR,2026-05-23T19:51:00Z,2026-05-23
o-007028,c-0915,173.68,completed,BR,2026-06-21T02:59:00Z,2026-06-22
o-007029,c-1726,1360.92,completed,BR,2026-08-07T17:35:00Z,2026-08-07
o-007030,c-1107,12.77,completed,BR,2026-06-27T20:28:00Z,2026-06-27
o-007031,c-1114,312.64,completed,BR,2026-06-18T14:03:00Z,2026-06-19
o-007032,c-1178,670.12,completed,BR,2026-07-08T10:19:00Z,2026-07-08
o-007033,c-0901,2141.52,pending,BR,2026-05-24T00:20:00Z,2026-05-24
o-007034,c-1881,893.41,completed,BR,2026-07-26T16:08:00Z,2026-07-26
o-007035,c-1879,663.18,pending,BR,2026-08-16T03:49:00Z,2026-08-16
o-007036,c-1368,1390.74,completed,BR,2026-08-14T23:14:00Z,2026-08-15
o-007037,c-0119,2015.90,completed,BR,2026-07-30T08:31:00Z,2026-07-31
o-007038,c-1212,2438.34,pending,BR,2026-07-05T16:31:00Z,2026-07-06
o-007039,c-0449,1163.92,cancelled,BR,2026-07-16T09:06:00Z,2026-07-17
o-007040,c-1811,2125.33,cancelled,BR,2026-06-19T23:02:00Z,2026-06-20
o-007041,c-1581,45.26,completed,BR,2026-08-18T15:03:00Z,2026-08-19
o-007042,c-0437,1915.05,completed,BR,2026-06-04T18:50:00Z,2026-06-04
o-007043,c-1472,1079.72,completed,BR,2026-06-05T18:21:00Z,2026-06-06
o-007044,c-1523,554.45,completed,BR,2026-07-24T06:46:00Z,2026-07-24
o-007045,c-1723,479.83,completed,BR,2026-06-21T15:31:00Z,2026-06-21
o-007046,c-1992,1168.95,pending,BR,2026-06-19T15:36:00Z,2026-06-19
o-007047,c-0057,1038.35,pending,BR,2026-08-05T04:56:00Z,2026-08-05
o-007048,c-1836,41.35,cancelled,BR,2026-07-09T16:08:00Z,2026-07-09
o-007049,c-0977,363.98,completed,BR,2026-06-15T08:28:00Z,2026-06-16
o-007050,c-0261,749.89,completed,BR,2026-07-23T07:09:00Z,2026-07-24
o-007051,c-1801,1974.40,completed,BR,2026-07-16T10:53:00Z,2026-07-16
o-007052,c-1179,1653.12,completed,BR,2026-06-20T12:51:00Z,2026-06-21
o-007053,c-1279,1591.16,completed,BR,2026-07-19T05:58:00Z,2026-07-19
o-007054,c-1273,867.23,completed,BR,2026-08-15T19:01:00Z,2026-08-15
o-007055,c-0643,1739.83,completed,BR,2026-05-24T17:06:00Z,2026-05-25
o-007056,c-1106,2149.95,cancelled,BR,2026-06-25T08:20:00Z,2026-06-26
o-007057,c-0669,2378.90,completed,BR,2026-08-20T23:34:00Z,2026-08-20
o-007058,c-1689,1824.22,completed,BR,2026-06-15T01:20:00Z,2026-06-16
o-007059,c-0114,2316.74,completed,BR,2026-06-02T11:59:00Z,2026-06-03
o-007060,c-0860,1213.44,cancelled,BR,2026-05-24T18:50:00Z,2026-05-24
o-007061,c-0100,297.02,completed,BR,2026-07-25T10:38:00Z,2026-07-25
o-007062,c-0073,2312.27,completed,BR,2026-06-20T08:55:00Z,2026-06-20
o-007063,c-0621,2183.45,completed,BR,2026-08-11T17:03:00Z,2026-08-12
o-007064,c-1291,1199.49,completed,BR,2026-06-24T08:27:00Z,2026-06-25
o-007065,c-0634,1300.27,completed,BR,2026-05-29T00:02:00Z,2026-05-30
o-007066,c-0077,61.13,completed,BR,2026-06-24T11:16:00Z,2026-06-25
o-007067,c-0789,1323.42,completed,BR,2026-07-30T14:22:00Z,2026-07-30
o-007068,c-0740,1018.69,completed,BR,2026-08-01T18:38:00Z,2026-08-01
o-007069,c-1761,708.64,completed,BR,2026-07-02T14:27:00Z,2026-07-02
o-007070,c-0171,2415.64,completed,BR,2026-08-20T15:38:00Z,2026-08-21
o-007071,c-1513,202.40,cancelled,BR,2026-06-06T05:42:00Z,2026-06-06
o-007072,c-1624,2037.00,completed,BR,2026-08-18T21:23:00Z,2026-08-18
o-007073,c-1141,1689.22,completed,BR,2026-07-04T19:01:00Z,2026-07-05
o-007074,c-0493,276.58,cancelled,BR,2026-07-18T02:49:00Z,2026-07-19
o-007075,c-0526,182.53,completed,BR,2026-06-27T15:51:00Z,2026-06-28
o-007076,c-1755,1916.77,pending,BR,2026-07-11T06:52:00Z,2026-07-11
o-007077,c-1282,104.47,cancelled,BR,2026-06-21T05:44:00Z,2026-06-21
o-007078,c-0250,1461.93,completed,BR,2026-05-30T05:23:00Z,2026-05-31
o-007079,c-1974,942.50,completed,BR,2026-06-24T09:17:00Z,2026-06-25
o-007080,c-1216,1051.45,completed,BR,2026-08-13T16:38:00Z,2026-08-13
o-007081,c-0515,1709.54,completed,BR,2026-08-16T17:14:00Z,2026-08-16
o-007082,c-1042,2237.36,completed,BR,2026-06-03T07:55:00Z,2026-06-04
o-007083,c-1296,321.85,cancelled,BR,2026-08-18T21:17:00Z,2026-08-19
o-007084,c-1912,1782.39,pending,BR,2026-06-12T18:29:00Z,2026-06-13
o-007085,c-1177,235.33,pending,BR,2026-06-30T16:58:00Z,2026-07-01
o-007086,c-0041,2223.23,completed,BR,2026-07-01T12:21:00Z,2026-07-02
o-007087,c-1838,1015.92,pending,BR,2026-08-05T04:41:00Z,2026-08-06
o-007088,c-1148,1854.92,pending,BR,2026-07-25T17:01:00Z,2026-07-26
o-007089,c-1540,613.54,completed,BR,2026-08-12T21:51:00Z,2026-08-13
o-007090,c-0857,2008.00,pending,BR,2026-07-22T06:28:00Z,2026-07-22
o-007091,c-0659,624.34,pending,BR,2026-07-06T03:36:00Z,2026-07-06
o-007092,c-1752,1347.36,completed,BR,2026-06-08T17:36:00Z,2026-06-09
o-007093,c-0628,1106.64,pending,BR,2026-07-17T13:44:00Z,2026-07-18
o-007094,c-1544,148.14,completed,BR,2026-08-06T03:38:00Z,2026-08-06
o-007095,c-1832,915.13,completed,BR,2026-06-24T04:21:00Z,2026-06-24
o-007096,c-0232,1123.57,pending,BR,2026-07-25T00:33:00Z,2026-07-26
o-007097,c-0862,1881.30,completed,BR,2026-08-04T03:01:00Z,2026-08-05
o-007098,c-1733,1633.24,pending,BR,2026-06-19T23:37:00Z,2026-06-20
o-007099,c-0994,120.79,completed,BR,2026-06-27T14:30:00Z,2026-06-28
o-007100,c-1878,2063.08,completed,BR,2026-05-27T11:51:00Z,2026-05-28
o-007101,c-1733,2119.39,cancelled,BR,2026-05-30T04:23:00Z,2026-05-30
o-007102,c-1428,218.45,completed,BR,2026-06-28T08:39:00Z,2026-06-29
o-007103,c-0074,1601.55,pending,BR,2026-08-19T19:56:00Z,2026-08-20
o-007104,c-0939,2031.54,completed,BR,2026-07-11T20:13:00Z,2026-07-12
o-007105,c-0530,2374.70,completed,BR,2026-08-01T08:22:00Z,2026-08-02
o-007106,c-1501,845.39,completed,BR,2026-07-22T12:53:00Z,2026-07-23
o-007107,c-0432,608.85,completed,BR,2026-06-26T05:00:00Z,2026-06-27
o-007108,c-0055,2499.22,pending,BR,2026-06-19T00:43:00Z,2026-06-20
o-007109,c-0329,1178.70,pending,BR,2026-06-08T16:40:00Z,2026-06-08
o-007110,c-0973,975.74,completed,BR,2026-07-26T17:31:00Z,2026-07-26
o-007111,c-1939,1794.88,completed,BR,2026-06-26T05:47:00Z,2026-06-27
o-007112,c-1674,1010.69,completed,BR,2026-07-16T19:34:00Z,2026-07-16
o-007113,c-1614,1592.37,pending,BR,2026-07-17T21:56:00Z,2026-07-18
o-007114,c-0542,1354.69,completed,BR,2026-08-07T09:12:00Z,2026-08-08
o-007115,c-0095,146.30,completed,BR,2026-07-12T03:27:00Z,2026-07-13
o-007116,c-0459,1198.11,pending,BR,2026-07-21T21:33:00Z,2026-07-22
o-007117,c-0286,699.09,completed,BR,2026-06-28T18:04:00Z,2026-06-28
o-007118,c-0798,486.65,completed,BR,2026-08-05T10:01:00Z,2026-08-06
o-007119,c-1645,438.13,completed,BR,2026-07-06T01:06:00Z,2026-07-07
o-007120,c-1242,189.52,completed,BR,2026-07-22T16:03:00Z,2026-07-23
o-007121,c-1280,1276.51,completed,BR,2026-07-23T21:02:00Z,2026-07-23
o-007122,c-1073,162.96,completed,BR,2026-07-01T23:37:00Z,2026-07-01
o-007123,c-0290,525.21,pending,BR,2026-06-30T07:11:00Z,2026-07-01
o-007124,c-1176,2151.84,completed,BR,2026-06-27T19:18:00Z,2026-06-27
o-007125,c-1131,14.43,completed,BR,2026-08-17T18:40:00Z,2026-08-18
o-007126,c-1859,1528.94,completed,BR,2026-08-13T22:11:00Z,2026-08-14
o-007127,c-0862,2253.27,completed,BR,2026-05-31T03:34:00Z,2026-05-31
o-007128,c-1134,1158.06,completed,BR,2026-06-04T08:27:00Z,2026-06-05
o-007129,c-1209,875.45,cancelled,BR,2026-08-14T04:01:00Z,2026-08-14
o-007130,c-1693,580.07,pending,BR,2026-05-30T11:38:00Z,2026-05-31
o-007131,c-0886,1701.54,completed,BR,2026-06-24T04:13:00Z,2026-06-25
o-007132,c-1694,476.27,completed,BR,2026-07-23T11:56:00Z,2026-07-24
o-007133,c-1816,401.75,completed,BR,2026-07-11T07:30:00Z,2026-07-12
o-007134,c-0495,769.70,completed,BR,2026-07-03T01:47:00Z,2026-07-03
o-007135,c-0020,2041.65,pending,BR,2026-07-19T15:50:00Z,2026-07-19
o-007136,c-1401,1983.26,cancelled,BR,2026-08-04T06:52:00Z,2026-08-04
o-007137,c-0822,400.17,completed,BR,2026-07-04T11:12:00Z,2026-07-04
o-007138,c-0870,1111.57,completed,BR,2026-06-27T20:40:00Z,2026-06-28
o-007139,c-1384,1936.19,completed,BR,2026-08-19T14:09:00Z,2026-08-20
o-007140,c-1955,1398.09,completed,BR,2026-07-24T18:56:00Z,2026-07-24
o-007141,c-1503,1277.95,completed,BR,2026-08-03T08:55:00Z,2026-08-03
o-007142,c-1642,432.81,completed,BR,2026-07-17T14:10:00Z,2026-07-18
o-007143,c-0984,646.49,pending,BR,2026-07-11T19:05:00Z,2026-07-11
o-007144,c-0604,49.94,completed,BR,2026-06-13T19:24:00Z,2026-06-14
o-007145,c-0643,460.69,pending,BR,2026-06-04T23:20:00Z,2026-06-05
o-007146,c-0452,190.40,completed,BR,2026-06-10T00:18:00Z,2026-06-10
o-007147,c-0541,198.35,pending,BR,2026-07-20T03:36:00Z,2026-07-20
o-007148,c-0276,1489.88,pending,BR,2026-06-23T22:15:00Z,2026-06-24
o-007149,c-0116,2471.00,completed,BR,2026-07-08T14:33:00Z,2026-07-08
o-007150,c-0597,1552.71,completed,BR,2026-07-07T10:01:00Z,2026-07-07
o-007151,c-1193,527.74,completed,BR,2026-05-31T21:05:00Z,2026-05-31
o-007152,c-1807,288.94,completed,BR,2026-06-30T11:25:00Z,2026-07-01
o-007153,c-1728,566.99,pending,BR,2026-06-20T15:03:00Z,2026-06-20
o-007154,c-1483,1744.90,completed,BR,2026-08-16T22:29:00Z,2026-08-17
o-007155,c-1162,480.44,cancelled,BR,2026-07-19T11:26:00Z,2026-07-19
o-007156,c-1643,1251.67,completed,BR,2026-06-15T03:45:00Z,2026-06-16
o-007157,c-0437,1135.59,completed,BR,2026-08-07T15:51:00Z,2026-08-07
o-007158,c-0171,2104.44,pending,BR,2026-06-04T21:56:00Z,2026-06-05
o-007159,c-1159,433.65,completed,BR,2026-08-01T19:54:00Z,2026-08-01
o-007160,c-1883,2163.37,cancelled,BR,2026-08-17T08:00:00Z,2026-08-17
o-007161,c-0852,197.98,completed,BR,2026-07-04T08:54:00Z,2026-07-05
o-007162,c-1898,1010.14,completed,BR,2026-08-14T10:54:00Z,2026-08-14
o-007163,c-1999,2375.54,completed,BR,2026-07-31T23:02:00Z,2026-08-01
o-007164,c-1698,1180.05,completed,BR,2026-08-02T22:54:00Z,2026-08-02
o-007165,c-1611,86.20,completed,BR,2026-05-29T02:57:00Z,2026-05-30
o-007166,c-1529,609.85,completed,BR,2026-06-06T18:20:00Z,2026-06-07
o-007167,c-0120,2077.17,completed,BR,2026-07-13T19:49:00Z,2026-07-13
o-007168,c-1637,2222.27,pending,BR,2026-07-25T15:38:00Z,2026-07-26
o-007169,c-0855,128.97,completed,BR,2026-07-26T10:24:00Z,2026-07-26
o-007170,c-0649,1183.13,completed,BR,2026-06-26T05:11:00Z,2026-06-27
o-007171,c-0821,2162.96,pending,BR,2026-07-11T18:56:00Z,2026-07-12
o-007172,c-1358,1866.67,completed,BR,2026-06-06T23:48:00Z,2026-06-07
o-007173,c-0692,2132.57,pending,BR,2026-07-28T05:31:00Z,2026-07-29
o-007174,c-0224,1984.37,completed,BR,2026-08-02T03:24:00Z,2026-08-02
o-007175,c-0756,2411.45,completed,BR,2026-06-01T18:31:00Z,2026-06-02
o-007176,c-0726,2276.67,completed,BR,2026-06-13T12:31:00Z,2026-06-14
o-007177,c-1742,2393.90,pending,BR,2026-06-25T08:46:00Z,2026-06-26
o-007178,c-0188,2256.26,cancelled,BR,2026-06-27T23:08:00Z,2026-06-28
o-007179,c-1569,366.65,completed,BR,2026-08-11T00:33:00Z,2026-08-11
o-007180,c-1434,869.64,completed,BR,2026-07-04T03:14:00Z,2026-07-05
o-007181,c-1371,1281.94,completed,BR,2026-06-14T13:32:00Z,2026-06-15
o-007182,c-1798,1545.47,cancelled,BR,2026-05-28T09:09:00Z,2026-05-29
o-007183,c-0129,1030.40,completed,BR,2026-07-26T03:18:00Z,2026-07-26
o-007184,c-1791,2266.73,completed,BR,2026-07-10T21:34:00Z,2026-07-10
o-007185,c-0900,1635.19,completed,BR,2026-07-30T02:57:00Z,2026-07-31
o-007186,c-0451,1067.71,completed,BR,2026-06-11T21:59:00Z,2026-06-11
o-007187,c-1221,1871.85,pending,BR,2026-07-12T13:47:00Z,2026-07-12
o-007188,c-1400,123.19,completed,BR,2026-07-20T02:20:00Z,2026-07-20
o-007189,c-0060,1992.35,completed,BR,2026-06-02T22:53:00Z,2026-06-03
o-007190,c-0713,1895.64,completed,BR,2026-07-30T00:00:00Z,2026-07-31
o-007191,c-1869,1185.76,completed,BR,2026-07-26T09:23:00Z,2026-07-27
o-007192,c-0936,1094.82,completed,BR,2026-07-16T15:30:00Z,2026-07-16
o-007193,c-0888,1072.53,completed,BR,2026-06-03T19:46:00Z,2026-06-03
o-007194,c-1636,2069.83,completed,BR,2026-06-21T09:37:00Z,2026-06-21
o-007195,c-0531,517.23,cancelled,BR,2026-08-06T04:07:00Z,2026-08-07
o-007196,c-0325,1133.93,completed,BR,2026-07-08T19:31:00Z,2026-07-08
o-007197,c-0402,1059.95,pending,BR,2026-06-27T22:03:00Z,2026-06-27
o-007198,c-0350,1719.00,completed,BR,2026-08-06T18:51:00Z,2026-08-07
o-007199,c-1656,720.00,completed,BR,2026-07-12T18:47:00Z,2026-07-12
o-007200,c-0186,445.03,pending,BR,2026-07-05T12:51:00Z,2026-07-05
o-007201,c-0125,1332.63,completed,BR,2026-05-24T17:34:00Z,2026-05-24
o-007202,c-0305,897.40,pending,BR,2026-05-27T02:54:00Z,2026-05-28
o-007203,c-1792,1624.09,completed,BR,2026-08-14T12:45:00Z,2026-08-14
o-007204,c-0938,160.36,cancelled,BR,2026-07-05T19:22:00Z,2026-07-05
o-007205,c-0652,312.51,completed,BR,2026-07-10T02:27:00Z,2026-07-11
o-007206,c-0311,2456.50,completed,BR,2026-07-06T17:55:00Z,2026-07-07
o-007207,c-1892,2184.31,completed,BR,2026-05-29T04:49:00Z,2026-05-30
o-007208,c-0499,2452.14,completed,BR,2026-07-24T06:59:00Z,2026-07-24
o-007209,c-1658,156.23,completed,BR,2026-07-03T08:23:00Z,2026-07-03
o-007210,c-1649,1376.20,cancelled,BR,2026-05-25T12:39:00Z,2026-05-26
o-007211,c-0038,1533.27,completed,BR,2026-07-21T06:52:00Z,2026-07-22
o-007212,c-1867,246.77,pending,BR,2026-06-17T20:56:00Z,2026-06-18
o-007213,c-1827,297.57,completed,BR,2026-05-29T20:00:00Z,2026-05-30
o-007214,c-0798,809.92,completed,BR,2026-06-28T07:54:00Z,2026-06-28
o-007215,c-1956,73.16,completed,BR,2026-07-17T01:14:00Z,2026-07-18
o-007216,c-1714,1627.02,completed,BR,2026-07-30T19:44:00Z,2026-07-31
o-007217,c-1818,100.19,completed,BR,2026-08-18T07:30:00Z,2026-08-19
o-007218,c-1278,1993.02,completed,BR,2026-07-21T19:03:00Z,2026-07-22
o-007219,c-1532,1388.35,completed,BR,2026-06-25T15:00:00Z,2026-06-25
o-007220,c-1001,1638.86,completed,BR,2026-06-12T14:27:00Z,2026-06-13
o-007221,c-0755,288.39,completed,BR,2026-08-18T01:20:00Z,2026-08-18
o-007222,c-1838,2136.37,pending,BR,2026-07-31T10:58:00Z,2026-08-01
o-007223,c-0673,750.46,completed,BR,2026-07-31T16:49:00Z,2026-07-31
o-007224,c-1110,710.46,completed,BR,2026-05-26T12:10:00Z,2026-05-26
o-007225,c-1027,817.13,completed,BR,2026-06-12T11:20:00Z,2026-06-12
o-007226,c-0377,37.80,completed,BR,2026-07-30T11:04:00Z,2026-07-31
o-007227,c-1725,927.64,completed,BR,2026-06-16T10:10:00Z,2026-06-17
o-007228,c-0959,206.15,pending,BR,2026-08-01T16:30:00Z,2026-08-02
o-007229,c-0028,1800.29,completed,BR,2026-08-10T23:44:00Z,2026-08-10
o-007230,c-1797,1328.84,completed,BR,2026-07-27T00:22:00Z,2026-07-27
o-007231,c-1683,727.29,completed,BR,2026-05-23T15:16:00Z,2026-05-23
o-007232,c-0563,1838.77,completed,BR,2026-07-04T13:37:00Z,2026-07-04
o-007233,c-0443,2006.53,completed,BR,2026-07-14T22:39:00Z,2026-07-14
o-007234,c-1607,1936.88,completed,BR,2026-08-05T08:28:00Z,2026-08-05
o-007235,c-1047,1166.34,completed,BR,2026-05-28T18:59:00Z,2026-05-28
o-007236,c-1382,927.23,pending,BR,2026-08-08T01:24:00Z,2026-08-08
o-007237,c-0752,1034.88,completed,BR,2026-05-28T14:05:00Z,2026-05-28
o-007238,c-0618,2074.45,pending,BR,2026-06-18T15:13:00Z,2026-06-19
o-007239,c-1261,220.94,completed,BR,2026-07-30T02:36:00Z,2026-07-30
o-007240,c-1831,1078.48,completed,BR,2026-06-16T13:19:00Z,2026-06-16
o-007241,c-1983,1071.67,completed,BR,2026-06-16T02:42:00Z,2026-06-17
o-007242,c-1846,1849.40,completed,BR,2026-08-07T08:23:00Z,2026-08-08
o-007243,c-1131,1902.77,completed,BR,2026-07-31T18:20:00Z,2026-07-31
o-007244,c-1877,737.40,completed,BR,2026-08-14T03:34:00Z,2026-08-15
o-007245,c-1265,1378.73,completed,BR,2026-07-14T07:15:00Z,2026-07-14
o-007246,c-0264,500.20,completed,BR,2026-06-18T07:52:00Z,2026-06-18
o-007247,c-1417,1297.78,completed,BR,2026-06-22T03:42:00Z,2026-06-23
o-007248,c-0009,1922.45,completed,BR,2026-08-09T23:45:00Z,2026-08-09
o-007249,c-1016,45.31,completed,BR,2026-07-01T07:49:00Z,2026-07-02
o-007250,c-1903,951.94,completed,BR,2026-07-21T01:51:00Z,2026-07-22
o-007251,c-1336,386.32,completed,BR,2026-06-12T14:20:00Z,2026-06-13
o-007252,c-1503,1268.07,completed,BR,2026-07-16T06:26:00Z,2026-07-16
o-007253,c-0731,516.87,cancelled,BR,2026-06-16T16:03:00Z,2026-06-16
o-007254,c-0413,478.82,pending,BR,2026-08-03T14:01:00Z,2026-08-03
o-007255,c-1247,1993.87,completed,BR,2026-06-13T09:29:00Z,2026-06-14
o-007256,c-0104,1579.11,completed,BR,2026-06-04T16:44:00Z,2026-06-05
o-007257,c-0284,265.26,completed,BR,2026-08-15T20:56:00Z,2026-08-16
o-007258,c-1720,474.36,completed,BR,2026-08-18T05:32:00Z,2026-08-18
o-007259,c-1801,1061.93,cancelled,BR,2026-07-11T00:00:00Z,2026-07-12
o-007260,c-1588,2211.12,completed,BR,2026-07-26T21:58:00Z,2026-07-26
o-007261,c-1793,2267.66,completed,BR,2026-05-29T09:46:00Z,2026-05-29
o-007262,c-0757,433.79,completed,BR,2026-07-10T10:32:00Z,2026-07-10
o-007263,c-0865,1367.10,completed,BR,2026-07-19T19:08:00Z,2026-07-19
o-007264,c-1293,717.28,completed,BR,2026-08-09T14:38:00Z,2026-08-10
o-007265,c-0018,546.27,completed,BR,2026-05-30T16:13:00Z,2026-05-31
o-007266,c-1145,1813.58,completed,BR,2026-07-06T23:16:00Z,2026-07-07
o-007267,c-1861,1329.12,completed,BR,2026-08-04T01:52:00Z,2026-08-05
o-007268,c-1838,2361.03,completed,BR,2026-06-24T13:57:00Z,2026-06-25
o-007269,c-1105,945.98,completed,BR,2026-08-12T04:24:00Z,2026-08-12
o-007270,c-0375,254.40,completed,BR,2026-07-26T22:01:00Z,2026-07-27
o-007271,c-1441,1059.13,pending,BR,2026-06-30T01:20:00Z,2026-07-01
o-007272,c-1302,1710.96,completed,BR,2026-05-26T16:31:00Z,2026-05-26
o-007273,c-1725,1758.26,completed,BR,2026-06-14T20:49:00Z,2026-06-15
o-007274,c-1446,2305.31,completed,BR,2026-06-05T04:26:00Z,2026-06-06
o-007275,c-0048,721.89,pending,BR,2026-07-04T10:31:00Z,2026-07-04
o-007276,c-0482,1581.19,completed,BR,2026-06-01T09:52:00Z,2026-06-01
o-007277,c-1993,2426.30,pending,BR,2026-08-16T10:24:00Z,2026-08-16
o-007278,c-0554,1203.78,completed,BR,2026-06-24T07:12:00Z,2026-06-24
o-007279,c-1018,2440.20,completed,BR,2026-06-20T23:51:00Z,2026-06-20
o-007280,c-0721,1624.95,completed,BR,2026-07-14T13:08:00Z,2026-07-14
o-007281,c-1082,775.73,completed,BR,2026-07-18T16:17:00Z,2026-07-19
o-007282,c-0519,2242.71,pending,BR,2026-07-04T14:28:00Z,2026-07-05
o-007283,c-0833,2426.46,completed,BR,2026-08-07T19:44:00Z,2026-08-08
o-007284,c-1047,1657.20,pending,BR,2026-07-05T20:08:00Z,2026-07-06
o-007285,c-1850,862.29,pending,BR,2026-06-11T08:21:00Z,2026-06-12
o-007286,c-0824,1138.77,completed,BR,2026-08-04T19:03:00Z,2026-08-05
o-007287,c-0332,342.50,completed,BR,2026-07-22T19:17:00Z,2026-07-22
o-007288,c-0888,1667.19,completed,BR,2026-06-25T03:14:00Z,2026-06-25
o-007289,c-0898,1794.59,cancelled,BR,2026-08-02T13:42:00Z,2026-08-02
o-007290,c-0485,1542.29,pending,BR,2026-07-30T21:48:00Z,2026-07-31
o-007291,c-0283,392.06,completed,BR,2026-06-24T13:41:00Z,2026-06-25
o-007292,c-0383,1409.68,pending,BR,2026-06-03T01:14:00Z,2026-06-04
o-007293,c-0823,935.45,completed,BR,2026-08-01T01:35:00Z,2026-08-02
o-007294,c-0412,1229.08,cancelled,BR,2026-07-01T18:10:00Z,2026-07-02
o-007295,c-0299,1205.19,completed,BR,2026-05-23T20:25:00Z,2026-05-23
o-007296,c-0108,1825.71,completed,BR,2026-07-16T13:55:00Z,2026-07-17
o-007297,c-1752,978.95,pending,BR,2026-08-05T13:04:00Z,2026-08-06
o-007298,c-1239,1959.05,completed,BR,2026-06-02T00:03:00Z,2026-06-02
o-007299,c-0881,983.61,pending,BR,2026-08-06T10:19:00Z,2026-08-07
o-007300,c-1931,780.90,pending,BR,2026-05-27T01:06:00Z,2026-05-28
o-007301,c-1813,1299.72,completed,BR,2026-07-13T04:41:00Z,2026-07-14
o-007302,c-1490,748.80,pending,BR,2026-08-19T05:51:00Z,2026-08-19
o-007303,c-1867,1618.54,completed,BR,2026-06-08T10:42:00Z,2026-06-09
o-007304,c-1406,2326.97,completed,BR,2026-07-25T06:10:00Z,2026-07-25
o-007305,c-0844,2479.68,completed,BR,2026-07-13T18:56:00Z,2026-07-13
o-007306,c-0094,1874.96,completed,BR,2026-07-30T21:42:00Z,2026-07-31
o-007307,c-1539,2269.65,pending,BR,2026-07-25T02:13:00Z,2026-07-26
o-007308,c-0002,1600.13,completed,BR,2026-05-25T13:17:00Z,2026-05-25
o-007309,c-0303,2446.97,cancelled,BR,2026-06-24T07:19:00Z,2026-06-25
o-007310,c-1563,1680.32,completed,BR,2026-07-17T21:43:00Z,2026-07-18
o-007311,c-0125,2119.18,cancelled,BR,2026-06-28T15:56:00Z,2026-06-29
o-007312,c-1377,2125.18,completed,BR,2026-07-14T00:10:00Z,2026-07-15
o-007313,c-1436,1434.67,completed,BR,2026-08-01T17:46:00Z,2026-08-02
o-007314,c-0704,901.08,completed,BR,2026-08-02T15:59:00Z,2026-08-03
o-007315,c-1155,2330.32,completed,BR,2026-06-25T23:04:00Z,2026-06-26
o-007316,c-1806,811.25,cancelled,BR,2026-07-29T23:50:00Z,2026-07-29
o-007317,c-1563,574.89,pending,BR,2026-06-04T12:59:00Z,2026-06-05
o-007318,c-1493,581.32,cancelled,BR,2026-06-23T20:08:00Z,2026-06-24
o-007319,c-0938,1763.74,completed,BR,2026-06-28T07:14:00Z,2026-06-28
o-007320,c-1215,1757.05,completed,BR,2026-07-20T16:27:00Z,2026-07-21
o-007321,c-1420,1610.67,completed,BR,2026-05-29T09:54:00Z,2026-05-30
o-007322,c-1932,1138.78,completed,BR,2026-08-12T12:46:00Z,2026-08-13
o-007323,c-1871,1552.79,completed,BR,2026-07-27T06:42:00Z,2026-07-28
o-007324,c-0211,1409.49,completed,BR,2026-07-19T20:57:00Z,2026-07-19
o-007325,c-0045,85.32,completed,BR,2026-08-02T09:18:00Z,2026-08-02
o-007326,c-1257,1272.12,completed,BR,2026-06-23T02:24:00Z,2026-06-24
o-007327,c-0269,307.15,completed,BR,2026-07-16T11:32:00Z,2026-07-17
o-007328,c-1967,1513.09,cancelled,BR,2026-05-29T05:18:00Z,2026-05-29
o-007329,c-0004,859.26,completed,BR,2026-08-03T18:36:00Z,2026-08-03
o-007330,c-0741,1918.71,pending,BR,2026-06-25T07:16:00Z,2026-06-26
o-007331,c-1828,950.37,cancelled,BR,2026-08-14T04:49:00Z,2026-08-14
o-007332,c-0588,515.42,completed,BR,2026-05-30T22:55:00Z,2026-05-31
o-007333,c-1417,71.93,pending,BR,2026-07-15T20:13:00Z,2026-07-15
o-007334,c-1926,1835.70,completed,BR,2026-08-09T20:18:00Z,2026-08-09
o-007335,c-0661,2332.73,completed,BR,2026-08-14T08:54:00Z,2026-08-15
o-007336,c-1269,56.27,completed,BR,2026-08-19T23:53:00Z,2026-08-19
o-007337,c-0320,1310.00,completed,BR,2026-06-04T02:11:00Z,2026-06-05
o-007338,c-0632,1595.28,completed,BR,2026-08-15T16:05:00Z,2026-08-16
o-007339,c-0525,660.13,completed,BR,2026-08-01T16:37:00Z,2026-08-01
o-007340,c-1572,1163.68,cancelled,BR,2026-05-29T15:03:00Z,2026-05-30
o-007341,c-1753,75.51,completed,BR,2026-07-09T20:46:00Z,2026-07-09
o-007342,c-1308,1008.44,completed,BR,2026-08-16T06:11:00Z,2026-08-17
o-007343,c-0829,452.37,completed,BR,2026-08-15T06:08:00Z,2026-08-16
o-007344,c-0686,1135.24,completed,BR,2026-07-25T19:33:00Z,2026-07-25
o-007345,c-0523,1848.08,completed,BR,2026-07-27T19:50:00Z,2026-07-27
o-007346,c-0904,1512.64,completed,BR,2026-07-25T21:21:00Z,2026-07-25
o-007347,c-1435,2426.46,completed,BR,2026-08-06T19:27:00Z,2026-08-06
o-007348,c-0797,1416.45,completed,BR,2026-07-28T09:23:00Z,2026-07-29
o-007349,c-0549,273.54,completed,BR,2026-08-06T17:43:00Z,2026-08-06
o-007350,c-1039,2286.63,completed,BR,2026-08-03T04:33:00Z,2026-08-03
o-007351,c-0819,2022.39,pending,BR,2026-05-25T03:26:00Z,2026-05-26
o-007352,c-0215,792.62,pending,BR,2026-07-02T05:30:00Z,2026-07-03
o-007353,c-0915,2131.40,completed,BR,2026-07-25T03:23:00Z,2026-07-26
o-007354,c-1505,563.58,cancelled,BR,2026-06-01T20:28:00Z,2026-06-01
o-007355,c-0146,1983.48,completed,BR,2026-06-30T15:21:00Z,2026-07-01
o-007356,c-1802,163.61,pending,BR,2026-06-04T14:24:00Z,2026-06-05
o-007357,c-1292,131.22,completed,BR,2026-05-25T00:50:00Z,2026-05-25
o-007358,c-0352,1249.29,completed,BR,2026-08-15T19:49:00Z,2026-08-16
o-007359,c-1819,2041.94,completed,BR,2026-07-21T01:49:00Z,2026-07-21
o-007360,c-0719,305.96,completed,BR,2026-07-03T07:32:00Z,2026-07-03
o-007361,c-1792,1625.91,completed,BR,2026-06-04T19:44:00Z,2026-06-04
o-007362,c-0678,2251.35,pending,BR,2026-07-11T19:13:00Z,2026-07-11
o-007363,c-1496,1392.94,completed,BR,2026-08-18T05:45:00Z,2026-08-19
o-007364,c-0588,1690.43,pending,BR,2026-06-15T05:25:00Z,2026-06-16
o-007365,c-0650,490.11,completed,BR,2026-07-06T05:42:00Z,2026-07-07
o-007366,c-1556,1984.06,completed,BR,2026-06-09T21:01:00Z,2026-06-10
o-007367,c-0666,1117.93,completed,BR,2026-06-04T09:55:00Z,2026-06-05
o-007368,c-0515,1637.08,completed,BR,2026-06-06T18:45:00Z,2026-06-07
o-007369,c-1352,679.06,cancelled,BR,2026-08-04T20:24:00Z,2026-08-04
o-007370,c-1297,660.44,completed,BR,2026-06-27T00:36:00Z,2026-06-27
o-007371,c-1571,1235.44,cancelled,BR,2026-06-01T11:28:00Z,2026-06-01
o-007372,c-1364,1592.24,completed,BR,2026-05-23T20:28:00Z,2026-05-23
o-007373,c-0657,1686.40,pending,BR,2026-06-11T11:05:00Z,2026-06-11
o-007374,c-1619,81.14,completed,BR,2026-08-14T17:27:00Z,2026-08-15
o-007375,c-0268,2493.06,completed,BR,2026-08-05T03:17:00Z,2026-08-06
o-007376,c-1698,1855.83,completed,BR,2026-06-01T19:26:00Z,2026-06-02
o-007377,c-1492,1150.50,completed,BR,2026-05-24T02:46:00Z,2026-05-25
o-007378,c-0112,1792.37,completed,BR,2026-05-23T02:00:00Z,2026-05-23
o-007379,c-0804,1636.85,completed,BR,2026-07-10T22:19:00Z,2026-07-11
o-007380,c-0759,1051.04,completed,BR,2026-07-12T11:47:00Z,2026-07-13
o-007381,c-1808,485.49,completed,BR,2026-08-13T15:30:00Z,2026-08-14
o-007382,c-0172,1912.46,completed,BR,2026-07-17T16:20:00Z,2026-07-17
o-007383,c-1623,1882.02,pending,BR,2026-06-22T07:03:00Z,2026-06-23
o-007384,c-1826,2181.77,pending,BR,2026-06-15T03:19:00Z,2026-06-16
o-007385,c-1304,63.45,completed,BR,2026-06-04T12:53:00Z,2026-06-05
o-007386,c-0452,2125.16,pending,BR,2026-06-20T00:20:00Z,2026-06-20
o-007387,c-1590,2188.62,completed,BR,2026-07-31T19:00:00Z,2026-08-01
o-007388,c-1453,1322.82,completed,BR,2026-07-15T04:37:00Z,2026-07-15
o-007389,c-0128,2336.71,pending,BR,2026-07-10T03:22:00Z,2026-07-10
o-007390,c-0981,283.33,pending,BR,2026-07-17T12:07:00Z,2026-07-18
o-007391,c-1237,141.18,completed,BR,2026-07-20T01:21:00Z,2026-07-20
o-007392,c-0552,300.44,completed,BR,2026-08-04T20:54:00Z,2026-08-05
o-007393,c-0908,1523.91,completed,BR,2026-06-05T19:36:00Z,2026-06-06
o-007394,c-0845,1110.70,completed,BR,2026-08-10T12:43:00Z,2026-08-10
o-007395,c-1126,1155.66,completed,BR,2026-05-31T04:09:00Z,2026-05-31
o-007396,c-0038,1285.22,pending,BR,2026-07-31T16:19:00Z,2026-08-01
o-007397,c-0927,2124.53,completed,BR,2026-07-26T04:16:00Z,2026-07-26
o-007398,c-0933,873.80,completed,BR,2026-07-29T23:25:00Z,2026-07-30
o-007399,c-0363,1120.24,completed,BR,2026-07-26T05:44:00Z,2026-07-26
o-007400,c-0026,2182.41,cancelled,BR,2026-08-03T22:28:00Z,2026-08-03
o-007401,c-1842,814.51,completed,BR,2026-07-04T18:22:00Z,2026-07-04
o-007402,c-0237,2031.97,completed,BR,2026-06-19T12:28:00Z,2026-06-19
o-007403,c-1489,1646.38,completed,BR,2026-07-03T12:28:00Z,2026-07-03
o-007404,c-0568,49.32,completed,BR,2026-07-30T05:18:00Z,2026-07-31
o-007405,c-0632,2345.81,completed,BR,2026-06-07T20:15:00Z,2026-06-08
o-007406,c-0164,1053.25,completed,BR,2026-08-03T08:42:00Z,2026-08-03
o-007407,c-1360,2026.55,completed,BR,2026-06-05T11:58:00Z,2026-06-06
o-007408,c-1309,593.35,cancelled,BR,2026-06-02T07:07:00Z,2026-06-02
o-007409,c-0747,269.99,pending,BR,2026-06-22T12:51:00Z,2026-06-22
o-007410,c-0054,693.04,completed,BR,2026-05-29T09:27:00Z,2026-05-30
o-007411,c-0577,1498.07,completed,BR,2026-07-06T21:51:00Z,2026-07-06
o-007412,c-0673,250.11,pending,BR,2026-08-09T08:58:00Z,2026-08-09
o-007413,c-1013,1401.51,pending,BR,2026-08-11T02:39:00Z,2026-08-11
o-007414,c-0889,1975.07,completed,BR,2026-05-29T00:39:00Z,2026-05-30
o-007415,c-1961,1697.00,completed,BR,2026-07-28T02:57:00Z,2026-07-29
o-007416,c-0632,2151.04,completed,BR,2026-08-12T13:55:00Z,2026-08-13
o-007417,c-0197,261.55,pending,BR,2026-08-18T04:53:00Z,2026-08-19
o-007418,c-0335,2426.02,completed,BR,2026-07-22T01:35:00Z,2026-07-22
o-007419,c-0702,1852.25,pending,BR,2026-07-06T17:09:00Z,2026-07-07
o-007420,c-1390,34.06,completed,BR,2026-07-23T15:45:00Z,2026-07-24
o-007421,c-1438,1212.99,completed,BR,2026-05-23T01:14:00Z,2026-05-23
o-007422,c-0405,213.36,completed,BR,2026-07-28T13:05:00Z,2026-07-29
o-007423,c-0712,1475.75,completed,BR,2026-06-14T04:43:00Z,2026-06-15
o-007424,c-1251,762.85,cancelled,BR,2026-07-15T08:41:00Z,2026-07-15
o-007425,c-1250,679.85,cancelled,BR,2026-07-06T16:59:00Z,2026-07-06
o-007426,c-0371,2488.53,completed,BR,2026-08-04T01:05:00Z,2026-08-04
o-007427,c-0280,2152.89,pending,BR,2026-06-21T06:16:00Z,2026-06-21
o-007428,c-0297,1110.45,pending,BR,2026-08-20T15:03:00Z,2026-08-21
o-007429,c-1183,768.33,completed,BR,2026-07-16T16:11:00Z,2026-07-16
o-007430,c-1264,1648.51,completed,BR,2026-07-09T08:12:00Z,2026-07-10
o-007431,c-0525,1347.83,completed,BR,2026-06-22T16:40:00Z,2026-06-22
o-007432,c-0241,306.18,completed,BR,2026-07-05T15:25:00Z,2026-07-06
o-007433,c-1595,253.64,cancelled,BR,2026-06-05T06:39:00Z,2026-06-06
o-007434,c-0755,2015.93,completed,BR,2026-06-18T15:23:00Z,2026-06-18
o-007435,c-1033,1896.45,completed,BR,2026-06-23T03:29:00Z,2026-06-24
o-007436,c-1838,421.25,completed,BR,2026-08-18T22:14:00Z,2026-08-18
o-007437,c-0571,590.65,completed,BR,2026-06-04T23:13:00Z,2026-06-05
o-007438,c-1634,1856.70,pending,BR,2026-07-17T10:27:00Z,2026-07-17
o-007439,c-1130,21.19,completed,BR,2026-06-20T11:01:00Z,2026-06-20
o-007440,c-0861,1775.10,pending,BR,2026-07-03T10:46:00Z,2026-07-03
o-007441,c-1830,765.53,completed,BR,2026-08-09T09:02:00Z,2026-08-10
o-007442,c-1758,1698.45,completed,BR,2026-07-10T05:23:00Z,2026-07-11
o-007443,c-1069,1104.51,completed,BR,2026-06-16T23:47:00Z,2026-06-17
o-007444,c-0048,1916.55,pending,BR,2026-06-12T20:40:00Z,2026-06-13
o-007445,c-1780,1269.07,completed,BR,2026-06-19T12:01:00Z,2026-06-19
o-007446,c-0753,883.39,completed,BR,2026-08-17T04:26:00Z,2026-08-17
o-007447,c-1548,511.14,completed,BR,2026-06-02T13:29:00Z,2026-06-03
o-007448,c-1740,55.12,completed,BR,2026-06-17T04:40:00Z,2026-06-18
o-007449,c-1531,66.02,pending,BR,2026-06-30T03:53:00Z,2026-07-01
o-007450,c-1920,2358.10,completed,BR,2026-07-05T12:54:00Z,2026-07-06
o-007451,c-0434,1841.60,completed,BR,2026-07-18T18:37:00Z,2026-07-19
o-007452,c-0017,1314.91,pending,BR,2026-08-19T10:15:00Z,2026-08-19
o-007453,c-1106,2337.90,completed,BR,2026-06-01T05:45:00Z,2026-06-01
o-007454,c-1341,1958.14,completed,BR,2026-08-15T19:24:00Z,2026-08-16
o-007455,c-0928,1721.39,completed,BR,2026-06-16T20:31:00Z,2026-06-17
o-007456,c-0553,2017.06,completed,BR,2026-06-12T20:20:00Z,2026-06-13
o-007457,c-0317,2348.63,completed,BR,2026-07-31T21:13:00Z,2026-08-01
o-007458,c-1581,1022.58,completed,BR,2026-06-26T04:37:00Z,2026-06-27
o-007459,c-0250,528.20,completed,BR,2026-06-01T17:43:00Z,2026-06-02
o-007460,c-0091,2289.99,completed,BR,2026-08-06T20:12:00Z,2026-08-07
o-007461,c-0697,190.22,cancelled,BR,2026-08-15T16:12:00Z,2026-08-15
o-007462,c-1263,356.52,completed,BR,2026-08-05T16:46:00Z,2026-08-06
o-007463,c-0031,768.79,completed,BR,2026-07-26T11:44:00Z,2026-07-27
o-007464,c-1629,1997.92,pending,BR,2026-06-23T13:41:00Z,2026-06-23
o-007465,c-1299,36.10,completed,BR,2026-07-04T20:41:00Z,2026-07-05
o-007466,c-1870,444.64,completed,BR,2026-08-18T18:24:00Z,2026-08-19
o-007467,c-0151,354.73,completed,BR,2026-08-01T16:34:00Z,2026-08-01
o-007468,c-1388,2415.69,completed,BR,2026-07-27T16:59:00Z,2026-07-28
o-007469,c-1562,82.48,completed,BR,2026-05-23T14:06:00Z,2026-05-24
o-007470,c-1221,1862.66,cancelled,BR,2026-06-18T22:25:00Z,2026-06-18
o-007471,c-0501,1950.99,completed,BR,2026-05-26T16:41:00Z,2026-05-27
o-007472,c-1144,1657.55,completed,BR,2026-06-26T06:51:00Z,2026-06-27
o-007473,c-0276,1950.03,pending,BR,2026-06-14T13:54:00Z,2026-06-15
o-007474,c-1016,2134.93,completed,BR,2026-08-02T07:49:00Z,2026-08-02
o-007475,c-1465,1470.41,completed,BR,2026-07-26T01:51:00Z,2026-07-27
o-007476,c-0478,1283.63,completed,BR,2026-06-22T01:49:00Z,2026-06-23
o-007477,c-1168,2421.57,completed,BR,2026-07-10T16:45:00Z,2026-07-11
o-007478,c-0362,297.53,completed,BR,2026-05-27T02:51:00Z,2026-05-28
o-007479,c-0572,1159.32,completed,BR,2026-08-19T07:06:00Z,2026-08-19
o-007480,c-0327,2411.49,completed,BR,2026-08-19T14:19:00Z,2026-08-20
o-007481,c-0016,546.92,completed,BR,2026-06-19T03:08:00Z,2026-06-19
o-007482,c-1003,1321.92,completed,BR,2026-05-25T09:11:00Z,2026-05-25
o-007483,c-1780,355.69,pending,BR,2026-07-29T17:35:00Z,2026-07-29
o-007484,c-1788,202.99,completed,BR,2026-06-13T00:26:00Z,2026-06-13
o-007485,c-0050,2143.30,completed,BR,2026-07-06T04:55:00Z,2026-07-07
o-007486,c-0343,2192.66,completed,BR,2026-08-03T03:00:00Z,2026-08-04
o-007487,c-0462,246.68,completed,BR,2026-05-31T14:38:00Z,2026-05-31
o-007488,c-1552,813.02,completed,BR,2026-08-12T05:09:00Z,2026-08-12
o-007489,c-1113,1632.60,completed,BR,2026-08-15T14:02:00Z,2026-08-15
o-007490,c-0062,2127.18,completed,BR,2026-08-02T02:53:00Z,2026-08-03
o-007491,c-0011,191.50,cancelled,BR,2026-06-27T12:39:00Z,2026-06-28
o-007492,c-0169,2163.94,completed,BR,2026-07-13T01:59:00Z,2026-07-14
o-007493,c-1015,361.35,completed,BR,2026-05-27T20:47:00Z,2026-05-28
o-007494,c-0747,126.17,completed,BR,2026-08-01T00:27:00Z,2026-08-01
o-007495,c-1413,1714.57,pending,BR,2026-06-21T07:13:00Z,2026-06-22
o-007496,c-0056,284.53,completed,BR,2026-06-15T13:08:00Z,2026-06-16
o-007497,c-1996,175.25,completed,BR,2026-08-04T08:24:00Z,2026-08-04
o-007498,c-0994,614.41,pending,BR,2026-07-08T21:04:00Z,2026-07-09
o-007499,c-0206,521.32,completed,BR,2026-05-26T18:25:00Z,2026-05-27
o-007500,c-0416,142.50,pending,BR,2026-08-06T04:18:00Z,2026-08-06
o-007501,c-0979,776.95,completed,BR,2026-06-17T10:36:00Z,2026-06-18
o-007502,c-0850,846.90,completed,BR,2026-05-29T07:50:00Z,2026-05-30
o-007503,c-0462,1654.03,completed,BR,2026-07-08T15:17:00Z,2026-07-08
o-007504,c-0454,1514.50,completed,BR,2026-07-26T00:44:00Z,2026-07-26
o-007505,c-0057,1989.54,completed,BR,2026-07-12T04:43:00Z,2026-07-13
o-007506,c-1000,904.65,completed,BR,2026-07-01T13:33:00Z,2026-07-01
o-007507,c-1328,307.59,completed,BR,2026-05-23T00:14:00Z,2026-05-24
o-007508,c-1574,1584.65,cancelled,BR,2026-07-08T16:45:00Z,2026-07-09
o-007509,c-0796,2151.57,completed,BR,2026-06-12T01:06:00Z,2026-06-12
o-007510,c-1563,1615.78,completed,BR,2026-06-09T06:10:00Z,2026-06-09
o-007511,c-0195,941.38,completed,BR,2026-08-07T16:35:00Z,2026-08-07
o-007512,c-0832,1861.60,pending,BR,2026-06-06T15:49:00Z,2026-06-07
o-007513,c-0067,1143.81,completed,BR,2026-08-05T05:24:00Z,2026-08-06
o-007514,c-0970,1586.82,pending,BR,2026-06-27T12:06:00Z,2026-06-28
o-007515,c-1327,402.93,completed,BR,2026-08-12T16:40:00Z,2026-08-13
o-007516,c-0402,1834.75,completed,BR,2026-07-06T13:34:00Z,2026-07-07
o-007517,c-1607,2392.25,completed,BR,2026-05-23T08:54:00Z,2026-05-24
o-007518,c-0165,2224.97,pending,BR,2026-07-11T21:21:00Z,2026-07-11
o-007519,c-0583,1222.28,pending,BR,2026-06-03T08:18:00Z,2026-06-03
o-007520,c-1480,2409.74,pending,BR,2026-07-22T03:43:00Z,2026-07-23
o-007521,c-1921,742.11,completed,BR,2026-06-29T11:37:00Z,2026-06-30
o-007522,c-0728,43.24,completed,BR,2026-05-29T01:09:00Z,2026-05-29
o-007523,c-0874,1798.65,completed,BR,2026-07-22T06:20:00Z,2026-07-23
o-007524,c-1867,2293.89,completed,BR,2026-07-19T22:08:00Z,2026-07-20
o-007525,c-0417,1035.01,completed,BR,2026-08-09T00:36:00Z,2026-08-09
o-007526,c-0535,811.89,completed,BR,2026-06-06T08:45:00Z,2026-06-07
o-007527,c-1362,746.33,completed,BR,2026-06-17T13:00:00Z,2026-06-18
o-007528,c-0606,285.30,completed,BR,2026-07-16T00:10:00Z,2026-07-16
o-007529,c-0744,428.65,completed,BR,2026-06-17T21:42:00Z,2026-06-17
o-007530,c-0386,640.24,completed,BR,2026-07-15T05:11:00Z,2026-07-15
o-007531,c-1859,1442.11,completed,BR,2026-05-31T15:23:00Z,2026-06-01
o-007532,c-1391,83.79,completed,BR,2026-07-19T19:02:00Z,2026-07-20
o-007533,c-1580,1375.67,completed,BR,2026-08-01T03:28:00Z,2026-08-01
o-007534,c-1257,514.39,pending,BR,2026-08-09T23:25:00Z,2026-08-09
o-007535,c-0054,1903.30,cancelled,BR,2026-07-31T05:51:00Z,2026-08-01
o-007536,c-1335,1654.09,completed,BR,2026-06-05T04:51:00Z,2026-06-05
o-007537,c-1601,2102.64,completed,BR,2026-07-11T08:46:00Z,2026-07-12
o-007538,c-1714,2356.38,completed,BR,2026-06-25T14:35:00Z,2026-06-26
o-007539,c-0784,428.08,pending,BR,2026-08-02T08:58:00Z,2026-08-03
o-007540,c-0119,1862.97,completed,BR,2026-07-01T07:50:00Z,2026-07-01
o-007541,c-0730,1173.93,completed,BR,2026-08-05T18:56:00Z,2026-08-05
o-007542,c-1054,1082.66,completed,BR,2026-07-28T11:40:00Z,2026-07-29
o-007543,c-1567,2082.55,completed,BR,2026-07-29T21:54:00Z,2026-07-29
o-007544,c-0661,1710.28,completed,BR,2026-06-23T05:59:00Z,2026-06-24
o-007545,c-0691,2083.04,completed,BR,2026-06-07T18:50:00Z,2026-06-07
o-007546,c-1596,875.48,completed,BR,2026-06-18T19:49:00Z,2026-06-18
o-007547,c-1742,2152.87,completed,BR,2026-07-17T15:14:00Z,2026-07-17
o-007548,c-1504,1678.51,completed,BR,2026-05-29T07:35:00Z,2026-05-30
o-007549,c-0039,265.99,completed,BR,2026-07-22T14:50:00Z,2026-07-23
o-007550,c-1214,360.09,completed,BR,2026-05-31T18:55:00Z,2026-05-31
o-007551,c-1505,48.36,completed,BR,2026-07-24T03:37:00Z,2026-07-25
o-007552,c-0072,1506.68,cancelled,BR,2026-06-29T09:22:00Z,2026-06-30
o-007553,c-0051,2124.91,completed,BR,2026-06-06T09:15:00Z,2026-06-07
o-007554,c-1636,1087.80,completed,BR,2026-08-13T09:15:00Z,2026-08-13
o-007555,c-1581,1731.11,completed,BR,2026-07-09T13:31:00Z,2026-07-10
o-007556,c-1246,789.59,cancelled,BR,2026-08-10T05:36:00Z,2026-08-11
o-007557,c-0369,1843.47,completed,BR,2026-07-22T06:10:00Z,2026-07-23
o-007558,c-1942,574.76,pending,BR,2026-06-16T21:55:00Z,2026-06-16
o-007559,c-1170,1668.61,completed,BR,2026-07-14T12:48:00Z,2026-07-15
o-007560,c-1400,2015.36,completed,BR,2026-06-25T02:43:00Z,2026-06-25
o-007561,c-0632,482.03,pending,BR,2026-07-12T16:41:00Z,2026-07-12
o-007562,c-0308,2373.57,pending,BR,2026-07-18T12:51:00Z,2026-07-18
o-007563,c-1313,1584.50,completed,BR,2026-07-07T23:40:00Z,2026-07-07
o-007564,c-1195,262.67,pending,BR,2026-06-12T21:17:00Z,2026-06-12
o-007565,c-1773,598.17,pending,BR,2026-07-18T08:46:00Z,2026-07-18
o-007566,c-0948,627.21,completed,BR,2026-06-19T02:33:00Z,2026-06-20
o-007567,c-0395,721.67,completed,BR,2026-08-17T15:45:00Z,2026-08-17
o-007568,c-1649,1096.41,completed,BR,2026-07-14T03:04:00Z,2026-07-14
o-007569,c-1517,2497.02,completed,BR,2026-06-13T00:28:00Z,2026-06-13
o-007570,c-0523,1155.85,completed,BR,2026-06-21T23:22:00Z,2026-06-22
o-007571,c-0248,705.02,cancelled,BR,2026-07-06T13:55:00Z,2026-07-07
o-007572,c-0926,2257.27,cancelled,BR,2026-05-31T20:06:00Z,2026-06-01
o-007573,c-1049,1336.81,completed,BR,2026-07-13T12:14:00Z,2026-07-14
o-007574,c-1305,1816.75,completed,BR,2026-08-13T16:56:00Z,2026-08-14
o-007575,c-0458,1374.30,completed,BR,2026-06-30T17:42:00Z,2026-07-01
o-007576,c-0971,1270.22,cancelled,BR,2026-06-05T12:23:00Z,2026-06-06
o-007577,c-0021,1300.11,cancelled,BR,2026-08-17T08:57:00Z,2026-08-17
o-007578,c-1041,1711.05,completed,BR,2026-08-16T04:18:00Z,2026-08-17
o-007579,c-1942,1008.36,completed,BR,2026-08-02T16:50:00Z,2026-08-02
o-007580,c-0886,168.68,completed,BR,2026-08-19T12:02:00Z,2026-08-20
o-007581,c-0446,1911.43,completed,BR,2026-06-17T02:16:00Z,2026-06-17
o-007582,c-1413,238.75,completed,BR,2026-07-19T04:48:00Z,2026-07-19
o-007583,c-1208,1846.65,completed,BR,2026-05-23T09:21:00Z,2026-05-23
o-007584,c-1332,576.88,pending,BR,2026-08-13T16:50:00Z,2026-08-13
o-007585,c-0568,1421.38,completed,BR,2026-07-13T09:31:00Z,2026-07-14
o-007586,c-0523,1453.67,pending,BR,2026-06-17T17:44:00Z,2026-06-18
o-007587,c-1137,2025.68,completed,BR,2026-06-21T23:30:00Z,2026-06-21
o-007588,c-1819,1748.14,completed,BR,2026-08-20T17:06:00Z,2026-08-20
o-007589,c-0746,866.66,completed,BR,2026-08-05T05:23:00Z,2026-08-05
o-007590,c-0070,2331.65,completed,BR,2026-07-12T15:04:00Z,2026-07-13
o-007591,c-0106,1630.90,completed,BR,2026-07-01T02:58:00Z,2026-07-02
o-007592,c-1555,1305.15,completed,BR,2026-06-11T16:31:00Z,2026-06-12
o-007593,c-1225,2485.28,completed,BR,2026-07-14T22:43:00Z,2026-07-15
o-007594,c-1087,1274.49,completed,BR,2026-08-19T00:15:00Z,2026-08-19
o-007595,c-0855,1204.53,completed,BR,2026-07-29T16:42:00Z,2026-07-29
o-007596,c-0910,1525.91,completed,BR,2026-08-13T17:21:00Z,2026-08-13
o-007597,c-1929,1893.30,completed,BR,2026-08-02T04:50:00Z,2026-08-02
o-007598,c-1613,1122.86,cancelled,BR,2026-06-04T08:27:00Z,2026-06-05
o-007599,c-0512,1485.95,completed,BR,2026-07-15T18:33:00Z,2026-07-15
o-007600,c-0498,2366.32,pending,BR,2026-05-28T14:10:00Z,2026-05-29
o-007601,c-1668,1281.64,completed,BR,2026-08-17T02:21:00Z,2026-08-18
o-007602,c-1638,2224.02,pending,BR,2026-06-12T07:03:00Z,2026-06-13
o-007603,c-1021,1383.59,completed,BR,2026-08-04T08:24:00Z,2026-08-05
o-007604,c-0077,2487.46,completed,BR,2026-06-01T04:35:00Z,2026-06-01
o-007605,c-0523,740.66,completed,BR,2026-06-12T01:35:00Z,2026-06-12
o-007606,c-1551,1052.47,completed,BR,2026-07-19T09:32:00Z,2026-07-20
o-007607,c-0825,468.62,pending,BR,2026-07-31T20:35:00Z,2026-08-01
o-007608,c-1439,180.21,cancelled,BR,2026-06-08T14:29:00Z,2026-06-09
o-007609,c-0052,1760.23,cancelled,BR,2026-06-16T19:56:00Z,2026-06-17
o-007610,c-1312,170.34,completed,BR,2026-08-02T18:55:00Z,2026-08-02
o-007611,c-0874,902.54,completed,BR,2026-06-01T22:26:00Z,2026-06-02
o-007612,c-1320,552.16,pending,BR,2026-07-13T22:15:00Z,2026-07-13
o-007613,c-0975,1854.64,pending,BR,2026-07-15T02:57:00Z,2026-07-16
o-007614,c-0725,557.46,completed,BR,2026-07-23T22:31:00Z,2026-07-24
o-007615,c-1153,349.55,completed,BR,2026-07-05T16:14:00Z,2026-07-06
o-007616,c-0151,1341.63,completed,BR,2026-07-27T22:12:00Z,2026-07-28
o-007617,c-0598,783.58,pending,BR,2026-06-13T06:48:00Z,2026-06-14
o-007618,c-0077,708.71,completed,BR,2026-07-03T00:11:00Z,2026-07-04
o-007619,c-1706,2118.85,completed,BR,2026-05-30T04:07:00Z,2026-05-31
o-007620,c-1664,1295.01,completed,BR,2026-08-06T17:34:00Z,2026-08-06
o-007621,c-1871,997.92,completed,BR,2026-05-23T07:28:00Z,2026-05-24
o-007622,c-0427,1911.32,completed,BR,2026-05-23T07:53:00Z,2026-05-23
o-007623,c-0623,538.61,completed,BR,2026-08-11T05:27:00Z,2026-08-11
o-007624,c-1050,1829.22,completed,BR,2026-06-07T00:33:00Z,2026-06-08
o-007625,c-1591,2133.77,completed,BR,2026-08-06T14:58:00Z,2026-08-06
o-007626,c-1775,1242.59,pending,BR,2026-07-26T06:39:00Z,2026-07-26
o-007627,c-1390,204.79,completed,BR,2026-06-30T01:10:00Z,2026-07-01
o-007628,c-1627,921.02,completed,BR,2026-07-07T01:04:00Z,2026-07-08
o-007629,c-0765,1123.53,completed,BR,2026-07-22T09:33:00Z,2026-07-23
o-007630,c-0435,1588.33,completed,BR,2026-05-24T21:58:00Z,2026-05-25
o-007631,c-1372,1871.80,completed,BR,2026-07-05T12:03:00Z,2026-07-06
o-007632,c-0645,1199.72,completed,BR,2026-08-11T09:07:00Z,2026-08-11
o-007633,c-1172,1014.79,pending,BR,2026-07-17T12:52:00Z,2026-07-17
o-007634,c-0836,2197.12,pending,BR,2026-05-31T21:21:00Z,2026-05-31
o-007635,c-0163,1104.06,completed,BR,2026-08-19T05:18:00Z,2026-08-20
o-007636,c-1421,939.44,completed,BR,2026-08-20T18:05:00Z,2026-08-20
o-007637,c-0601,536.24,pending,BR,2026-07-11T19:28:00Z,2026-07-12
o-007638,c-0939,834.34,pending,BR,2026-06-25T12:50:00Z,2026-06-25
o-007639,c-0788,1393.70,completed,BR,2026-06-15T13:01:00Z,2026-06-16
o-007640,c-0399,592.49,completed,BR,2026-06-12T20:19:00Z,2026-06-13
o-007641,c-1206,1003.64,pending,BR,2026-07-31T22:50:00Z,2026-07-31
o-007642,c-1053,1168.30,completed,BR,2026-08-02T01:18:00Z,2026-08-02
o-007643,c-0593,1600.36,completed,BR,2026-06-20T09:33:00Z,2026-06-21
o-007644,c-0533,837.44,completed,BR,2026-07-11T03:58:00Z,2026-07-11
o-007645,c-1775,1128.21,completed,BR,2026-06-13T05:41:00Z,2026-06-13
o-007646,c-1801,59.94,completed,BR,2026-06-29T09:13:00Z,2026-06-29
o-007647,c-1406,412.50,pending,BR,2026-06-27T22:20:00Z,2026-06-28
o-007648,c-1703,1101.62,completed,BR,2026-05-26T01:30:00Z,2026-05-26
o-007649,c-0702,1005.68,pending,BR,2026-08-02T15:08:00Z,2026-08-02
o-007650,c-0118,957.07,completed,BR,2026-07-15T11:28:00Z,2026-07-15
o-007651,c-0906,1745.99,completed,BR,2026-07-09T03:50:00Z,2026-07-09
o-007652,c-0584,252.11,completed,BR,2026-07-20T15:24:00Z,2026-07-21
o-007653,c-1242,906.37,completed,BR,2026-08-19T20:12:00Z,2026-08-19
o-007654,c-1474,2380.65,completed,BR,2026-08-07T12:30:00Z,2026-08-07
o-007655,c-0959,203.52,completed,BR,2026-07-02T10:49:00Z,2026-07-03
o-007656,c-1194,2454.61,pending,BR,2026-05-26T19:19:00Z,2026-05-27
o-007657,c-0541,1676.69,cancelled,BR,2026-07-30T22:39:00Z,2026-07-31
o-007658,c-1848,748.86,completed,BR,2026-07-29T04:24:00Z,2026-07-30
o-007659,c-0827,1430.70,cancelled,BR,2026-06-22T21:24:00Z,2026-06-23
o-007660,c-0998,677.49,completed,BR,2026-07-16T16:38:00Z,2026-07-17
o-007661,c-1234,2179.68,completed,BR,2026-07-23T16:27:00Z,2026-07-23
o-007662,c-1157,2282.72,cancelled,BR,2026-06-30T03:34:00Z,2026-06-30
o-007663,c-0663,1462.29,pending,BR,2026-08-10T09:39:00Z,2026-08-10
o-007664,c-1407,707.22,completed,BR,2026-07-21T08:11:00Z,2026-07-22
o-007665,c-0110,1134.56,completed,BR,2026-06-26T10:46:00Z,2026-06-26
o-007666,c-0984,1404.00,completed,BR,2026-08-08T10:16:00Z,2026-08-09
o-007667,c-1695,1624.83,completed,BR,2026-06-27T01:29:00Z,2026-06-28
o-007668,c-0186,2180.85,completed,BR,2026-06-07T08:24:00Z,2026-06-07
o-007669,c-0490,1124.84,completed,BR,2026-08-02T00:14:00Z,2026-08-03
o-007670,c-0848,1310.37,completed,BR,2026-08-19T03:43:00Z,2026-08-19
o-007671,c-1147,1632.17,completed,BR,2026-07-25T15:29:00Z,2026-07-25
o-007672,c-1825,1800.35,completed,BR,2026-06-05T06:36:00Z,2026-06-05
o-007673,c-1717,2007.65,completed,BR,2026-07-03T12:28:00Z,2026-07-04
o-007674,c-1417,1930.06,pending,BR,2026-07-12T07:05:00Z,2026-07-13
o-007675,c-1593,1208.56,completed,BR,2026-06-15T13:26:00Z,2026-06-16
o-007676,c-1505,1914.26,completed,BR,2026-05-31T12:57:00Z,2026-05-31
o-007677,c-1630,570.02,completed,BR,2026-06-18T17:07:00Z,2026-06-18
o-007678,c-0022,2346.44,completed,BR,2026-07-14T04:19:00Z,2026-07-15
o-007679,c-0621,72.93,completed,BR,2026-07-12T11:51:00Z,2026-07-13
o-007680,c-1162,1218.84,completed,BR,2026-07-02T07:25:00Z,2026-07-03
o-007681,c-0551,2409.64,pending,BR,2026-06-24T18:41:00Z,2026-06-25
o-007682,c-0589,262.45,completed,BR,2026-07-21T12:10:00Z,2026-07-21
o-007683,c-1854,1354.48,completed,BR,2026-06-01T22:11:00Z,2026-06-01
o-007684,c-1837,640.38,completed,BR,2026-07-30T00:58:00Z,2026-07-30
o-007685,c-1618,1686.90,completed,BR,2026-05-25T11:15:00Z,2026-05-26
o-007686,c-0659,69.58,completed,BR,2026-07-13T16:27:00Z,2026-07-14
o-007687,c-1227,103.37,cancelled,BR,2026-08-07T05:56:00Z,2026-08-07
o-007688,c-0386,228.24,cancelled,BR,2026-06-09T09:00:00Z,2026-06-10
o-007689,c-1828,2382.49,cancelled,BR,2026-08-12T14:20:00Z,2026-08-13
o-007690,c-1424,2004.80,completed,BR,2026-07-28T13:54:00Z,2026-07-28
o-007691,c-1335,2027.93,completed,BR,2026-08-04T23:54:00Z,2026-08-04
o-007692,c-1648,607.56,completed,BR,2026-07-04T13:53:00Z,2026-07-05
o-007693,c-1853,390.95,completed,BR,2026-06-26T08:50:00Z,2026-06-27
o-007694,c-0917,987.38,completed,BR,2026-07-15T22:42:00Z,2026-07-15
o-007695,c-1811,1440.33,pending,BR,2026-07-08T01:46:00Z,2026-07-09
o-007696,c-0577,168.00,completed,BR,2026-07-30T09:04:00Z,2026-07-31
o-007697,c-1819,618.08,completed,BR,2026-07-14T11:52:00Z,2026-07-14
o-007698,c-0435,642.80,cancelled,BR,2026-07-09T22:57:00Z,2026-07-10
o-007699,c-0577,1076.57,completed,BR,2026-08-15T01:14:00Z,2026-08-16
o-007700,c-1511,2447.16,completed,BR,2026-06-14T13:16:00Z,2026-06-15
o-007701,c-1383,134.24,pending,BR,2026-07-27T19:11:00Z,2026-07-27
o-007702,c-1829,753.69,completed,BR,2026-07-04T06:21:00Z,2026-07-05
o-007703,c-1691,454.52,completed,BR,2026-07-17T04:53:00Z,2026-07-18
o-007704,c-1651,1871.12,completed,BR,2026-08-19T16:05:00Z,2026-08-19
o-007705,c-1602,2393.59,completed,BR,2026-07-20T10:54:00Z,2026-07-20
o-007706,c-0502,1848.74,completed,BR,2026-05-28T14:43:00Z,2026-05-29
o-007707,c-1267,225.08,pending,BR,2026-07-02T00:23:00Z,2026-07-02
o-007708,c-1372,654.79,pending,BR,2026-08-16T10:49:00Z,2026-08-17
o-007709,c-0856,1782.48,completed,BR,2026-05-30T12:39:00Z,2026-05-30
o-007710,c-1356,1570.20,completed,BR,2026-06-04T19:50:00Z,2026-06-05
o-007711,c-1580,1481.71,completed,BR,2026-07-18T04:21:00Z,2026-07-18
o-007712,c-1620,7.64,completed,BR,2026-07-30T08:24:00Z,2026-07-31
o-007713,c-0467,2414.97,completed,BR,2026-06-24T08:57:00Z,2026-06-24
o-007714,c-1121,45.98,completed,BR,2026-08-17T00:03:00Z,2026-08-17
o-007715,c-1597,2277.98,pending,BR,2026-06-05T18:22:00Z,2026-06-05
o-007716,c-1958,1183.07,completed,BR,2026-05-24T10:43:00Z,2026-05-24
o-007717,c-1192,72.29,completed,BR,2026-06-26T20:46:00Z,2026-06-26
o-007718,c-1937,469.53,completed,BR,2026-07-11T04:01:00Z,2026-07-12
o-007719,c-1396,913.94,completed,BR,2026-07-06T23:24:00Z,2026-07-06
o-007720,c-1819,1264.95,completed,BR,2026-07-09T12:50:00Z,2026-07-10
o-007721,c-1502,2310.66,completed,BR,2026-06-20T07:38:00Z,2026-06-20
o-007722,c-1234,1453.23,completed,BR,2026-06-01T00:37:00Z,2026-06-02
o-007723,c-0163,2427.88,completed,BR,2026-07-07T14:35:00Z,2026-07-08
o-007724,c-1087,2303.22,pending,BR,2026-07-29T00:43:00Z,2026-07-30
o-007725,c-0988,454.37,pending,BR,2026-07-27T07:38:00Z,2026-07-28
o-007726,c-1062,500.45,completed,BR,2026-06-01T17:38:00Z,2026-06-02
o-007727,c-1667,906.61,completed,BR,2026-08-18T16:18:00Z,2026-08-19
o-007728,c-1549,1984.71,completed,BR,2026-05-25T14:48:00Z,2026-05-26
o-007729,c-0700,2173.42,completed,BR,2026-07-02T21:47:00Z,2026-07-03
o-007730,c-1312,1172.06,pending,BR,2026-06-12T14:06:00Z,2026-06-13
o-007731,c-0731,1303.42,pending,BR,2026-05-29T18:35:00Z,2026-05-29
o-007732,c-1361,334.73,completed,BR,2026-08-15T04:02:00Z,2026-08-16
o-007733,c-0820,1983.91,completed,BR,2026-05-29T14:18:00Z,2026-05-29
o-007734,c-1190,57.07,completed,BR,2026-06-25T17:16:00Z,2026-06-26
o-007735,c-1014,479.41,completed,BR,2026-06-11T09:40:00Z,2026-06-12
o-007736,c-1689,2240.79,completed,BR,2026-08-18T15:15:00Z,2026-08-18
o-007737,c-1176,1212.05,cancelled,BR,2026-08-14T19:47:00Z,2026-08-14
o-007738,c-0248,173.58,completed,BR,2026-06-17T12:31:00Z,2026-06-17
o-007739,c-1251,1704.42,completed,BR,2026-07-12T19:51:00Z,2026-07-13
o-007740,c-1901,317.69,completed,BR,2026-08-12T12:26:00Z,2026-08-13
o-007741,c-0563,1211.12,cancelled,BR,2026-07-24T22:36:00Z,2026-07-24
o-007742,c-0710,461.46,completed,BR,2026-07-08T04:44:00Z,2026-07-08
o-007743,c-1114,623.67,cancelled,BR,2026-06-16T00:41:00Z,2026-06-16
o-007744,c-0155,1842.59,completed,BR,2026-07-29T07:11:00Z,2026-07-29
o-007745,c-0677,400.05,completed,BR,2026-05-28T01:53:00Z,2026-05-29
o-007746,c-0605,178.32,pending,BR,2026-07-10T22:44:00Z,2026-07-11
o-007747,c-0432,2373.76,completed,BR,2026-05-26T09:09:00Z,2026-05-26
o-007748,c-0198,997.57,completed,BR,2026-06-08T09:24:00Z,2026-06-09
o-007749,c-0576,1188.12,completed,BR,2026-05-29T12:03:00Z,2026-05-30
o-007750,c-0931,2398.68,completed,BR,2026-07-20T16:34:00Z,2026-07-20
o-007751,c-0149,642.81,completed,BR,2026-05-28T01:29:00Z,2026-05-28
o-007752,c-1652,1522.15,completed,BR,2026-06-24T15:39:00Z,2026-06-24
o-007753,c-1488,266.31,completed,BR,2026-05-30T23:22:00Z,2026-05-31
o-007754,c-0556,1165.05,pending,BR,2026-07-16T23:21:00Z,2026-07-17
o-007755,c-0931,1892.08,completed,BR,2026-05-25T07:51:00Z,2026-05-25
o-007756,c-0817,1572.94,pending,BR,2026-07-02T20:37:00Z,2026-07-03
o-007757,c-1574,1225.56,completed,BR,2026-06-02T00:52:00Z,2026-06-02
o-007758,c-1521,2062.42,completed,BR,2026-06-28T17:45:00Z,2026-06-29
o-007759,c-0645,409.78,pending,BR,2026-07-30T00:18:00Z,2026-07-31
o-007760,c-1720,538.95,completed,BR,2026-06-19T00:16:00Z,2026-06-19
o-007761,c-0054,1969.88,pending,BR,2026-05-23T00:09:00Z,2026-05-24
o-007762,c-1952,1924.29,completed,BR,2026-06-25T14:22:00Z,2026-06-25
o-007763,c-1664,1773.71,completed,BR,2026-06-29T22:05:00Z,2026-06-30
o-007764,c-0432,1324.86,completed,BR,2026-06-05T15:54:00Z,2026-06-05
o-007765,c-1680,2465.59,completed,BR,2026-06-16T11:32:00Z,2026-06-16
o-007766,c-0184,1189.38,cancelled,BR,2026-07-11T07:43:00Z,2026-07-11
o-007767,c-1773,77.82,pending,BR,2026-05-29T23:58:00Z,2026-05-30
o-007768,c-1134,2333.41,pending,BR,2026-08-12T20:00:00Z,2026-08-13
o-007769,c-1804,1738.13,completed,BR,2026-07-09T16:01:00Z,2026-07-10
o-007770,c-0624,1756.71,completed,BR,2026-07-12T10:43:00Z,2026-07-13
o-007771,c-1890,1211.85,completed,BR,2026-06-09T14:06:00Z,2026-06-10
o-007772,c-1058,268.73,completed,BR,2026-06-04T21:55:00Z,2026-06-05
o-007773,c-0852,2251.25,cancelled,BR,2026-07-09T04:05:00Z,2026-07-10
o-007774,c-0312,2330.62,completed,BR,2026-08-14T14:07:00Z,2026-08-14
o-007775,c-0026,1132.74,completed,BR,2026-07-12T17:26:00Z,2026-07-13
o-007776,c-0562,1050.87,pending,BR,2026-07-01T03:18:00Z,2026-07-02
o-007777,c-1816,591.90,pending,BR,2026-07-01T13:35:00Z,2026-07-02
o-007778,c-0393,1591.31,completed,BR,2026-06-15T10:11:00Z,2026-06-16
o-007779,c-0941,1113.42,completed,BR,2026-08-05T18:40:00Z,2026-08-06
o-007780,c-1470,1208.55,pending,BR,2026-08-18T18:23:00Z,2026-08-18
o-007781,c-0795,1568.09,completed,BR,2026-06-20T23:10:00Z,2026-06-20
o-007782,c-1345,1203.65,pending,BR,2026-06-04T08:43:00Z,2026-06-04
o-007783,c-1807,1539.51,completed,BR,2026-05-30T21:28:00Z,2026-05-30
o-007784,c-0720,1612.11,pending,BR,2026-08-10T19:24:00Z,2026-08-10
o-007785,c-0289,562.87,completed,BR,2026-07-24T15:09:00Z,2026-07-25
o-007786,c-1470,1479.57,completed,BR,2026-06-03T11:40:00Z,2026-06-04
o-007787,c-1407,1713.39,pending,BR,2026-06-21T16:49:00Z,2026-06-22
o-007788,c-0188,986.90,cancelled,BR,2026-08-18T18:43:00Z,2026-08-18
o-007789,c-0890,467.03,pending,BR,2026-07-27T02:20:00Z,2026-07-28
o-007790,c-0815,138.66,pending,BR,2026-06-16T00:59:00Z,2026-06-16
o-007791,c-0720,2354.41,completed,BR,2026-06-19T08:59:00Z,2026-06-19
o-007792,c-0562,2040.11,completed,BR,2026-06-23T10:27:00Z,2026-06-23
o-007793,c-1419,2490.64,completed,BR,2026-07-18T19:40:00Z,2026-07-18
o-007794,c-0583,1220.67,completed,BR,2026-08-20T08:06:00Z,2026-08-21
o-007795,c-0950,972.16,completed,BR,2026-07-30T15:47:00Z,2026-07-31
o-007796,c-0495,56.37,completed,BR,2026-07-25T09:08:00Z,2026-07-25
o-007797,c-0287,980.14,completed,BR,2026-06-30T16:30:00Z,2026-06-30
o-007798,c-1238,1799.49,completed,BR,2026-08-05T10:06:00Z,2026-08-06
o-007799,c-1377,426.13,completed,BR,2026-05-28T17:19:00Z,2026-05-29
o-007800,c-0543,1317.90,completed,BR,2026-06-09T14:30:00Z,2026-06-09
o-007801,c-0458,259.68,cancelled,BR,2026-07-05T16:06:00Z,2026-07-05
o-007802,c-1373,1922.53,pending,BR,2026-07-21T12:25:00Z,2026-07-21
o-007803,c-0545,22.52,pending,BR,2026-08-10T14:55:00Z,2026-08-11
o-007804,c-0536,2300.47,completed,BR,2026-07-05T22:11:00Z,2026-07-05
o-007805,c-0622,1005.33,completed,BR,2026-07-28T10:48:00Z,2026-07-28
o-007806,c-0845,1483.83,completed,BR,2026-07-09T02:29:00Z,2026-07-09
o-007807,c-0507,932.06,completed,BR,2026-08-11T17:19:00Z,2026-08-12
o-007808,c-0534,1607.78,completed,BR,2026-08-11T10:00:00Z,2026-08-11
o-007809,c-0726,2014.91,completed,BR,2026-08-18T10:45:00Z,2026-08-18
o-007810,c-0993,1042.89,completed,BR,2026-07-20T16:19:00Z,2026-07-20
o-007811,c-0463,1366.33,completed,BR,2026-06-14T14:27:00Z,2026-06-14
o-007812,c-1015,1341.76,completed,BR,2026-07-06T19:18:00Z,2026-07-06
o-007813,c-1305,2293.69,pending,BR,2026-06-24T11:08:00Z,2026-06-25
o-007814,c-1692,2383.91,pending,BR,2026-07-30T03:24:00Z,2026-07-30
o-007815,c-1359,476.55,completed,BR,2026-06-23T09:06:00Z,2026-06-24
o-007816,c-0869,1751.92,completed,BR,2026-07-14T03:51:00Z,2026-07-15
o-007817,c-0203,262.49,pending,BR,2026-08-14T03:02:00Z,2026-08-14
o-007818,c-0600,1685.59,completed,BR,2026-06-20T18:41:00Z,2026-06-20
o-007819,c-1289,427.70,completed,BR,2026-08-14T07:51:00Z,2026-08-15
o-007820,c-1065,629.75,completed,BR,2026-05-24T21:06:00Z,2026-05-24
o-007821,c-0940,1189.69,completed,BR,2026-07-18T15:44:00Z,2026-07-18
o-007822,c-1873,807.62,completed,BR,2026-07-05T06:52:00Z,2026-07-05
o-007823,c-1707,1478.66,completed,BR,2026-06-28T08:31:00Z,2026-06-29
o-007824,c-0029,2280.80,completed,BR,2026-06-16T00:50:00Z,2026-06-16
o-007825,c-0342,1417.61,completed,BR,2026-07-13T08:52:00Z,2026-07-13
o-007826,c-1240,1546.21,completed,BR,2026-08-02T23:18:00Z,2026-08-02
o-007827,c-0317,1737.86,completed,BR,2026-07-15T08:20:00Z,2026-07-15
o-007828,c-1683,1042.84,completed,BR,2026-07-19T04:33:00Z,2026-07-19
o-007829,c-1903,425.66,completed,BR,2026-07-11T10:26:00Z,2026-07-11
o-007830,c-0848,114.15,completed,BR,2026-05-24T11:37:00Z,2026-05-24
o-007831,c-1371,2172.73,pending,BR,2026-08-01T16:00:00Z,2026-08-01
o-007832,c-1432,622.34,completed,BR,2026-06-16T14:34:00Z,2026-06-16
o-007833,c-1119,2430.33,pending,BR,2026-07-23T20:10:00Z,2026-07-23
o-007834,c-0105,2271.33,cancelled,BR,2026-05-24T14:04:00Z,2026-05-24
o-007835,c-1759,1358.27,pending,BR,2026-07-16T18:47:00Z,2026-07-16
o-007836,c-1925,419.93,pending,BR,2026-08-06T14:24:00Z,2026-08-07
o-007837,c-0343,286.56,completed,BR,2026-07-06T22:04:00Z,2026-07-06
o-007838,c-0913,11.51,pending,BR,2026-06-08T14:46:00Z,2026-06-08
o-007839,c-1270,1659.57,pending,BR,2026-08-19T19:19:00Z,2026-08-19
o-007840,c-1357,1398.72,completed,BR,2026-07-30T07:19:00Z,2026-07-30
o-007841,c-1441,2205.65,completed,BR,2026-08-05T20:52:00Z,2026-08-06
o-007842,c-1321,1639.25,completed,BR,2026-07-06T19:05:00Z,2026-07-06
o-007843,c-1249,356.28,pending,BR,2026-06-21T07:23:00Z,2026-06-22
o-007844,c-1740,1313.56,completed,BR,2026-06-11T16:41:00Z,2026-06-11
o-007845,c-0538,1003.01,completed,BR,2026-07-28T19:06:00Z,2026-07-29
o-007846,c-0168,1658.22,completed,BR,2026-07-03T17:31:00Z,2026-07-04
o-007847,c-0426,51.28,completed,BR,2026-08-06T13:05:00Z,2026-08-07
o-007848,c-1474,1465.04,completed,BR,2026-05-30T21:54:00Z,2026-05-31
o-007849,c-0133,1074.35,completed,BR,2026-08-11T21:10:00Z,2026-08-11
o-007850,c-0384,1163.18,pending,BR,2026-07-27T19:43:00Z,2026-07-27
o-007851,c-0563,824.11,completed,BR,2026-07-31T02:51:00Z,2026-07-31
o-007852,c-1152,2381.19,cancelled,BR,2026-07-22T20:10:00Z,2026-07-23
o-007853,c-0691,1959.09,completed,BR,2026-07-23T08:37:00Z,2026-07-24
o-007854,c-0088,2104.96,completed,BR,2026-06-14T13:11:00Z,2026-06-15
o-007855,c-0710,1838.87,pending,BR,2026-07-25T21:11:00Z,2026-07-25
o-007856,c-1697,144.23,completed,BR,2026-05-25T11:29:00Z,2026-05-25
o-007857,c-0165,1426.76,completed,BR,2026-06-18T21:42:00Z,2026-06-19
o-007858,c-0915,807.17,completed,BR,2026-08-09T04:21:00Z,2026-08-10
o-007859,c-1678,2262.08,pending,BR,2026-08-12T13:32:00Z,2026-08-12
o-007860,c-1439,1720.49,completed,BR,2026-08-07T23:00:00Z,2026-08-07
o-007861,c-0213,851.95,completed,BR,2026-06-06T04:49:00Z,2026-06-06
o-007862,c-0779,2143.69,completed,BR,2026-06-15T09:39:00Z,2026-06-16
o-007863,c-1608,1211.32,completed,BR,2026-06-09T11:07:00Z,2026-06-09
o-007864,c-0806,2241.21,completed,BR,2026-06-09T09:44:00Z,2026-06-10
o-007865,c-1600,1065.30,completed,BR,2026-07-08T15:44:00Z,2026-07-09
o-007866,c-1839,402.54,completed,BR,2026-07-23T15:18:00Z,2026-07-24
o-007867,c-0792,610.83,pending,BR,2026-05-29T21:34:00Z,2026-05-29
o-007868,c-0683,1101.48,completed,BR,2026-08-08T00:39:00Z,2026-08-08
o-007869,c-1759,1962.09,completed,BR,2026-08-19T13:15:00Z,2026-08-20
o-007870,c-1313,1153.21,completed,BR,2026-08-17T02:32:00Z,2026-08-17
o-007871,c-1680,664.07,pending,BR,2026-05-28T21:09:00Z,2026-05-28
o-007872,c-0399,43.45,pending,BR,2026-08-03T15:56:00Z,2026-08-04
o-007873,c-0936,626.73,cancelled,BR,2026-07-17T17:49:00Z,2026-07-17
o-007874,c-1907,1255.62,completed,BR,2026-07-06T14:23:00Z,2026-07-07
o-007875,c-0711,351.26,completed,BR,2026-08-02T10:24:00Z,2026-08-03
o-007876,c-0051,1813.17,completed,BR,2026-07-11T08:32:00Z,2026-07-12
o-007877,c-1076,423.67,completed,BR,2026-07-27T15:07:00Z,2026-07-27
o-007878,c-0093,132.92,completed,BR,2026-07-07T08:25:00Z,2026-07-08
o-007879,c-0698,2122.03,completed,BR,2026-07-18T19:32:00Z,2026-07-19
o-007880,c-0280,1464.49,completed,BR,2026-07-27T09:18:00Z,2026-07-28
o-007881,c-0013,720.18,completed,BR,2026-08-20T09:23:00Z,2026-08-20
o-007882,c-0674,1667.56,completed,BR,2026-06-17T15:02:00Z,2026-06-18
o-007883,c-1236,2274.23,completed,BR,2026-05-31T16:06:00Z,2026-06-01
o-007884,c-1328,305.96,completed,BR,2026-07-18T11:41:00Z,2026-07-19
o-007885,c-0668,1411.80,completed,BR,2026-08-04T16:06:00Z,2026-08-04
o-007886,c-0505,2211.83,completed,BR,2026-06-28T02:39:00Z,2026-06-29
o-007887,c-1735,2404.66,completed,BR,2026-06-03T02:33:00Z,2026-06-03
o-007888,c-1763,274.32,completed,BR,2026-07-18T22:50:00Z,2026-07-19
o-007889,c-0604,2352.38,completed,BR,2026-05-29T08:34:00Z,2026-05-29
o-007890,c-1774,1484.85,completed,BR,2026-06-11T14:06:00Z,2026-06-12
o-007891,c-0458,1712.71,completed,BR,2026-06-26T15:16:00Z,2026-06-26
o-007892,c-1986,1591.48,pending,BR,2026-07-11T22:33:00Z,2026-07-11
o-007893,c-1465,1266.58,completed,BR,2026-08-11T23:05:00Z,2026-08-12
o-007894,c-1649,1151.22,completed,BR,2026-07-02T16:43:00Z,2026-07-02
o-007895,c-1106,735.82,completed,BR,2026-08-10T13:40:00Z,2026-08-11
o-007896,c-0333,1815.46,cancelled,BR,2026-07-19T18:47:00Z,2026-07-19
o-007897,c-1312,1971.37,pending,BR,2026-06-16T21:04:00Z,2026-06-16
o-007898,c-0860,54.50,completed,BR,2026-07-24T09:03:00Z,2026-07-24
o-007899,c-1857,1572.40,pending,BR,2026-06-30T10:39:00Z,2026-07-01
o-007900,c-1102,1907.48,cancelled,BR,2026-07-16T18:20:00Z,2026-07-17
o-007901,c-1158,2178.07,completed,BR,2026-06-13T13:33:00Z,2026-06-13
o-007902,c-0466,91.68,completed,BR,2026-07-19T06:06:00Z,2026-07-19
o-007903,c-0714,1455.90,completed,BR,2026-06-13T23:15:00Z,2026-06-14
o-007904,c-0672,1459.59,completed,BR,2026-06-14T11:44:00Z,2026-06-14
o-007905,c-1976,1874.11,completed,BR,2026-07-02T15:04:00Z,2026-07-02
o-007906,c-1569,961.11,completed,BR,2026-08-20T14:17:00Z,2026-08-20
o-007907,c-0682,261.20,pending,BR,2026-08-07T04:32:00Z,2026-08-08
o-007908,c-0412,338.83,completed,BR,2026-06-11T06:06:00Z,2026-06-12
o-007909,c-0526,1586.70,cancelled,BR,2026-06-08T16:47:00Z,2026-06-08
o-007910,c-0092,2405.92,completed,BR,2026-08-11T15:24:00Z,2026-08-11
o-007911,c-1701,745.39,completed,BR,2026-06-27T21:26:00Z,2026-06-27
o-007912,c-0372,1625.63,cancelled,BR,2026-07-10T06:15:00Z,2026-07-11
o-007913,c-0816,697.94,completed,BR,2026-08-12T05:37:00Z,2026-08-13
o-007914,c-0078,2029.77,completed,BR,2026-06-04T11:46:00Z,2026-06-04
o-007915,c-0551,1696.63,cancelled,BR,2026-06-21T11:54:00Z,2026-06-21
o-007916,c-0973,331.11,completed,BR,2026-07-10T16:23:00Z,2026-07-10
o-007917,c-0540,1826.90,pending,BR,2026-07-01T17:23:00Z,2026-07-01
o-007918,c-0796,132.97,pending,BR,2026-06-10T23:15:00Z,2026-06-11
o-007919,c-0589,1639.57,completed,BR,2026-06-13T08:02:00Z,2026-06-14
o-007920,c-1900,1812.07,completed,BR,2026-06-22T01:48:00Z,2026-06-23
o-007921,c-1833,196.76,completed,BR,2026-06-20T19:01:00Z,2026-06-20
o-007922,c-0546,917.10,completed,BR,2026-08-08T04:30:00Z,2026-08-09
o-007923,c-1732,1588.23,completed,BR,2026-05-29T16:31:00Z,2026-05-29
o-007924,c-1541,938.25,completed,BR,2026-08-16T07:14:00Z,2026-08-17
o-007925,c-0750,2375.31,completed,BR,2026-07-27T11:37:00Z,2026-07-27
o-007926,c-1077,1926.49,completed,BR,2026-06-18T19:36:00Z,2026-06-19
o-007927,c-0609,1327.04,completed,BR,2026-08-02T01:02:00Z,2026-08-03
o-007928,c-1468,902.13,completed,BR,2026-06-18T06:58:00Z,2026-06-18
o-007929,c-0944,1561.25,pending,BR,2026-06-08T12:40:00Z,2026-06-09
o-007930,c-0002,1447.12,completed,BR,2026-06-30T08:29:00Z,2026-07-01
o-007931,c-0054,260.96,pending,BR,2026-05-24T10:26:00Z,2026-05-25
o-007932,c-0711,1955.51,completed,BR,2026-08-09T20:47:00Z,2026-08-09
o-007933,c-1323,997.32,completed,BR,2026-07-12T18:31:00Z,2026-07-12
o-007934,c-0336,508.88,completed,BR,2026-05-28T08:15:00Z,2026-05-28
o-007935,c-0126,1001.24,completed,BR,2026-08-04T03:55:00Z,2026-08-04
o-007936,c-1693,1076.82,completed,BR,2026-06-04T23:54:00Z,2026-06-04
o-007937,c-0782,1898.21,completed,BR,2026-06-02T21:51:00Z,2026-06-02
o-007938,c-1731,756.55,completed,BR,2026-05-29T04:35:00Z,2026-05-30
o-007939,c-0223,338.27,completed,BR,2026-06-12T17:26:00Z,2026-06-12
o-007940,c-0553,9.94,pending,BR,2026-08-12T09:59:00Z,2026-08-13
o-007941,c-0611,345.23,completed,BR,2026-08-07T04:10:00Z,2026-08-08
o-007942,c-0492,60.79,completed,BR,2026-06-08T22:03:00Z,2026-06-08
o-007943,c-0056,245.79,completed,BR,2026-07-29T19:10:00Z,2026-07-29
o-007944,c-0543,1657.42,completed,BR,2026-08-13T18:53:00Z,2026-08-14
o-007945,c-1162,244.23,cancelled,BR,2026-07-04T07:48:00Z,2026-07-04
o-007946,c-1238,810.17,completed,BR,2026-08-12T15:26:00Z,2026-08-12
o-007947,c-1206,705.29,pending,BR,2026-07-28T08:26:00Z,2026-07-29
o-007948,c-1639,942.75,completed,BR,2026-07-30T19:55:00Z,2026-07-31
o-007949,c-0939,1452.15,completed,BR,2026-07-10T02:57:00Z,2026-07-11
o-007950,c-0008,1381.81,completed,BR,2026-07-21T01:38:00Z,2026-07-21
o-007951,c-0804,618.73,cancelled,BR,2026-07-10T01:08:00Z,2026-07-11
o-007952,c-1943,473.28,completed,BR,2026-07-04T13:30:00Z,2026-07-04
o-007953,c-0864,176.81,pending,BR,2026-06-17T13:11:00Z,2026-06-17
o-007954,c-0597,806.52,completed,BR,2026-07-31T18:30:00Z,2026-08-01
o-007955,c-1772,1139.93,completed,BR,2026-06-15T22:19:00Z,2026-06-15
o-007956,c-1939,1258.61,completed,BR,2026-07-17T05:38:00Z,2026-07-17
o-007957,c-0340,469.25,completed,BR,2026-07-29T07:12:00Z,2026-07-29
o-007958,c-0404,1252.76,cancelled,BR,2026-06-14T23:10:00Z,2026-06-14
o-007959,c-0692,1505.46,completed,BR,2026-06-10T15:43:00Z,2026-06-10
o-007960,c-1580,1454.35,completed,BR,2026-05-28T23:43:00Z,2026-05-28
o-007961,c-0570,751.74,completed,BR,2026-07-05T05:11:00Z,2026-07-05
o-007962,c-0516,2028.38,completed,BR,2026-08-17T00:33:00Z,2026-08-17
o-007963,c-1179,1767.05,cancelled,BR,2026-08-20T20:22:00Z,2026-08-20
o-007964,c-0573,1040.38,completed,BR,2026-08-09T22:12:00Z,2026-08-09
o-007965,c-1317,2386.37,completed,BR,2026-07-07T06:54:00Z,2026-07-08
o-007966,c-1133,2048.40,pending,BR,2026-06-21T06:45:00Z,2026-06-22
o-007967,c-1042,1611.61,completed,BR,2026-08-10T02:46:00Z,2026-08-10
o-007968,c-0698,609.56,completed,BR,2026-08-12T23:17:00Z,2026-08-13
o-007969,c-1150,1208.13,completed,BR,2026-05-30T16:44:00Z,2026-05-30
o-007970,c-0708,2022.51,completed,BR,2026-06-20T05:47:00Z,2026-06-20
o-007971,c-0029,19.17,completed,BR,2026-07-15T02:35:00Z,2026-07-16
o-007972,c-1235,2034.40,completed,BR,2026-06-30T12:43:00Z,2026-07-01
o-007973,c-0584,1168.61,completed,BR,2026-07-06T05:47:00Z,2026-07-06
o-007974,c-0551,1371.54,pending,BR,2026-08-13T12:55:00Z,2026-08-14
o-007975,c-0085,1392.22,pending,BR,2026-08-04T04:42:00Z,2026-08-04
o-007976,c-0939,2111.88,pending,BR,2026-08-15T00:47:00Z,2026-08-15
o-007977,c-0682,2047.81,completed,BR,2026-07-09T20:42:00Z,2026-07-10
o-007978,c-1828,1566.62,pending,BR,2026-08-16T01:57:00Z,2026-08-17
o-007979,c-0728,1848.47,completed,BR,2026-06-30T02:09:00Z,2026-07-01
o-007980,c-1352,1023.35,completed,BR,2026-08-13T16:01:00Z,2026-08-14
o-007981,c-1945,128.14,completed,BR,2026-07-13T09:30:00Z,2026-07-13
o-007982,c-0509,504.95,pending,BR,2026-06-13T09:53:00Z,2026-06-14
o-007983,c-1556,500.52,completed,BR,2026-05-26T13:20:00Z,2026-05-27
o-007984,c-1742,1817.54,completed,BR,2026-07-14T20:04:00Z,2026-07-15
o-007985,c-0452,749.44,completed,BR,2026-08-16T06:30:00Z,2026-08-16
o-007986,c-0708,377.65,pending,BR,2026-06-26T06:50:00Z,2026-06-26
o-007987,c-0089,1523.70,completed,BR,2026-07-14T17:15:00Z,2026-07-14
o-007988,c-1268,2284.64,pending,BR,2026-06-22T23:04:00Z,2026-06-22
o-007989,c-0335,2478.54,completed,BR,2026-07-13T08:37:00Z,2026-07-14
o-007990,c-0577,1097.88,completed,BR,2026-07-17T14:41:00Z,2026-07-18
o-007991,c-0595,708.12,completed,BR,2026-08-11T07:02:00Z,2026-08-12
o-007992,c-1350,1843.94,completed,BR,2026-06-02T23:02:00Z,2026-06-02
o-007993,c-1502,96.47,completed,BR,2026-06-29T16:49:00Z,2026-06-29
o-007994,c-0762,982.36,completed,BR,2026-06-08T03:07:00Z,2026-06-09
o-007995,c-0630,1792.56,completed,BR,2026-05-26T08:16:00Z,2026-05-26
o-007996,c-1693,141.34,cancelled,BR,2026-05-30T14:10:00Z,2026-05-30
o-007997,c-1409,183.11,pending,BR,2026-06-29T18:11:00Z,2026-06-29
o-007998,c-0581,1423.26,completed,BR,2026-07-15T09:03:00Z,2026-07-16
o-007999,c-0176,329.58,completed,BR,2026-05-28T21:54:00Z,2026-05-29
o-008000,c-1403,2419.57,completed,BR,2026-07-06T11:50:00Z,2026-07-06
o-008001,c-0445,224.97,pending,BR,2026-07-27T14:35:00Z,2026-07-28
o-008002,c-0080,970.66,completed,BR,2026-07-17T14:51:00Z,2026-07-18
o-008003,c-1327,293.83,completed,BR,2026-07-28T07:22:00Z,2026-07-28
o-008004,c-0681,1010.83,completed,BR,2026-06-07T08:46:00Z,2026-06-07
o-008005,c-1908,1147.28,completed,BR,2026-06-11T02:21:00Z,2026-06-11
o-008006,c-1106,973.76,completed,BR,2026-07-04T03:07:00Z,2026-07-04
o-008007,c-1858,1774.84,completed,BR,2026-07-22T03:16:00Z,2026-07-22
o-008008,c-1539,927.61,completed,BR,2026-06-06T01:25:00Z,2026-06-06
o-008009,c-1326,2143.23,cancelled,BR,2026-05-24T20:16:00Z,2026-05-25
o-008010,c-0383,2367.88,completed,BR,2026-06-07T22:02:00Z,2026-06-08
o-008011,c-0410,1250.66,completed,BR,2026-06-10T00:28:00Z,2026-06-10
o-008012,c-0660,1835.49,completed,BR,2026-07-01T10:52:00Z,2026-07-01
o-008013,c-0616,2316.38,completed,BR,2026-07-17T23:50:00Z,2026-07-17
o-008014,c-1515,1526.23,completed,BR,2026-06-08T10:49:00Z,2026-06-08
o-008015,c-1665,590.80,completed,BR,2026-08-17T00:59:00Z,2026-08-17
o-008016,c-1602,190.56,pending,BR,2026-06-04T22:53:00Z,2026-06-05
o-008017,c-1583,152.01,pending,BR,2026-08-09T21:32:00Z,2026-08-09
o-008018,c-0338,2087.42,pending,BR,2026-07-19T22:07:00Z,2026-07-19
o-008019,c-1356,1753.51,pending,BR,2026-06-15T16:33:00Z,2026-06-16
o-008020,c-1757,2247.08,pending,BR,2026-07-04T22:37:00Z,2026-07-05
o-008021,c-1276,379.31,completed,BR,2026-08-12T06:19:00Z,2026-08-13
o-008022,c-1682,114.66,completed,BR,2026-06-25T20:11:00Z,2026-06-26
o-008023,c-0498,1333.70,completed,BR,2026-08-11T19:54:00Z,2026-08-12
o-008024,c-1721,1096.18,completed,BR,2026-05-31T02:02:00Z,2026-06-01
o-008025,c-0144,2380.73,completed,BR,2026-08-12T23:08:00Z,2026-08-13
o-008026,c-0304,2048.89,completed,BR,2026-07-16T15:30:00Z,2026-07-17
o-008027,c-1265,1294.05,completed,BR,2026-07-20T14:32:00Z,2026-07-20
o-008028,c-0024,1235.46,completed,BR,2026-06-09T08:03:00Z,2026-06-09
o-008029,c-1297,899.48,completed,BR,2026-06-20T06:47:00Z,2026-06-20
o-008030,c-0728,1138.74,completed,BR,2026-08-02T05:42:00Z,2026-08-02
o-008031,c-1621,1083.52,completed,BR,2026-07-11T20:10:00Z,2026-07-11
o-008032,c-0169,1118.31,cancelled,BR,2026-06-11T18:51:00Z,2026-06-12
o-008033,c-1503,297.25,completed,BR,2026-08-13T12:03:00Z,2026-08-14
o-008034,c-1948,1468.14,pending,BR,2026-06-03T00:35:00Z,2026-06-04
o-008035,c-0004,1685.15,completed,BR,2026-08-03T05:42:00Z,2026-08-04
o-008036,c-0801,2245.97,completed,BR,2026-07-14T00:49:00Z,2026-07-15
o-008037,c-0469,2220.53,completed,BR,2026-08-05T19:41:00Z,2026-08-06
o-008038,c-0091,980.87,completed,BR,2026-08-13T15:27:00Z,2026-08-13
o-008039,c-1623,1791.44,completed,BR,2026-07-29T20:01:00Z,2026-07-29
o-008040,c-0696,2079.54,completed,BR,2026-08-08T01:35:00Z,2026-08-08
o-008041,c-0089,1043.14,completed,BR,2026-07-08T01:44:00Z,2026-07-08
o-008042,c-0720,2458.93,cancelled,BR,2026-07-17T09:19:00Z,2026-07-17
o-008043,c-1199,1436.91,completed,BR,2026-05-31T04:16:00Z,2026-05-31
o-008044,c-0856,169.25,completed,BR,2026-05-24T22:11:00Z,2026-05-24
o-008045,c-0902,1000.33,completed,BR,2026-08-11T16:07:00Z,2026-08-12
o-008046,c-1252,2194.03,completed,BR,2026-07-25T16:16:00Z,2026-07-25
o-008047,c-0486,339.16,cancelled,BR,2026-07-19T14:17:00Z,2026-07-19
o-008048,c-1995,301.66,completed,BR,2026-07-18T10:23:00Z,2026-07-18
o-008049,c-1985,1734.28,completed,BR,2026-05-28T08:12:00Z,2026-05-29
o-008050,c-0695,1606.01,completed,BR,2026-06-05T10:52:00Z,2026-06-06
o-008051,c-0726,1613.34,completed,BR,2026-06-08T05:39:00Z,2026-06-09
o-008052,c-0108,1791.89,completed,BR,2026-08-02T12:02:00Z,2026-08-02
o-008053,c-1940,1460.18,completed,BR,2026-07-25T09:35:00Z,2026-07-26
o-008054,c-0906,2126.56,pending,BR,2026-07-22T11:54:00Z,2026-07-22
o-008055,c-1582,1987.80,cancelled,BR,2026-07-02T07:16:00Z,2026-07-03
o-008056,c-0583,508.84,cancelled,BR,2026-07-25T00:33:00Z,2026-07-25
o-008057,c-0350,146.52,completed,BR,2026-05-26T06:31:00Z,2026-05-26
o-008058,c-1754,10.32,completed,BR,2026-08-12T04:51:00Z,2026-08-12
o-008059,c-1030,384.80,completed,BR,2026-06-04T12:00:00Z,2026-06-04
o-008060,c-1182,1162.78,completed,BR,2026-07-28T17:51:00Z,2026-07-29
o-008061,c-0234,2217.13,completed,BR,2026-08-03T00:31:00Z,2026-08-04
o-008062,c-0534,784.51,pending,BR,2026-05-29T08:14:00Z,2026-05-30
o-008063,c-1526,1680.13,pending,BR,2026-07-13T22:04:00Z,2026-07-14
o-008064,c-1964,1618.91,completed,BR,2026-06-13T14:44:00Z,2026-06-14
o-008065,c-0271,1081.66,completed,BR,2026-06-26T20:50:00Z,2026-06-26
o-008066,c-0347,1811.80,completed,BR,2026-06-15T16:41:00Z,2026-06-16
o-008067,c-1744,1989.03,completed,BR,2026-07-04T18:09:00Z,2026-07-04
o-008068,c-1449,1328.35,completed,BR,2026-07-31T16:51:00Z,2026-08-01
o-008069,c-1850,629.19,cancelled,BR,2026-08-04T06:54:00Z,2026-08-04
o-008070,c-1370,1464.55,cancelled,BR,2026-07-07T06:56:00Z,2026-07-07
o-008071,c-1091,111.41,completed,BR,2026-06-29T17:28:00Z,2026-06-30
o-008072,c-0173,1963.31,completed,BR,2026-06-24T07:46:00Z,2026-06-24
o-008073,c-1372,1691.25,completed,BR,2026-06-21T12:49:00Z,2026-06-21
o-008074,c-1271,2423.05,completed,BR,2026-07-04T14:21:00Z,2026-07-04
o-008075,c-1594,1846.71,completed,BR,2026-07-18T12:48:00Z,2026-07-18
o-008076,c-0215,1323.93,completed,BR,2026-06-24T05:45:00Z,2026-06-24
o-008077,c-0027,400.33,cancelled,BR,2026-06-13T20:31:00Z,2026-06-14
o-008078,c-0322,2118.14,completed,BR,2026-08-15T02:20:00Z,2026-08-15
o-008079,c-1617,2441.37,cancelled,BR,2026-06-06T13:31:00Z,2026-06-07
o-008080,c-1506,16.30,completed,BR,2026-08-08T13:02:00Z,2026-08-08
o-008081,c-0041,948.35,pending,BR,2026-07-02T16:56:00Z,2026-07-03
o-008082,c-1029,1695.80,completed,BR,2026-06-08T23:23:00Z,2026-06-09
o-008083,c-0739,1383.15,pending,BR,2026-06-19T17:52:00Z,2026-06-20
o-008084,c-0514,1757.60,cancelled,BR,2026-08-11T21:19:00Z,2026-08-12
o-008085,c-1283,845.19,completed,BR,2026-08-04T17:25:00Z,2026-08-04
o-008086,c-1080,2209.53,completed,BR,2026-06-24T12:24:00Z,2026-06-24
o-008087,c-1072,303.91,completed,BR,2026-08-08T16:25:00Z,2026-08-08
o-008088,c-0282,1514.53,completed,BR,2026-07-04T07:11:00Z,2026-07-04
o-008089,c-1774,196.44,completed,BR,2026-06-17T00:30:00Z,2026-06-17
o-008090,c-0955,2230.61,pending,BR,2026-06-05T19:02:00Z,2026-06-06
o-008091,c-1445,1319.51,completed,BR,2026-07-16T00:04:00Z,2026-07-17
o-008092,c-0128,1291.46,pending,BR,2026-06-20T07:59:00Z,2026-06-21
o-008093,c-1658,800.23,completed,BR,2026-07-29T04:38:00Z,2026-07-30
o-008094,c-0711,687.07,completed,BR,2026-06-18T06:49:00Z,2026-06-19
o-008095,c-1148,1304.59,completed,BR,2026-07-24T22:19:00Z,2026-07-24
o-008096,c-1810,878.40,completed,BR,2026-07-01T07:33:00Z,2026-07-01
o-008097,c-0094,2052.85,completed,BR,2026-08-17T01:41:00Z,2026-08-17
o-008098,c-0908,1273.36,completed,BR,2026-07-04T10:00:00Z,2026-07-04
o-008099,c-1592,805.52,cancelled,BR,2026-07-02T15:50:00Z,2026-07-03
o-008100,c-1461,153.82,completed,BR,2026-07-19T06:13:00Z,2026-07-20
o-008101,c-0140,676.46,cancelled,BR,2026-07-22T08:05:00Z,2026-07-23
o-008102,c-1566,2071.43,pending,BR,2026-06-20T04:39:00Z,2026-06-21
o-008103,c-0895,1042.28,completed,BR,2026-06-27T16:56:00Z,2026-06-27
o-008104,c-1968,1750.13,completed,BR,2026-07-15T09:34:00Z,2026-07-16
o-008105,c-0154,1111.82,completed,BR,2026-07-19T21:23:00Z,2026-07-20
o-008106,c-0971,511.40,pending,BR,2026-05-31T08:55:00Z,2026-06-01
o-008107,c-0061,204.66,completed,BR,2026-06-03T19:24:00Z,2026-06-04
o-008108,c-0053,2245.89,completed,BR,2026-08-06T04:20:00Z,2026-08-07
o-008109,c-1386,1279.33,completed,BR,2026-08-17T10:59:00Z,2026-08-18
o-008110,c-1698,320.38,completed,BR,2026-08-11T17:30:00Z,2026-08-12
o-008111,c-0981,959.15,completed,BR,2026-06-09T07:19:00Z,2026-06-10
o-008112,c-1561,307.91,completed,BR,2026-06-16T14:17:00Z,2026-06-16
o-008113,c-1597,323.65,completed,BR,2026-06-12T13:52:00Z,2026-06-13
o-008114,c-1634,2033.55,pending,BR,2026-07-05T05:36:00Z,2026-07-05
o-008115,c-1871,1670.73,completed,BR,2026-07-11T05:29:00Z,2026-07-12
o-008116,c-1560,633.30,completed,BR,2026-06-25T00:14:00Z,2026-06-26
o-008117,c-1197,1586.57,completed,BR,2026-08-04T07:38:00Z,2026-08-05
o-008118,c-0740,1552.34,completed,BR,2026-07-13T21:19:00Z,2026-07-13
o-008119,c-0372,1716.17,pending,BR,2026-06-25T14:02:00Z,2026-06-26
o-008120,c-0527,2214.17,completed,BR,2026-07-12T11:32:00Z,2026-07-12
o-008121,c-1250,1655.61,pending,BR,2026-05-24T02:35:00Z,2026-05-25
o-008122,c-0789,1932.42,pending,BR,2026-06-13T14:03:00Z,2026-06-14
o-008123,c-1757,603.79,completed,BR,2026-06-10T16:28:00Z,2026-06-10
o-008124,c-1744,2190.66,pending,BR,2026-07-28T07:17:00Z,2026-07-29
o-008125,c-0461,66.51,pending,BR,2026-08-10T22:42:00Z,2026-08-11
o-008126,c-1841,1793.43,completed,BR,2026-07-01T08:55:00Z,2026-07-01
o-008127,c-1645,704.35,completed,BR,2026-06-25T17:48:00Z,2026-06-25
o-008128,c-0618,1748.70,completed,BR,2026-07-11T22:46:00Z,2026-07-11
o-008129,c-1105,1781.88,completed,BR,2026-06-24T21:11:00Z,2026-06-25
o-008130,c-0340,771.82,pending,BR,2026-06-05T03:22:00Z,2026-06-06
o-008131,c-1127,1142.98,completed,BR,2026-07-30T02:21:00Z,2026-07-31
o-008132,c-0252,2098.05,completed,BR,2026-05-31T23:31:00Z,2026-05-31
o-008133,c-0775,2331.36,pending,BR,2026-06-22T23:33:00Z,2026-06-23
o-008134,c-0405,162.33,completed,BR,2026-08-12T06:57:00Z,2026-08-12
o-008135,c-1166,1728.64,completed,BR,2026-07-16T13:55:00Z,2026-07-16
o-008136,c-0869,428.19,pending,BR,2026-08-15T12:39:00Z,2026-08-16
o-008137,c-0983,2200.33,completed,BR,2026-06-01T16:08:00Z,2026-06-01
o-008138,c-0640,1163.78,cancelled,BR,2026-08-11T05:08:00Z,2026-08-12
o-008139,c-1012,1015.02,cancelled,BR,2026-08-01T13:28:00Z,2026-08-01
o-008140,c-1407,1142.33,completed,BR,2026-07-18T02:40:00Z,2026-07-19
o-008141,c-1063,1665.65,completed,BR,2026-08-09T04:21:00Z,2026-08-10
o-008142,c-1100,929.65,completed,BR,2026-07-02T04:38:00Z,2026-07-02
o-008143,c-0054,1963.94,completed,BR,2026-05-31T07:49:00Z,2026-06-01
o-008144,c-0490,631.58,completed,BR,2026-06-28T15:53:00Z,2026-06-28
o-008145,c-1975,168.39,pending,BR,2026-07-28T05:54:00Z,2026-07-28
o-008146,c-1943,170.20,completed,BR,2026-08-03T10:05:00Z,2026-08-04
o-008147,c-0189,1956.56,cancelled,BR,2026-07-19T00:27:00Z,2026-07-20
o-008148,c-0967,1634.63,cancelled,BR,2026-08-08T06:52:00Z,2026-08-08
o-008149,c-0430,247.49,pending,BR,2026-06-30T10:15:00Z,2026-06-30
o-008150,c-0396,1003.62,completed,BR,2026-07-06T10:00:00Z,2026-07-06
o-008151,c-1969,905.06,completed,BR,2026-06-14T23:05:00Z,2026-06-14
o-008152,c-0206,405.44,cancelled,BR,2026-08-20T12:28:00Z,2026-08-21
o-008153,c-1576,2140.28,completed,BR,2026-08-05T18:42:00Z,2026-08-06
o-008154,c-1739,1429.25,pending,BR,2026-07-19T15:02:00Z,2026-07-19
o-008155,c-0196,1758.69,completed,BR,2026-07-08T13:34:00Z,2026-07-08
o-008156,c-0758,1381.89,completed,BR,2026-05-31T08:51:00Z,2026-05-31
o-008157,c-0676,770.01,completed,BR,2026-06-16T12:55:00Z,2026-06-17
o-008158,c-1262,1278.18,completed,BR,2026-06-21T13:32:00Z,2026-06-22
o-008159,c-0482,1051.29,pending,BR,2026-06-30T21:19:00Z,2026-07-01
o-008160,c-1839,1450.97,pending,BR,2026-05-26T21:25:00Z,2026-05-26
o-008161,c-1540,335.06,completed,BR,2026-07-19T06:36:00Z,2026-07-19
o-008162,c-1298,72.67,pending,BR,2026-05-25T08:08:00Z,2026-05-26
o-008163,c-0301,1541.90,pending,BR,2026-06-01T02:39:00Z,2026-06-01
o-008164,c-0546,1120.01,cancelled,BR,2026-08-13T20:21:00Z,2026-08-13
o-008165,c-0883,1507.12,completed,BR,2026-06-13T01:36:00Z,2026-06-13
o-008166,c-1030,1202.93,pending,BR,2026-06-04T04:59:00Z,2026-06-04
o-008167,c-0442,1281.45,pending,BR,2026-08-09T16:12:00Z,2026-08-09
o-008168,c-0215,925.86,completed,BR,2026-08-16T21:23:00Z,2026-08-17
o-008169,c-1926,748.68,cancelled,BR,2026-06-02T13:35:00Z,2026-06-02
o-008170,c-1481,1572.03,completed,BR,2026-05-27T07:02:00Z,2026-05-28
o-008171,c-1490,2417.47,completed,BR,2026-07-03T21:44:00Z,2026-07-04
o-008172,c-1783,1052.97,completed,BR,2026-08-20T06:07:00Z,2026-08-21
o-008173,c-0433,2294.55,completed,BR,2026-07-07T15:16:00Z,2026-07-07
o-008174,c-0381,260.38,pending,BR,2026-06-07T11:17:00Z,2026-06-08
o-008175,c-1269,1580.24,completed,BR,2026-08-10T04:36:00Z,2026-08-10
o-008176,c-1554,1710.07,completed,BR,2026-06-05T19:24:00Z,2026-06-05
o-008177,c-1234,2161.39,completed,BR,2026-06-29T02:31:00Z,2026-06-30
o-008178,c-0650,2385.89,completed,BR,2026-05-25T11:36:00Z,2026-05-26
o-008179,c-1111,1588.02,pending,BR,2026-05-26T18:01:00Z,2026-05-26
o-008180,c-0862,2062.12,completed,BR,2026-06-02T10:57:00Z,2026-06-02
o-008181,c-1520,1043.80,completed,BR,2026-06-29T06:38:00Z,2026-06-30
o-008182,c-0746,1581.01,cancelled,BR,2026-08-14T08:57:00Z,2026-08-15
o-008183,c-0426,319.62,completed,BR,2026-08-05T13:02:00Z,2026-08-05
o-008184,c-0762,495.14,completed,BR,2026-08-11T00:22:00Z,2026-08-11
o-008185,c-0367,1987.00,completed,BR,2026-07-17T23:11:00Z,2026-07-18
o-008186,c-1387,2471.69,completed,BR,2026-08-02T20:44:00Z,2026-08-02
o-008187,c-1770,1999.65,cancelled,BR,2026-07-25T01:16:00Z,2026-07-26
o-008188,c-0566,1380.66,completed,BR,2026-07-03T11:06:00Z,2026-07-04
o-008189,c-1168,1831.89,completed,BR,2026-06-28T01:53:00Z,2026-06-29
o-008190,c-1828,1913.11,pending,BR,2026-08-17T09:06:00Z,2026-08-17
o-008191,c-1868,1602.29,completed,BR,2026-06-17T18:06:00Z,2026-06-17
o-008192,c-0481,1285.17,pending,BR,2026-06-01T22:25:00Z,2026-06-02
o-008193,c-1020,1104.32,completed,BR,2026-08-17T11:09:00Z,2026-08-17
o-008194,c-1040,2285.11,completed,BR,2026-07-26T12:33:00Z,2026-07-26
o-008195,c-0535,1739.12,completed,BR,2026-06-25T04:37:00Z,2026-06-25
o-008196,c-0067,2491.56,completed,BR,2026-08-15T16:37:00Z,2026-08-15
o-008197,c-0669,1935.29,pending,BR,2026-08-12T10:30:00Z,2026-08-12
o-008198,c-1247,1789.06,cancelled,BR,2026-05-28T06:30:00Z,2026-05-28
o-008199,c-0439,1133.23,completed,BR,2026-06-02T04:03:00Z,2026-06-03
o-008200,c-1981,1381.68,completed,BR,2026-08-03T20:44:00Z,2026-08-04
o-008201,c-1064,890.16,completed,BR,2026-07-20T08:33:00Z,2026-07-21
o-008202,c-1941,1380.29,pending,BR,2026-06-24T00:46:00Z,2026-06-25
o-008203,c-1416,1636.31,cancelled,BR,2026-05-24T10:03:00Z,2026-05-24
o-008204,c-1134,256.94,completed,BR,2026-07-11T02:31:00Z,2026-07-11
o-008205,c-0005,97.82,completed,BR,2026-07-07T09:46:00Z,2026-07-07
o-008206,c-1483,2126.58,cancelled,BR,2026-06-09T21:12:00Z,2026-06-10
o-008207,c-1037,2313.48,completed,BR,2026-08-05T09:43:00Z,2026-08-06
o-008208,c-0339,799.22,pending,BR,2026-08-20T18:24:00Z,2026-08-20
o-008209,c-0662,2105.46,completed,BR,2026-06-26T08:06:00Z,2026-06-26
o-008210,c-1359,2402.55,pending,BR,2026-08-03T17:28:00Z,2026-08-03
o-008211,c-0129,2278.98,completed,BR,2026-06-16T21:08:00Z,2026-06-16
o-008212,c-0683,368.39,completed,BR,2026-07-25T13:07:00Z,2026-07-25
o-008213,c-0198,2212.63,completed,BR,2026-06-21T05:16:00Z,2026-06-21
o-008214,c-1227,1018.53,completed,BR,2026-06-09T21:26:00Z,2026-06-09
o-008215,c-0270,313.01,pending,BR,2026-07-14T22:36:00Z,2026-07-15
o-008216,c-1058,224.66,completed,BR,2026-08-12T01:00:00Z,2026-08-12
o-008217,c-0132,415.92,completed,BR,2026-08-20T00:07:00Z,2026-08-21
o-008218,c-0932,1451.36,completed,BR,2026-07-09T20:24:00Z,2026-07-10
o-008219,c-1855,618.11,completed,BR,2026-08-13T06:24:00Z,2026-08-14
o-008220,c-0204,737.11,completed,BR,2026-07-12T05:11:00Z,2026-07-12
o-008221,c-1536,1219.23,completed,BR,2026-08-13T01:20:00Z,2026-08-13
o-008222,c-1050,1686.45,pending,BR,2026-08-04T20:00:00Z,2026-08-05
o-008223,c-1496,1536.26,completed,BR,2026-06-26T05:33:00Z,2026-06-26
o-008224,c-0893,1360.78,completed,BR,2026-07-04T14:31:00Z,2026-07-04
o-008225,c-0176,70.57,completed,BR,2026-06-15T14:18:00Z,2026-06-15
o-008226,c-1953,130.77,cancelled,BR,2026-08-05T02:58:00Z,2026-08-06
o-008227,c-1518,1154.12,pending,BR,2026-07-27T23:53:00Z,2026-07-27
o-008228,c-0765,852.23,completed,BR,2026-07-01T18:22:00Z,2026-07-02
o-008229,c-0343,1558.65,completed,BR,2026-08-11T10:08:00Z,2026-08-11
o-008230,c-0197,1212.36,completed,BR,2026-07-01T04:16:00Z,2026-07-02
o-008231,c-1897,1609.56,completed,BR,2026-07-30T01:42:00Z,2026-07-30
o-008232,c-0047,2228.35,completed,BR,2026-08-13T14:11:00Z,2026-08-14
o-008233,c-0644,1938.46,completed,BR,2026-06-23T23:16:00Z,2026-06-23
o-008234,c-0068,784.36,completed,BR,2026-07-24T16:48:00Z,2026-07-24
o-008235,c-0501,271.19,completed,BR,2026-07-10T04:46:00Z,2026-07-11
o-008236,c-0466,156.09,completed,BR,2026-06-09T08:54:00Z,2026-06-09
o-008237,c-0450,44.08,completed,BR,2026-06-18T02:18:00Z,2026-06-19
o-008238,c-0620,2082.93,completed,BR,2026-06-28T07:29:00Z,2026-06-29
o-008239,c-1029,1696.33,completed,BR,2026-07-09T10:42:00Z,2026-07-09
o-008240,c-1514,337.18,completed,BR,2026-07-22T00:42:00Z,2026-07-22
o-008241,c-0876,137.42,completed,BR,2026-07-21T12:39:00Z,2026-07-22
o-008242,c-1255,1461.35,cancelled,BR,2026-07-19T22:11:00Z,2026-07-20
o-008243,c-0826,1681.28,completed,BR,2026-07-01T02:04:00Z,2026-07-01
o-008244,c-0713,43.47,completed,BR,2026-07-17T09:39:00Z,2026-07-18
o-008245,c-0926,423.89,completed,BR,2026-07-13T06:13:00Z,2026-07-14
o-008246,c-1037,70.59,completed,BR,2026-06-06T03:39:00Z,2026-06-07
o-008247,c-1023,788.87,completed,BR,2026-07-07T20:11:00Z,2026-07-07
o-008248,c-0094,242.40,completed,BR,2026-07-23T00:46:00Z,2026-07-24
o-008249,c-0292,325.82,completed,BR,2026-08-03T23:14:00Z,2026-08-03
o-008250,c-1330,1795.75,completed,BR,2026-08-01T02:51:00Z,2026-08-02
o-008251,c-0476,534.43,completed,BR,2026-06-01T13:25:00Z,2026-06-02
o-008252,c-0630,1697.13,cancelled,BR,2026-07-14T18:31:00Z,2026-07-14
o-008253,c-0999,290.62,completed,BR,2026-07-29T22:37:00Z,2026-07-30
o-008254,c-1839,174.52,completed,BR,2026-07-09T15:34:00Z,2026-07-10
o-008255,c-0263,603.49,completed,BR,2026-06-17T15:07:00Z,2026-06-18
o-008256,c-1326,925.53,cancelled,BR,2026-07-13T00:11:00Z,2026-07-14
o-008257,c-0618,329.92,completed,BR,2026-06-14T23:53:00Z,2026-06-15
o-008258,c-0695,1993.49,completed,BR,2026-06-28T22:24:00Z,2026-06-28
o-008259,c-0914,177.63,completed,BR,2026-08-13T17:31:00Z,2026-08-14
o-008260,c-1771,69.39,completed,BR,2026-07-07T20:44:00Z,2026-07-08
o-008261,c-1285,168.37,pending,BR,2026-07-25T16:16:00Z,2026-07-26
o-008262,c-0572,127.46,completed,BR,2026-07-24T08:49:00Z,2026-07-25
o-008263,c-0349,694.07,cancelled,BR,2026-07-18T19:52:00Z,2026-07-18
o-008264,c-0832,977.38,cancelled,BR,2026-06-28T09:34:00Z,2026-06-29
o-008265,c-1610,2495.70,completed,BR,2026-06-07T17:33:00Z,2026-06-07
o-008266,c-0834,174.29,completed,BR,2026-07-24T22:28:00Z,2026-07-24
o-008267,c-0606,2059.96,completed,BR,2026-08-06T13:28:00Z,2026-08-07
o-008268,c-0768,1752.15,completed,BR,2026-06-22T22:15:00Z,2026-06-22
o-008269,c-1312,1293.63,pending,BR,2026-07-28T03:20:00Z,2026-07-29
o-008270,c-1015,821.09,completed,BR,2026-06-19T10:17:00Z,2026-06-20
o-008271,c-0704,1656.38,completed,BR,2026-08-12T00:46:00Z,2026-08-13
o-008272,c-1232,1960.30,completed,BR,2026-07-18T20:03:00Z,2026-07-19
o-008273,c-1293,1601.55,completed,BR,2026-06-18T00:01:00Z,2026-06-18
o-008274,c-0994,493.62,pending,BR,2026-06-25T03:09:00Z,2026-06-26
o-008275,c-0353,2404.04,completed,BR,2026-06-05T20:11:00Z,2026-06-06
o-008276,c-0783,1122.26,completed,BR,2026-05-29T11:23:00Z,2026-05-30
o-008277,c-1615,1616.11,completed,BR,2026-07-03T03:31:00Z,2026-07-04
o-008278,c-0592,1588.46,completed,BR,2026-07-03T04:59:00Z,2026-07-04
o-008279,c-0631,2281.77,pending,BR,2026-06-26T06:28:00Z,2026-06-27
o-008280,c-0317,1265.69,completed,BR,2026-06-11T00:11:00Z,2026-06-11
o-008281,c-0106,691.63,completed,BR,2026-06-29T18:25:00Z,2026-06-29
o-008282,c-0938,409.02,completed,BR,2026-05-30T21:06:00Z,2026-05-31
o-008283,c-1052,1156.01,completed,BR,2026-07-14T14:14:00Z,2026-07-15
o-008284,c-0349,937.96,completed,BR,2026-06-22T05:07:00Z,2026-06-23
o-008285,c-0799,1803.08,cancelled,BR,2026-06-16T05:03:00Z,2026-06-17
o-008286,c-1501,7.67,pending,BR,2026-05-28T12:57:00Z,2026-05-29
o-008287,c-1865,1572.77,completed,BR,2026-07-04T17:33:00Z,2026-07-05
o-008288,c-0559,1675.26,completed,BR,2026-07-12T08:37:00Z,2026-07-13
o-008289,c-0148,263.19,pending,BR,2026-05-27T21:10:00Z,2026-05-27
o-008290,c-1102,1426.47,completed,BR,2026-05-27T09:03:00Z,2026-05-28
o-008291,c-0295,616.16,completed,BR,2026-07-08T03:44:00Z,2026-07-09
o-008292,c-0646,315.90,completed,BR,2026-08-06T05:56:00Z,2026-08-07
o-008293,c-0057,846.62,completed,BR,2026-06-21T02:17:00Z,2026-06-21
o-008294,c-0554,2247.56,completed,BR,2026-07-25T01:57:00Z,2026-07-26
o-008295,c-0445,201.28,completed,BR,2026-07-20T14:10:00Z,2026-07-20
o-008296,c-0294,1405.59,completed,BR,2026-08-07T10:58:00Z,2026-08-07
o-008297,c-1503,1003.53,cancelled,BR,2026-06-13T17:46:00Z,2026-06-14
o-008298,c-0068,209.69,pending,BR,2026-08-19T20:30:00Z,2026-08-20
o-008299,c-1957,537.49,completed,BR,2026-07-28T01:07:00Z,2026-07-28
o-008300,c-0131,2017.34,completed,BR,2026-07-06T05:43:00Z,2026-07-06
o-008301,c-1936,523.66,completed,BR,2026-06-13T04:13:00Z,2026-06-14
o-008302,c-1012,841.89,completed,BR,2026-07-29T00:25:00Z,2026-07-29
o-008303,c-1289,471.85,completed,BR,2026-08-18T19:25:00Z,2026-08-19
o-008304,c-0840,91.44,pending,BR,2026-06-13T13:06:00Z,2026-06-14
o-008305,c-1483,1860.22,completed,BR,2026-07-01T04:29:00Z,2026-07-01
o-008306,c-0403,1648.43,completed,BR,2026-05-30T04:07:00Z,2026-05-31
o-008307,c-1373,955.28,pending,BR,2026-08-09T23:48:00Z,2026-08-09
o-008308,c-0639,1186.58,completed,BR,2026-05-29T04:39:00Z,2026-05-30
o-008309,c-1356,1895.82,completed,BR,2026-07-08T08:18:00Z,2026-07-08
o-008310,c-1203,1871.84,pending,BR,2026-06-25T06:31:00Z,2026-06-26
o-008311,c-1776,87.64,completed,BR,2026-07-15T14:59:00Z,2026-07-15
o-008312,c-0677,31.47,completed,BR,2026-06-13T07:28:00Z,2026-06-13
o-008313,c-1543,689.20,completed,BR,2026-07-03T12:00:00Z,2026-07-04
o-008314,c-1101,1901.28,pending,BR,2026-06-03T02:37:00Z,2026-06-03
o-008315,c-1867,1014.48,pending,BR,2026-06-22T05:55:00Z,2026-06-22
o-008316,c-1379,1013.63,completed,BR,2026-06-06T02:52:00Z,2026-06-07
o-008317,c-1042,845.28,completed,BR,2026-08-08T22:10:00Z,2026-08-09
o-008318,c-0366,1992.31,completed,BR,2026-07-13T19:18:00Z,2026-07-13
o-008319,c-1563,368.85,pending,BR,2026-08-08T04:59:00Z,2026-08-09
o-008320,c-0506,1367.97,completed,BR,2026-07-18T10:50:00Z,2026-07-19
o-008321,c-1980,2322.57,completed,BR,2026-07-13T11:43:00Z,2026-07-14
o-008322,c-0332,403.89,completed,BR,2026-07-08T16:57:00Z,2026-07-08
o-008323,c-0893,1085.06,completed,BR,2026-08-02T06:15:00Z,2026-08-03
o-008324,c-0098,1286.87,pending,BR,2026-06-16T15:32:00Z,2026-06-16
o-008325,c-0804,2126.45,completed,BR,2026-08-12T18:11:00Z,2026-08-13
o-008326,c-0850,1308.51,completed,BR,2026-07-28T00:34:00Z,2026-07-28
o-008327,c-0986,1474.16,completed,BR,2026-06-22T01:01:00Z,2026-06-22
o-008328,c-0382,2029.86,completed,BR,2026-07-08T00:39:00Z,2026-07-08
o-008329,c-1418,1025.87,pending,BR,2026-06-27T15:55:00Z,2026-06-27
o-008330,c-1268,392.69,completed,BR,2026-06-20T14:51:00Z,2026-06-20
o-008331,c-0543,359.32,completed,BR,2026-07-22T09:28:00Z,2026-07-22
o-008332,c-1022,2070.44,completed,BR,2026-06-14T20:09:00Z,2026-06-15
o-008333,c-1483,1759.94,completed,BR,2026-08-04T10:16:00Z,2026-08-04
o-008334,c-1022,2058.95,pending,BR,2026-06-08T19:15:00Z,2026-06-08
o-008335,c-1925,991.07,completed,BR,2026-07-27T06:09:00Z,2026-07-28
o-008336,c-0061,1699.22,completed,BR,2026-07-27T02:50:00Z,2026-07-28
o-008337,c-1253,1258.34,completed,BR,2026-08-16T13:58:00Z,2026-08-16
o-008338,c-1362,1255.45,completed,BR,2026-07-26T00:38:00Z,2026-07-26
o-008339,c-0539,53.44,completed,BR,2026-07-12T23:11:00Z,2026-07-13
o-008340,c-0301,2488.22,pending,BR,2026-07-04T04:11:00Z,2026-07-05
o-008341,c-0737,1507.72,completed,BR,2026-07-24T07:51:00Z,2026-07-24
o-008342,c-1413,1760.83,completed,BR,2026-06-14T05:57:00Z,2026-06-14
o-008343,c-0209,2002.16,cancelled,BR,2026-06-22T04:20:00Z,2026-06-22
o-008344,c-1592,245.35,completed,BR,2026-08-05T06:49:00Z,2026-08-05
o-008345,c-1161,2331.20,completed,BR,2026-07-08T03:05:00Z,2026-07-09
o-008346,c-0693,2037.96,cancelled,BR,2026-05-31T13:00:00Z,2026-06-01
o-008347,c-0356,1938.41,completed,BR,2026-08-06T10:56:00Z,2026-08-06
o-008348,c-0461,502.24,completed,BR,2026-05-23T23:21:00Z,2026-05-24
o-008349,c-0663,2110.37,completed,BR,2026-07-13T12:47:00Z,2026-07-14
o-008350,c-1858,2399.21,completed,BR,2026-08-18T02:32:00Z,2026-08-18
o-008351,c-0435,2281.85,completed,BR,2026-05-23T14:09:00Z,2026-05-23
o-008352,c-1510,1435.51,completed,BR,2026-06-03T17:16:00Z,2026-06-04
o-008353,c-0676,2316.43,pending,BR,2026-07-14T06:27:00Z,2026-07-15
o-008354,c-1855,1970.48,cancelled,BR,2026-07-20T23:55:00Z,2026-07-21
o-008355,c-1329,2185.65,completed,BR,2026-08-10T18:04:00Z,2026-08-11
o-008356,c-1690,1034.08,completed,BR,2026-05-30T23:11:00Z,2026-05-30
o-008357,c-0405,948.71,cancelled,BR,2026-08-04T22:36:00Z,2026-08-05
o-008358,c-1406,264.83,completed,BR,2026-07-19T21:00:00Z,2026-07-20
o-008359,c-0404,2218.98,completed,BR,2026-06-11T09:38:00Z,2026-06-11
o-008360,c-1745,1048.14,completed,BR,2026-06-07T15:29:00Z,2026-06-08
o-008361,c-1565,682.58,cancelled,BR,2026-06-10T05:09:00Z,2026-06-10
o-008362,c-1757,468.90,completed,BR,2026-08-13T03:51:00Z,2026-08-14
o-008363,c-0393,2433.35,completed,BR,2026-08-18T18:01:00Z,2026-08-18
o-008364,c-0528,1112.17,completed,BR,2026-07-03T03:02:00Z,2026-07-03
o-008365,c-1211,2320.64,completed,BR,2026-08-02T10:00:00Z,2026-08-02
o-008366,c-0482,424.89,completed,BR,2026-06-30T10:13:00Z,2026-07-01
o-008367,c-0180,2413.34,completed,BR,2026-07-16T23:12:00Z,2026-07-17
o-008368,c-0462,168.27,completed,BR,2026-06-01T19:43:00Z,2026-06-01
o-008369,c-1831,2499.99,completed,BR,2026-06-17T11:16:00Z,2026-06-18
o-008370,c-1287,217.36,completed,BR,2026-06-25T06:15:00Z,2026-06-25
o-008371,c-0663,760.22,completed,BR,2026-07-14T17:36:00Z,2026-07-14
o-008372,c-1412,1686.74,completed,BR,2026-07-31T04:36:00Z,2026-08-01
o-008373,c-0699,1932.38,completed,BR,2026-06-14T16:59:00Z,2026-06-15
o-008374,c-0710,1154.85,completed,BR,2026-07-15T18:43:00Z,2026-07-15
o-008375,c-1550,1412.65,completed,BR,2026-06-02T13:47:00Z,2026-06-02
o-008376,c-0757,2353.87,completed,BR,2026-06-17T03:58:00Z,2026-06-18
o-008377,c-0660,625.77,completed,BR,2026-06-04T06:13:00Z,2026-06-05
o-008378,c-0228,1967.80,completed,BR,2026-08-19T09:54:00Z,2026-08-20
o-008379,c-0168,1080.53,completed,BR,2026-05-24T10:17:00Z,2026-05-24
o-008380,c-0464,1134.42,completed,BR,2026-08-16T22:53:00Z,2026-08-16
o-008381,c-0784,1176.70,completed,BR,2026-08-20T08:30:00Z,2026-08-20
o-008382,c-0856,1515.66,cancelled,BR,2026-07-09T07:51:00Z,2026-07-09
o-008383,c-0357,274.50,pending,BR,2026-08-07T09:54:00Z,2026-08-07
o-008384,c-1358,1720.23,completed,BR,2026-07-19T04:38:00Z,2026-07-20
o-008385,c-0915,2464.96,pending,BR,2026-06-26T02:35:00Z,2026-06-27
o-008386,c-0348,1534.08,completed,BR,2026-06-05T20:24:00Z,2026-06-06
o-008387,c-1131,2314.40,completed,BR,2026-07-02T23:44:00Z,2026-07-03
o-008388,c-1414,648.33,cancelled,BR,2026-05-24T03:38:00Z,2026-05-24
o-008389,c-1308,912.24,completed,BR,2026-06-07T14:21:00Z,2026-06-08
o-008390,c-1637,8.02,completed,BR,2026-06-05T13:07:00Z,2026-06-06
o-008391,c-1446,588.76,pending,BR,2026-06-26T01:14:00Z,2026-06-27
o-008392,c-0258,2114.27,completed,BR,2026-06-28T11:28:00Z,2026-06-29
o-008393,c-1677,1474.45,completed,BR,2026-06-29T02:16:00Z,2026-06-29
o-008394,c-0729,2334.71,pending,BR,2026-08-09T11:25:00Z,2026-08-09
o-008395,c-0837,1694.67,completed,BR,2026-07-27T10:41:00Z,2026-07-28
o-008396,c-0329,1270.19,completed,BR,2026-06-16T03:13:00Z,2026-06-16
o-008397,c-1266,1551.06,completed,BR,2026-07-27T06:57:00Z,2026-07-28
o-008398,c-0416,2334.02,completed,BR,2026-08-18T21:23:00Z,2026-08-18
o-008399,c-1785,1518.15,pending,BR,2026-07-21T13:15:00Z,2026-07-22
o-008400,c-1049,2328.28,completed,BR,2026-08-15T18:09:00Z,2026-08-15
o-008401,c-0685,1783.00,completed,BR,2026-06-26T07:31:00Z,2026-06-27
o-008402,c-0402,1055.23,completed,BR,2026-07-25T03:04:00Z,2026-07-26
o-008403,c-1664,294.11,pending,BR,2026-07-09T06:40:00Z,2026-07-10
o-008404,c-1223,1894.67,completed,BR,2026-06-16T19:17:00Z,2026-06-17
o-008405,c-1653,123.90,completed,BR,2026-07-28T19:21:00Z,2026-07-28
o-008406,c-1243,662.85,completed,BR,2026-05-30T19:36:00Z,2026-05-31
o-008407,c-1442,380.42,completed,BR,2026-08-19T20:17:00Z,2026-08-19
o-008408,c-0915,1453.07,completed,BR,2026-08-09T09:58:00Z,2026-08-09
o-008409,c-0175,784.02,completed,BR,2026-06-07T08:10:00Z,2026-06-07
o-008410,c-0730,634.82,pending,BR,2026-05-27T18:25:00Z,2026-05-28
o-008411,c-1726,976.49,completed,BR,2026-06-10T17:23:00Z,2026-06-11
o-008412,c-0536,87.32,completed,BR,2026-07-09T05:47:00Z,2026-07-10
o-008413,c-1304,1728.37,cancelled,BR,2026-05-25T06:23:00Z,2026-05-26
o-008414,c-1887,1157.40,completed,BR,2026-06-21T01:28:00Z,2026-06-22
o-008415,c-1169,2030.76,completed,BR,2026-06-01T21:41:00Z,2026-06-01
o-008416,c-1194,75.26,completed,BR,2026-07-07T03:39:00Z,2026-07-08
o-008417,c-0048,1221.73,pending,BR,2026-06-21T08:51:00Z,2026-06-22
o-008418,c-0211,909.57,completed,BR,2026-06-07T22:47:00Z,2026-06-07
o-008419,c-1023,129.43,completed,BR,2026-06-11T04:03:00Z,2026-06-11
o-008420,c-1686,797.69,pending,BR,2026-06-18T19:01:00Z,2026-06-18
o-008421,c-0368,1464.93,completed,BR,2026-05-31T23:05:00Z,2026-06-01
o-008422,c-0904,645.50,completed,BR,2026-07-19T05:39:00Z,2026-07-19
o-008423,c-1451,871.85,completed,BR,2026-06-08T07:30:00Z,2026-06-08
o-008424,c-1422,1546.99,completed,BR,2026-07-25T11:30:00Z,2026-07-26
o-008425,c-0642,944.98,completed,BR,2026-06-28T04:52:00Z,2026-06-29
o-008426,c-0475,492.97,pending,BR,2026-06-23T20:35:00Z,2026-06-24
o-008427,c-1812,1827.10,completed,BR,2026-05-31T18:58:00Z,2026-05-31
o-008428,c-0425,1783.80,completed,BR,2026-05-29T17:08:00Z,2026-05-30
o-008429,c-0183,525.09,completed,BR,2026-05-29T12:42:00Z,2026-05-30
o-008430,c-1355,2144.96,completed,BR,2026-08-05T01:12:00Z,2026-08-06
o-008431,c-1309,1861.96,completed,BR,2026-06-29T03:31:00Z,2026-06-30
o-008432,c-1515,2210.84,cancelled,BR,2026-06-18T09:45:00Z,2026-06-18
o-008433,c-1916,1878.60,completed,BR,2026-07-20T03:35:00Z,2026-07-20
o-008434,c-1704,2440.25,completed,BR,2026-07-30T05:05:00Z,2026-07-31
o-008435,c-1374,47.10,completed,BR,2026-06-16T18:10:00Z,2026-06-16
o-008436,c-0138,1322.57,completed,BR,2026-08-12T21:33:00Z,2026-08-12
o-008437,c-1383,216.97,pending,BR,2026-05-26T17:51:00Z,2026-05-26
o-008438,c-0316,2313.98,completed,BR,2026-07-31T17:15:00Z,2026-08-01
o-008439,c-1183,1701.41,cancelled,BR,2026-08-17T04:51:00Z,2026-08-18
o-008440,c-0922,1522.33,completed,BR,2026-07-07T13:19:00Z,2026-07-08
o-008441,c-1351,164.27,completed,BR,2026-08-14T21:12:00Z,2026-08-15
o-008442,c-0598,2275.22,completed,BR,2026-06-15T16:25:00Z,2026-06-15
o-008443,c-1213,2449.46,completed,BR,2026-06-12T09:51:00Z,2026-06-12
o-008444,c-1359,396.24,completed,BR,2026-06-25T19:09:00Z,2026-06-25
o-008445,c-0462,180.44,completed,BR,2026-08-10T02:16:00Z,2026-08-11
o-008446,c-0021,1519.98,completed,BR,2026-05-26T20:12:00Z,2026-05-27
o-008447,c-1572,1200.75,completed,BR,2026-07-10T19:15:00Z,2026-07-11
o-008448,c-0483,1442.91,completed,BR,2026-06-03T00:24:00Z,2026-06-04
o-008449,c-0464,554.35,cancelled,BR,2026-06-15T14:24:00Z,2026-06-16
o-008450,c-1680,544.92,pending,BR,2026-07-31T21:03:00Z,2026-07-31
o-008451,c-1418,753.37,completed,BR,2026-07-28T19:36:00Z,2026-07-28
o-008452,c-0483,2407.30,completed,BR,2026-07-06T23:21:00Z,2026-07-06
o-008453,c-0056,188.20,completed,BR,2026-06-06T20:44:00Z,2026-06-07
o-008454,c-1390,778.70,pending,BR,2026-08-01T09:31:00Z,2026-08-01
o-008455,c-0009,1119.23,completed,BR,2026-06-05T23:52:00Z,2026-06-06
o-008456,c-0029,2433.91,completed,BR,2026-06-13T03:46:00Z,2026-06-14
o-008457,c-0935,823.87,completed,BR,2026-06-09T11:49:00Z,2026-06-10
o-008458,c-1533,2242.73,completed,BR,2026-07-29T07:36:00Z,2026-07-29
o-008459,c-0054,2403.10,completed,BR,2026-05-23T22:17:00Z,2026-05-23
o-008460,c-1481,135.33,completed,BR,2026-06-08T16:48:00Z,2026-06-08
o-008461,c-0113,2468.23,cancelled,BR,2026-08-07T14:11:00Z,2026-08-08
o-008462,c-1675,2082.36,completed,BR,2026-07-07T03:09:00Z,2026-07-08
o-008463,c-0440,1160.95,completed,BR,2026-07-25T19:27:00Z,2026-07-25
o-008464,c-0426,1756.36,pending,BR,2026-06-12T11:06:00Z,2026-06-13
o-008465,c-0793,1076.39,pending,BR,2026-08-10T19:11:00Z,2026-08-10
o-008466,c-1856,414.76,completed,BR,2026-06-12T03:54:00Z,2026-06-12
o-008467,c-0439,760.72,completed,BR,2026-07-06T17:11:00Z,2026-07-07
o-008468,c-1971,997.67,completed,BR,2026-06-12T02:37:00Z,2026-06-12
o-008469,c-1225,2337.85,completed,BR,2026-08-07T01:37:00Z,2026-08-08
o-008470,c-1792,745.99,pending,BR,2026-07-25T11:58:00Z,2026-07-25
o-008471,c-1559,1100.29,pending,BR,2026-07-19T17:58:00Z,2026-07-19
o-008472,c-0715,2403.49,cancelled,BR,2026-07-27T11:34:00Z,2026-07-28
o-008473,c-1864,782.78,completed,BR,2026-07-15T18:22:00Z,2026-07-16
o-008474,c-1387,1244.17,pending,BR,2026-07-03T03:35:00Z,2026-07-04
o-008475,c-1765,916.56,pending,BR,2026-07-12T14:38:00Z,2026-07-13
o-008476,c-1892,703.73,completed,BR,2026-06-04T11:37:00Z,2026-06-04
o-008477,c-0642,1542.53,pending,BR,2026-07-04T13:32:00Z,2026-07-05
o-008478,c-0006,779.46,completed,BR,2026-06-25T12:39:00Z,2026-06-26
o-008479,c-1265,895.99,pending,BR,2026-07-31T01:50:00Z,2026-08-01
o-008480,c-1411,996.58,pending,BR,2026-08-19T20:24:00Z,2026-08-19
o-008481,c-1039,1761.79,pending,BR,2026-06-15T16:23:00Z,2026-06-15
o-008482,c-1467,742.90,completed,BR,2026-07-21T10:00:00Z,2026-07-21
o-008483,c-0057,1600.30,completed,BR,2026-07-04T05:07:00Z,2026-07-04
o-008484,c-1569,1939.65,completed,BR,2026-05-24T05:37:00Z,2026-05-25
o-008485,c-0544,1751.35,completed,BR,2026-06-09T15:24:00Z,2026-06-09
o-008486,c-0664,2391.06,completed,BR,2026-06-29T16:29:00Z,2026-06-30
o-008487,c-1209,2133.23,completed,BR,2026-07-02T21:06:00Z,2026-07-02
o-008488,c-1379,1495.45,completed,BR,2026-07-09T17:38:00Z,2026-07-09
o-008489,c-1496,2462.17,completed,BR,2026-08-11T07:21:00Z,2026-08-12
o-008490,c-1169,1524.72,pending,BR,2026-08-18T19:53:00Z,2026-08-18
o-008491,c-0888,1478.02,completed,BR,2026-07-06T20:41:00Z,2026-07-07
o-008492,c-0294,338.01,completed,BR,2026-08-14T21:20:00Z,2026-08-14
o-008493,c-0266,2478.61,completed,BR,2026-05-28T02:35:00Z,2026-05-28
o-008494,c-1017,1670.08,pending,BR,2026-07-20T07:49:00Z,2026-07-20
o-008495,c-0251,203.50,pending,BR,2026-07-16T07:13:00Z,2026-07-17
o-008496,c-1743,68.51,completed,BR,2026-06-04T01:20:00Z,2026-06-04
o-008497,c-0578,1683.03,pending,BR,2026-08-08T12:40:00Z,2026-08-08
o-008498,c-1267,1637.75,pending,BR,2026-06-26T01:01:00Z,2026-06-27
o-008499,c-1264,1229.43,pending,BR,2026-06-18T08:58:00Z,2026-06-19
o-008500,c-0733,1503.08,completed,BR,2026-06-03T00:45:00Z,2026-06-04
o-008501,c-0334,46.66,completed,BR,2026-06-29T02:56:00Z,2026-06-29
o-008502,c-1117,1569.82,cancelled,BR,2026-07-03T08:36:00Z,2026-07-03
o-008503,c-1707,1165.71,completed,BR,2026-07-03T10:02:00Z,2026-07-04
o-008504,c-0637,302.98,cancelled,BR,2026-06-07T19:03:00Z,2026-06-07
o-008505,c-0938,927.33,completed,BR,2026-07-21T00:53:00Z,2026-07-22
o-008506,c-1697,1961.06,cancelled,BR,2026-08-15T00:54:00Z,2026-08-16
o-008507,c-0190,2270.93,completed,BR,2026-06-27T03:13:00Z,2026-06-28
o-008508,c-1672,255.94,pending,BR,2026-06-25T17:13:00Z,2026-06-26
o-008509,c-1737,1504.36,cancelled,BR,2026-07-08T18:53:00Z,2026-07-09
o-008510,c-1103,2423.66,completed,BR,2026-05-30T22:26:00Z,2026-05-30
o-008511,c-1815,345.48,completed,BR,2026-08-15T03:52:00Z,2026-08-16
o-008512,c-0796,1410.57,completed,BR,2026-06-24T19:01:00Z,2026-06-25
o-008513,c-1816,57.01,completed,BR,2026-06-14T15:27:00Z,2026-06-14
o-008514,c-0040,31.87,completed,BR,2026-07-07T02:42:00Z,2026-07-07
o-008515,c-0056,2307.62,pending,BR,2026-06-25T11:37:00Z,2026-06-26
o-008516,c-1196,278.65,cancelled,BR,2026-07-22T06:45:00Z,2026-07-23
o-008517,c-1231,657.08,completed,BR,2026-07-06T20:42:00Z,2026-07-07
o-008518,c-0411,515.27,completed,BR,2026-07-27T22:46:00Z,2026-07-28
o-008519,c-1213,1733.31,completed,BR,2026-07-31T23:30:00Z,2026-08-01
o-008520,c-1784,11.78,completed,BR,2026-06-03T20:50:00Z,2026-06-03
o-008521,c-0246,1803.54,completed,BR,2026-07-22T19:20:00Z,2026-07-22
o-008522,c-0427,509.08,completed,BR,2026-06-13T08:05:00Z,2026-06-14
o-008523,c-0026,1674.57,pending,BR,2026-06-04T04:31:00Z,2026-06-05
o-008524,c-1581,1506.22,completed,BR,2026-07-27T15:48:00Z,2026-07-27
o-008525,c-1724,1284.12,completed,BR,2026-08-17T05:11:00Z,2026-08-17
o-008526,c-1701,1271.19,completed,BR,2026-05-29T09:18:00Z,2026-05-30
o-008527,c-1350,2036.23,completed,BR,2026-07-02T03:38:00Z,2026-07-03
o-008528,c-1055,1941.89,pending,BR,2026-06-04T13:56:00Z,2026-06-05
o-008529,c-1201,886.38,completed,BR,2026-05-27T09:09:00Z,2026-05-28
o-008530,c-1275,1480.05,completed,BR,2026-08-11T05:32:00Z,2026-08-12
o-008531,c-0337,337.11,pending,BR,2026-07-25T01:45:00Z,2026-07-25
o-008532,c-1105,2002.79,completed,BR,2026-06-20T20:50:00Z,2026-06-20
o-008533,c-0489,1238.59,completed,BR,2026-06-18T08:02:00Z,2026-06-18
o-008534,c-1823,2269.17,pending,BR,2026-08-16T15:36:00Z,2026-08-16
o-008535,c-0681,1769.49,completed,BR,2026-07-25T07:14:00Z,2026-07-25
o-008536,c-1888,871.82,completed,BR,2026-07-14T16:10:00Z,2026-07-14
o-008537,c-0097,208.84,pending,BR,2026-06-11T19:59:00Z,2026-06-12
o-008538,c-1263,1049.05,completed,BR,2026-06-28T12:11:00Z,2026-06-28
o-008539,c-0190,966.51,completed,BR,2026-08-12T01:26:00Z,2026-08-12
o-008540,c-0090,1287.82,cancelled,BR,2026-06-08T08:00:00Z,2026-06-09
o-008541,c-1720,1938.73,completed,BR,2026-06-28T23:40:00Z,2026-06-29
o-008542,c-1368,2043.86,completed,BR,2026-08-04T04:07:00Z,2026-08-04
o-008543,c-1820,1810.75,completed,BR,2026-06-04T03:15:00Z,2026-06-05
o-008544,c-0525,2310.42,completed,BR,2026-08-19T18:20:00Z,2026-08-19
o-008545,c-1209,335.80,completed,BR,2026-07-29T09:32:00Z,2026-07-30
o-008546,c-0730,682.58,cancelled,BR,2026-08-05T08:47:00Z,2026-08-06
o-008547,c-0289,882.74,completed,BR,2026-06-10T21:57:00Z,2026-06-10
o-008548,c-0592,1226.29,pending,BR,2026-07-01T04:43:00Z,2026-07-01
o-008549,c-0918,2092.40,completed,BR,2026-08-03T08:37:00Z,2026-08-03
o-008550,c-1928,660.89,completed,BR,2026-06-04T09:19:00Z,2026-06-05
o-008551,c-0625,1054.51,pending,BR,2026-07-24T09:33:00Z,2026-07-24
o-008552,c-1635,734.56,completed,BR,2026-07-02T04:45:00Z,2026-07-03
o-008553,c-0611,950.37,pending,BR,2026-08-02T19:14:00Z,2026-08-02
o-008554,c-0513,599.38,completed,BR,2026-08-02T09:09:00Z,2026-08-02
o-008555,c-0487,2348.14,completed,BR,2026-07-17T22:38:00Z,2026-07-18
o-008556,c-0697,655.28,completed,BR,2026-06-19T15:31:00Z,2026-06-20
o-008557,c-1834,2498.52,pending,BR,2026-07-18T23:07:00Z,2026-07-19
o-008558,c-0515,2090.45,completed,BR,2026-06-06T05:20:00Z,2026-06-06
o-008559,c-1468,512.89,completed,BR,2026-06-18T08:48:00Z,2026-06-18
o-008560,c-0382,723.49,completed,BR,2026-06-21T14:58:00Z,2026-06-21
o-008561,c-0090,1114.15,cancelled,BR,2026-08-07T15:22:00Z,2026-08-07
o-008562,c-1686,1196.38,cancelled,BR,2026-05-29T13:15:00Z,2026-05-29
o-008563,c-0481,1491.42,cancelled,BR,2026-08-02T21:40:00Z,2026-08-03
o-008564,c-1922,1142.84,completed,BR,2026-07-09T05:06:00Z,2026-07-09
o-008565,c-1088,856.97,completed,BR,2026-08-12T14:23:00Z,2026-08-13
o-008566,c-1398,2322.48,pending,BR,2026-06-14T13:14:00Z,2026-06-14
o-008567,c-1941,223.59,completed,BR,2026-07-09T03:46:00Z,2026-07-09
o-008568,c-1141,1310.68,pending,BR,2026-08-03T22:44:00Z,2026-08-03
o-008569,c-1081,310.55,completed,BR,2026-08-08T19:17:00Z,2026-08-08
o-008570,c-1150,304.66,pending,BR,2026-08-02T07:18:00Z,2026-08-02
o-008571,c-1598,1608.10,completed,BR,2026-06-16T06:42:00Z,2026-06-17
o-008572,c-0696,474.25,completed,BR,2026-06-16T09:36:00Z,2026-06-17
o-008573,c-1459,251.48,completed,BR,2026-06-08T20:00:00Z,2026-06-09
o-008574,c-0104,2072.48,pending,BR,2026-08-17T06:11:00Z,2026-08-18
o-008575,c-0304,696.19,completed,BR,2026-08-11T01:55:00Z,2026-08-11
o-008576,c-1256,1614.81,completed,BR,2026-07-20T07:07:00Z,2026-07-21
o-008577,c-0395,557.77,completed,BR,2026-06-21T00:42:00Z,2026-06-22
o-008578,c-1567,2402.01,completed,BR,2026-07-23T16:15:00Z,2026-07-23
o-008579,c-1890,1217.42,pending,BR,2026-06-02T05:23:00Z,2026-06-03
o-008580,c-1269,2028.89,cancelled,BR,2026-07-17T19:04:00Z,2026-07-17
o-008581,c-0301,761.70,completed,BR,2026-07-26T21:11:00Z,2026-07-27
o-008582,c-1568,411.27,completed,BR,2026-08-14T19:23:00Z,2026-08-14
o-008583,c-0077,1104.43,completed,BR,2026-08-11T02:22:00Z,2026-08-11
o-008584,c-1672,2265.50,completed,BR,2026-06-03T18:29:00Z,2026-06-04
o-008585,c-1038,1442.78,completed,BR,2026-07-13T11:54:00Z,2026-07-13
o-008586,c-1908,270.93,completed,BR,2026-05-29T11:17:00Z,2026-05-30
o-008587,c-1994,57.00,completed,BR,2026-07-18T12:03:00Z,2026-07-18
o-008588,c-1363,2163.91,completed,BR,2026-07-11T04:21:00Z,2026-07-12
o-008589,c-0754,234.81,cancelled,BR,2026-05-25T06:24:00Z,2026-05-26
o-008590,c-1537,1345.92,completed,BR,2026-07-01T07:37:00Z,2026-07-02
o-008591,c-1317,595.75,completed,BR,2026-07-19T20:52:00Z,2026-07-19
o-008592,c-1526,1734.45,completed,BR,2026-07-08T16:04:00Z,2026-07-09
o-008593,c-0465,2153.17,cancelled,BR,2026-06-05T05:37:00Z,2026-06-05
o-008594,c-1098,401.55,completed,BR,2026-07-22T04:21:00Z,2026-07-22
o-008595,c-0192,352.67,completed,BR,2026-05-27T23:55:00Z,2026-05-27
o-008596,c-1956,1887.77,completed,BR,2026-06-11T12:09:00Z,2026-06-11
o-008597,c-0903,66.45,completed,BR,2026-07-20T21:18:00Z,2026-07-20
o-008598,c-1386,879.33,pending,BR,2026-06-11T18:10:00Z,2026-06-12
o-008599,c-0577,2122.90,pending,BR,2026-07-05T22:43:00Z,2026-07-06
o-008600,c-1013,943.27,pending,BR,2026-07-17T19:05:00Z,2026-07-18
o-008601,c-0759,887.98,completed,BR,2026-05-29T06:24:00Z,2026-05-30
o-008602,c-0462,890.72,pending,BR,2026-06-28T05:53:00Z,2026-06-28
o-008603,c-0904,402.22,cancelled,BR,2026-07-17T13:28:00Z,2026-07-18
o-008604,c-1527,2113.31,completed,BR,2026-08-20T15:24:00Z,2026-08-20
o-008605,c-1010,763.81,completed,BR,2026-05-24T08:51:00Z,2026-05-25
o-008606,c-1540,841.66,completed,BR,2026-06-10T09:46:00Z,2026-06-10
o-008607,c-1418,112.87,completed,BR,2026-07-16T08:09:00Z,2026-07-17
o-008608,c-0592,1512.70,completed,BR,2026-07-10T08:14:00Z,2026-07-11
o-008609,c-0171,1545.38,cancelled,BR,2026-08-14T12:02:00Z,2026-08-14
o-008610,c-0595,2126.93,pending,BR,2026-08-10T15:58:00Z,2026-08-10
o-008611,c-0142,275.78,completed,BR,2026-07-06T12:54:00Z,2026-07-07
o-008612,c-0481,2220.52,completed,BR,2026-07-09T05:59:00Z,2026-07-09
o-008613,c-0197,1931.74,completed,BR,2026-08-18T10:17:00Z,2026-08-18
o-008614,c-0523,17.05,completed,BR,2026-08-17T23:16:00Z,2026-08-17
o-008615,c-1722,1600.11,completed,BR,2026-05-30T22:33:00Z,2026-05-31
o-008616,c-1716,1372.41,completed,BR,2026-07-27T07:21:00Z,2026-07-28
o-008617,c-1828,883.97,completed,BR,2026-06-20T13:16:00Z,2026-06-21
o-008618,c-0539,1585.95,completed,BR,2026-08-09T14:36:00Z,2026-08-10
o-008619,c-0533,336.80,pending,BR,2026-06-12T20:37:00Z,2026-06-12
o-008620,c-1498,1922.80,completed,BR,2026-07-11T16:10:00Z,2026-07-12
o-008621,c-0669,1011.95,completed,BR,2026-07-25T21:33:00Z,2026-07-26
o-008622,c-0127,2017.96,pending,BR,2026-07-19T16:55:00Z,2026-07-20
o-008623,c-1859,2006.14,cancelled,BR,2026-07-02T07:03:00Z,2026-07-02
o-008624,c-0684,1327.20,completed,BR,2026-07-13T14:33:00Z,2026-07-14
o-008625,c-0765,275.23,pending,BR,2026-08-08T07:43:00Z,2026-08-08
o-008626,c-1646,712.09,completed,BR,2026-08-13T22:41:00Z,2026-08-13
o-008627,c-0951,843.83,completed,BR,2026-06-05T00:56:00Z,2026-06-05
o-008628,c-1483,371.50,pending,BR,2026-07-09T19:41:00Z,2026-07-10
o-008629,c-0391,798.83,pending,BR,2026-08-02T15:22:00Z,2026-08-03
o-008630,c-0114,918.76,pending,BR,2026-05-28T18:45:00Z,2026-05-28
o-008631,c-0771,195.38,completed,BR,2026-05-25T02:18:00Z,2026-05-26
o-008632,c-1653,1021.34,pending,BR,2026-06-05T19:30:00Z,2026-06-05
o-008633,c-1455,1413.15,cancelled,BR,2026-06-28T02:42:00Z,2026-06-28
o-008634,c-0433,1071.29,completed,BR,2026-05-24T12:36:00Z,2026-05-24
o-008635,c-0315,1774.35,pending,BR,2026-07-29T18:17:00Z,2026-07-29
o-008636,c-0146,2400.90,completed,BR,2026-06-16T01:48:00Z,2026-06-16
o-008637,c-1945,1768.72,completed,BR,2026-07-20T03:33:00Z,2026-07-21
o-008638,c-0844,2084.59,completed,BR,2026-08-01T14:30:00Z,2026-08-01
o-008639,c-0975,544.28,completed,BR,2026-07-15T18:50:00Z,2026-07-15
o-008640,c-0917,865.87,completed,BR,2026-07-01T13:59:00Z,2026-07-01
o-008641,c-0173,112.62,cancelled,BR,2026-08-12T19:58:00Z,2026-08-13
o-008642,c-0964,733.68,completed,BR,2026-08-19T14:03:00Z,2026-08-19
o-008643,c-1052,542.45,completed,BR,2026-08-17T22:50:00Z,2026-08-18
o-008644,c-0781,1860.45,completed,BR,2026-05-24T12:06:00Z,2026-05-24
o-008645,c-1079,2276.47,pending,BR,2026-07-20T01:00:00Z,2026-07-21
o-008646,c-0128,2074.22,completed,BR,2026-06-11T04:08:00Z,2026-06-11
o-008647,c-0347,1757.08,completed,BR,2026-06-19T19:02:00Z,2026-06-20
o-008648,c-0197,2112.95,completed,BR,2026-06-01T17:58:00Z,2026-06-01
o-008649,c-1504,950.11,completed,BR,2026-06-26T23:37:00Z,2026-06-26
o-008650,c-0011,1958.33,cancelled,BR,2026-07-17T19:33:00Z,2026-07-18
o-008651,c-1727,166.62,pending,BR,2026-06-06T09:39:00Z,2026-06-07
o-008652,c-0163,208.50,pending,BR,2026-07-16T07:53:00Z,2026-07-16
o-008653,c-1145,378.80,completed,BR,2026-06-06T18:24:00Z,2026-06-07
o-008654,c-1584,342.12,cancelled,BR,2026-08-06T10:32:00Z,2026-08-07
o-008655,c-0249,1084.43,completed,BR,2026-05-31T15:01:00Z,2026-05-31
o-008656,c-1665,820.27,pending,BR,2026-08-07T12:20:00Z,2026-08-08
o-008657,c-0074,2430.29,completed,BR,2026-06-12T22:05:00Z,2026-06-12
o-008658,c-1876,817.37,pending,BR,2026-08-12T16:03:00Z,2026-08-13
o-008659,c-1425,1169.18,completed,BR,2026-07-04T00:56:00Z,2026-07-04
o-008660,c-0603,358.42,completed,BR,2026-06-09T13:13:00Z,2026-06-09
o-008661,c-1977,940.12,completed,BR,2026-08-15T14:40:00Z,2026-08-16
o-008662,c-0589,1260.45,completed,BR,2026-06-07T21:12:00Z,2026-06-07
o-008663,c-0005,390.66,completed,BR,2026-08-19T06:39:00Z,2026-08-19
o-008664,c-0030,591.59,pending,BR,2026-07-15T14:27:00Z,2026-07-16
o-008665,c-0574,771.52,pending,BR,2026-06-14T16:47:00Z,2026-06-15
o-008666,c-1136,32.14,cancelled,BR,2026-08-09T01:02:00Z,2026-08-10
o-008667,c-1254,1083.83,completed,BR,2026-08-05T12:26:00Z,2026-08-06
o-008668,c-1776,1125.54,pending,BR,2026-06-14T18:24:00Z,2026-06-14
o-008669,c-1296,395.86,pending,BR,2026-08-08T13:41:00Z,2026-08-09
o-008670,c-1730,1526.81,completed,BR,2026-08-12T01:16:00Z,2026-08-13
o-008671,c-0252,2460.04,completed,BR,2026-08-07T10:55:00Z,2026-08-08
o-008672,c-1701,2425.40,completed,BR,2026-06-25T23:19:00Z,2026-06-26
o-008673,c-0705,1172.10,completed,BR,2026-06-07T07:44:00Z,2026-06-08
o-008674,c-0228,864.71,completed,BR,2026-07-21T16:47:00Z,2026-07-21
o-008675,c-1302,2106.59,completed,BR,2026-07-21T06:09:00Z,2026-07-21
o-008676,c-1651,1173.76,completed,BR,2026-07-03T08:48:00Z,2026-07-04
o-008677,c-0263,1251.55,completed,BR,2026-08-07T09:27:00Z,2026-08-08
o-008678,c-0702,1571.89,completed,BR,2026-06-16T23:01:00Z,2026-06-16
o-008679,c-0319,1609.79,pending,BR,2026-06-21T12:26:00Z,2026-06-22
o-008680,c-1550,2128.62,cancelled,BR,2026-06-29T11:57:00Z,2026-06-29
o-008681,c-1135,2475.21,completed,BR,2026-06-19T04:15:00Z,2026-06-20
o-008682,c-1617,2391.26,pending,BR,2026-06-19T11:24:00Z,2026-06-20
o-008683,c-1055,2023.60,cancelled,BR,2026-07-29T19:46:00Z,2026-07-30
o-008684,c-1672,915.29,completed,BR,2026-07-09T09:38:00Z,2026-07-09
o-008685,c-1361,18.22,pending,BR,2026-06-20T22:39:00Z,2026-06-20
o-008686,c-0232,508.58,pending,BR,2026-07-21T20:25:00Z,2026-07-21
o-008687,c-1623,1530.67,cancelled,BR,2026-08-17T14:30:00Z,2026-08-17
o-008688,c-0204,2285.99,pending,BR,2026-06-06T02:22:00Z,2026-06-06
o-008689,c-1304,954.22,completed,BR,2026-05-31T11:15:00Z,2026-06-01
o-008690,c-0329,1374.29,completed,BR,2026-07-31T14:56:00Z,2026-08-01
o-008691,c-0692,102.44,pending,BR,2026-07-10T06:57:00Z,2026-07-11
o-008692,c-1804,1595.78,completed,BR,2026-07-18T23:38:00Z,2026-07-18
o-008693,c-0248,2180.02,completed,BR,2026-05-27T20:38:00Z,2026-05-27
o-008694,c-0128,80.92,completed,BR,2026-06-25T09:14:00Z,2026-06-25
o-008695,c-0073,352.16,completed,BR,2026-06-09T00:43:00Z,2026-06-10
o-008696,c-0688,995.46,completed,BR,2026-07-19T20:26:00Z,2026-07-19
o-008697,c-1134,26.26,completed,BR,2026-06-14T12:55:00Z,2026-06-14
o-008698,c-1914,416.58,completed,BR,2026-07-18T13:47:00Z,2026-07-18
o-008699,c-1424,1605.15,completed,BR,2026-06-23T02:47:00Z,2026-06-23
o-008700,c-0940,852.56,pending,BR,2026-07-26T15:05:00Z,2026-07-27
o-008701,c-0223,669.01,cancelled,BR,2026-06-15T13:46:00Z,2026-06-16
o-008702,c-0275,1481.84,completed,BR,2026-07-10T21:51:00Z,2026-07-11
o-008703,c-1497,956.75,completed,BR,2026-06-17T16:46:00Z,2026-06-17
o-008704,c-1708,2263.37,completed,BR,2026-05-31T13:31:00Z,2026-06-01
o-008705,c-1452,1811.91,completed,BR,2026-08-07T10:58:00Z,2026-08-08
o-008706,c-1787,132.52,completed,BR,2026-08-15T15:16:00Z,2026-08-15
o-008707,c-1143,1977.28,completed,BR,2026-07-05T04:50:00Z,2026-07-06
o-008708,c-1641,2059.87,completed,BR,2026-07-04T19:29:00Z,2026-07-04
o-008709,c-0384,2314.79,completed,BR,2026-07-06T22:18:00Z,2026-07-06
o-008710,c-1492,1629.82,completed,BR,2026-06-07T00:00:00Z,2026-06-07
o-008711,c-0615,1592.26,completed,BR,2026-06-07T03:48:00Z,2026-06-08
o-008712,c-0913,1319.23,pending,BR,2026-07-09T06:36:00Z,2026-07-09
o-008713,c-1478,869.25,completed,BR,2026-07-31T12:24:00Z,2026-07-31
o-008714,c-2000,1861.45,completed,BR,2026-06-19T07:36:00Z,2026-06-20
o-008715,c-1641,606.89,cancelled,BR,2026-05-24T01:47:00Z,2026-05-24
o-008716,c-1341,869.29,completed,BR,2026-06-17T19:21:00Z,2026-06-17
o-008717,c-1775,1600.80,completed,BR,2026-06-18T14:53:00Z,2026-06-19
o-008718,c-1369,1867.13,completed,BR,2026-07-07T05:19:00Z,2026-07-08
o-008719,c-1088,1799.88,completed,BR,2026-05-27T03:14:00Z,2026-05-27
o-008720,c-1512,2036.27,completed,BR,2026-07-06T03:31:00Z,2026-07-06
o-008721,c-1367,519.57,completed,BR,2026-07-14T04:57:00Z,2026-07-15
o-008722,c-1705,1409.96,completed,BR,2026-07-05T02:21:00Z,2026-07-06
o-008723,c-1187,776.02,completed,BR,2026-07-25T17:30:00Z,2026-07-25
o-008724,c-0938,2329.87,completed,BR,2026-08-18T19:13:00Z,2026-08-19
o-008725,c-1836,1742.30,completed,BR,2026-08-05T02:58:00Z,2026-08-05
o-008726,c-1872,877.79,pending,BR,2026-07-30T05:21:00Z,2026-07-31
o-008727,c-0326,1805.35,completed,BR,2026-08-09T13:50:00Z,2026-08-10
o-008728,c-0408,1684.92,completed,BR,2026-06-07T13:05:00Z,2026-06-07
o-008729,c-0001,1612.07,completed,BR,2026-08-01T13:42:00Z,2026-08-02
o-008730,c-1144,736.68,completed,BR,2026-07-22T15:21:00Z,2026-07-22
o-008731,c-0645,559.47,completed,BR,2026-06-09T01:44:00Z,2026-06-10
o-008732,c-1764,2360.16,cancelled,BR,2026-05-27T12:24:00Z,2026-05-27
o-008733,c-1401,2333.41,completed,BR,2026-07-31T10:54:00Z,2026-08-01
o-008734,c-1061,827.43,pending,BR,2026-06-29T02:26:00Z,2026-06-30
o-008735,c-1683,1431.79,completed,BR,2026-06-02T02:20:00Z,2026-06-03
o-008736,c-1550,1594.86,completed,BR,2026-07-01T00:10:00Z,2026-07-02
o-008737,c-1533,2108.36,completed,BR,2026-05-28T12:45:00Z,2026-05-28
o-008738,c-1466,617.59,cancelled,BR,2026-06-23T05:14:00Z,2026-06-24
o-008739,c-1515,310.40,completed,BR,2026-06-13T04:38:00Z,2026-06-13
o-008740,c-0876,2048.78,completed,BR,2026-06-17T22:57:00Z,2026-06-17
o-008741,c-1714,1103.34,pending,BR,2026-08-10T16:28:00Z,2026-08-10
o-008742,c-1328,1677.05,completed,BR,2026-08-18T10:17:00Z,2026-08-19
o-008743,c-1892,2175.03,completed,BR,2026-07-21T20:18:00Z,2026-07-22
o-008744,c-1669,1690.28,pending,BR,2026-07-19T23:31:00Z,2026-07-20
o-008745,c-1885,731.07,completed,BR,2026-06-29T13:52:00Z,2026-06-30
o-008746,c-1778,255.19,completed,BR,2026-07-13T07:12:00Z,2026-07-13
o-008747,c-1814,920.38,pending,BR,2026-06-23T22:27:00Z,2026-06-23
o-008748,c-0082,834.63,pending,BR,2026-07-21T22:32:00Z,2026-07-22
o-008749,c-0828,2187.53,completed,BR,2026-05-30T05:52:00Z,2026-05-31
o-008750,c-0048,1143.93,cancelled,BR,2026-07-16T13:02:00Z,2026-07-17
o-008751,c-1179,1603.64,completed,BR,2026-07-27T11:45:00Z,2026-07-27
o-008752,c-0874,209.29,completed,BR,2026-07-27T19:26:00Z,2026-07-28
o-008753,c-0709,2149.49,pending,BR,2026-06-09T12:48:00Z,2026-06-10
o-008754,c-1017,681.50,completed,BR,2026-06-25T02:11:00Z,2026-06-26
o-008755,c-0029,1687.56,pending,BR,2026-06-17T18:27:00Z,2026-06-18
o-008756,c-1055,2110.25,completed,BR,2026-07-11T01:00:00Z,2026-07-11
o-008757,c-1807,172.80,completed,BR,2026-06-11T00:57:00Z,2026-06-12
o-008758,c-0217,971.76,completed,BR,2026-08-01T03:37:00Z,2026-08-01
o-008759,c-1456,1694.12,completed,BR,2026-06-10T15:05:00Z,2026-06-10
o-008760,c-1037,1483.07,pending,BR,2026-08-02T03:39:00Z,2026-08-03
o-008761,c-1793,1511.81,completed,BR,2026-07-04T00:06:00Z,2026-07-04
o-008762,c-0954,1843.87,completed,BR,2026-05-24T03:32:00Z,2026-05-24
o-008763,c-1977,1302.21,completed,BR,2026-08-18T10:47:00Z,2026-08-18
o-008764,c-0259,1031.68,completed,BR,2026-06-03T10:08:00Z,2026-06-03
o-008765,c-0345,1278.36,cancelled,BR,2026-07-13T13:21:00Z,2026-07-13
o-008766,c-0999,2370.56,completed,BR,2026-06-18T02:54:00Z,2026-06-19
o-008767,c-1845,727.66,completed,BR,2026-06-22T10:08:00Z,2026-06-23
o-008768,c-1386,2375.70,pending,BR,2026-07-06T10:39:00Z,2026-07-06
o-008769,c-1951,1232.18,completed,BR,2026-05-31T02:55:00Z,2026-05-31
o-008770,c-0657,1096.05,pending,BR,2026-08-11T10:07:00Z,2026-08-12
o-008771,c-0440,1492.37,completed,BR,2026-07-22T03:49:00Z,2026-07-23
o-008772,c-0516,1339.33,completed,BR,2026-06-14T17:05:00Z,2026-06-14
o-008773,c-0589,308.10,pending,BR,2026-05-26T06:12:00Z,2026-05-27
o-008774,c-0824,35.88,completed,BR,2026-08-06T13:54:00Z,2026-08-07
o-008775,c-0668,1117.40,completed,BR,2026-06-29T13:44:00Z,2026-06-30
o-008776,c-0624,1773.61,completed,BR,2026-06-06T16:54:00Z,2026-06-07
o-008777,c-0446,1538.90,completed,BR,2026-06-14T03:48:00Z,2026-06-14
o-008778,c-1832,828.15,completed,BR,2026-07-31T15:30:00Z,2026-08-01
o-008779,c-1683,104.76,pending,BR,2026-05-30T06:49:00Z,2026-05-30
o-008780,c-0698,170.39,completed,BR,2026-08-16T12:23:00Z,2026-08-16
o-008781,c-1118,1763.04,completed,BR,2026-08-19T13:39:00Z,2026-08-20
o-008782,c-1413,1864.00,completed,BR,2026-06-26T09:30:00Z,2026-06-27
o-008783,c-0161,575.04,completed,BR,2026-07-05T23:15:00Z,2026-07-05
o-008784,c-0540,2160.48,completed,BR,2026-07-16T11:49:00Z,2026-07-17
o-008785,c-1694,2243.70,completed,BR,2026-08-10T14:26:00Z,2026-08-11
o-008786,c-0751,1057.41,completed,BR,2026-05-28T13:52:00Z,2026-05-29
o-008787,c-1294,127.90,completed,BR,2026-08-08T07:13:00Z,2026-08-09
o-008788,c-0903,2138.12,completed,BR,2026-06-24T09:54:00Z,2026-06-24
o-008789,c-0069,2156.53,pending,BR,2026-08-18T17:16:00Z,2026-08-18
o-008790,c-1199,1175.45,completed,BR,2026-06-06T16:11:00Z,2026-06-06
o-008791,c-1848,35.54,completed,BR,2026-06-27T01:39:00Z,2026-06-27
o-008792,c-0687,1843.97,completed,BR,2026-07-23T23:43:00Z,2026-07-23
o-008793,c-1884,2207.51,completed,BR,2026-06-09T01:13:00Z,2026-06-09
o-008794,c-1361,31.86,completed,BR,2026-06-28T13:44:00Z,2026-06-29
o-008795,c-0198,2107.15,completed,BR,2026-06-26T15:32:00Z,2026-06-27
o-008796,c-1467,2265.38,completed,BR,2026-07-29T17:32:00Z,2026-07-30
o-008797,c-0717,2134.61,completed,BR,2026-07-24T19:46:00Z,2026-07-25
o-008798,c-0953,1752.92,completed,BR,2026-06-04T09:55:00Z,2026-06-04
o-008799,c-0939,2293.87,completed,BR,2026-06-29T13:04:00Z,2026-06-29
o-008800,c-1907,942.06,completed,BR,2026-06-14T07:40:00Z,2026-06-15
o-008801,c-0198,56.77,pending,BR,2026-06-18T04:48:00Z,2026-06-19
o-008802,c-1374,1294.28,completed,BR,2026-07-28T13:34:00Z,2026-07-29
o-008803,c-0300,49.26,completed,BR,2026-07-11T10:03:00Z,2026-07-11
o-008804,c-0102,2196.19,cancelled,BR,2026-06-25T03:06:00Z,2026-06-26
o-008805,c-1547,425.16,pending,BR,2026-07-14T11:54:00Z,2026-07-14
o-008806,c-1652,561.27,completed,BR,2026-08-03T09:38:00Z,2026-08-04
o-008807,c-0976,1095.92,completed,BR,2026-08-11T18:26:00Z,2026-08-11
o-008808,c-0063,1352.16,pending,BR,2026-08-11T21:36:00Z,2026-08-11
o-008809,c-1547,1797.66,completed,BR,2026-06-30T10:13:00Z,2026-07-01
o-008810,c-1112,1113.33,completed,BR,2026-08-19T18:28:00Z,2026-08-20
o-008811,c-1006,944.99,completed,BR,2026-08-12T06:21:00Z,2026-08-13
o-008812,c-1293,805.56,pending,BR,2026-06-27T23:14:00Z,2026-06-27
o-008813,c-0706,1853.89,cancelled,BR,2026-07-27T20:12:00Z,2026-07-28
o-008814,c-1144,2058.65,completed,BR,2026-08-06T22:55:00Z,2026-08-07
o-008815,c-0502,2449.75,completed,BR,2026-05-29T01:33:00Z,2026-05-30
o-008816,c-1182,2306.94,completed,BR,2026-05-26T05:17:00Z,2026-05-26
o-008817,c-1388,1130.65,completed,BR,2026-06-24T05:56:00Z,2026-06-24
o-008818,c-1635,1229.85,completed,BR,2026-06-01T06:19:00Z,2026-06-01
o-008819,c-0638,161.20,pending,BR,2026-07-18T03:51:00Z,2026-07-19
o-008820,c-1785,2066.81,completed,BR,2026-06-01T15:50:00Z,2026-06-02
o-008821,c-1241,2134.63,completed,BR,2026-06-29T23:09:00Z,2026-06-29
o-008822,c-0202,92.48,completed,BR,2026-06-09T15:57:00Z,2026-06-10
o-008823,c-1110,1918.55,completed,BR,2026-07-05T02:57:00Z,2026-07-06
o-008824,c-1571,846.03,completed,BR,2026-07-24T21:36:00Z,2026-07-25
o-008825,c-0484,205.04,completed,BR,2026-08-18T01:42:00Z,2026-08-19
o-008826,c-1202,976.76,completed,BR,2026-07-15T22:41:00Z,2026-07-16
o-008827,c-0189,1527.77,completed,BR,2026-07-23T02:17:00Z,2026-07-24
o-008828,c-0992,133.53,completed,BR,2026-08-19T17:57:00Z,2026-08-20
o-008829,c-1596,1271.07,completed,BR,2026-06-19T14:32:00Z,2026-06-20
o-008830,c-1427,1878.18,completed,BR,2026-08-17T14:07:00Z,2026-08-17
o-008831,c-0135,1440.18,completed,BR,2026-06-16T22:41:00Z,2026-06-16
o-008832,c-1009,952.31,pending,BR,2026-05-23T21:55:00Z,2026-05-24
o-008833,c-1305,33.21,completed,BR,2026-08-13T14:36:00Z,2026-08-14
o-008834,c-1587,406.26,completed,BR,2026-07-05T05:28:00Z,2026-07-06
o-008835,c-1944,493.90,completed,BR,2026-05-24T07:38:00Z,2026-05-25
o-008836,c-1026,1594.63,completed,BR,2026-06-28T13:57:00Z,2026-06-29
o-008837,c-1707,1412.27,pending,BR,2026-06-03T21:48:00Z,2026-06-04
o-008838,c-1112,1615.61,pending,BR,2026-06-30T19:41:00Z,2026-07-01
o-008839,c-1428,683.00,completed,BR,2026-08-20T05:00:00Z,2026-08-20
o-008840,c-1479,1455.36,completed,BR,2026-08-01T12:32:00Z,2026-08-02
o-008841,c-0053,1622.19,completed,BR,2026-07-08T11:47:00Z,2026-07-09
o-008842,c-1089,923.26,pending,BR,2026-07-03T15:45:00Z,2026-07-04
o-008843,c-1817,814.12,completed,BR,2026-06-10T08:47:00Z,2026-06-11
o-008844,c-0590,516.78,cancelled,BR,2026-06-06T07:08:00Z,2026-06-06
o-008845,c-0355,868.30,completed,BR,2026-05-25T08:04:00Z,2026-05-25
o-008846,c-0336,1056.80,completed,BR,2026-06-22T22:51:00Z,2026-06-23
o-008847,c-1497,1902.13,completed,BR,2026-07-02T11:47:00Z,2026-07-03
o-008848,c-0476,249.62,pending,BR,2026-06-11T21:27:00Z,2026-06-12
o-008849,c-0364,367.99,completed,BR,2026-07-24T14:27:00Z,2026-07-24
o-008850,c-0413,2450.22,completed,BR,2026-08-18T16:03:00Z,2026-08-19
o-008851,c-1970,180.32,completed,BR,2026-06-24T10:33:00Z,2026-06-25
o-008852,c-0559,287.45,completed,BR,2026-08-06T07:38:00Z,2026-08-07
o-008853,c-1255,1198.45,completed,BR,2026-08-12T07:48:00Z,2026-08-12
o-008854,c-0504,1266.15,pending,BR,2026-07-29T14:52:00Z,2026-07-30
o-008855,c-1135,1283.36,completed,BR,2026-07-13T16:37:00Z,2026-07-13
o-008856,c-0708,1284.25,cancelled,BR,2026-06-18T17:55:00Z,2026-06-19
o-008857,c-1980,1348.61,cancelled,BR,2026-07-10T11:11:00Z,2026-07-10
o-008858,c-0511,834.89,completed,BR,2026-08-12T19:53:00Z,2026-08-12
o-008859,c-0983,1360.83,completed,BR,2026-08-11T11:08:00Z,2026-08-11
o-008860,c-1188,1511.06,completed,BR,2026-07-28T08:59:00Z,2026-07-29
o-008861,c-0063,1668.90,cancelled,BR,2026-06-29T05:38:00Z,2026-06-30
o-008862,c-0118,1355.25,completed,BR,2026-06-11T13:42:00Z,2026-06-12
o-008863,c-0380,1338.84,pending,BR,2026-07-19T12:28:00Z,2026-07-20
o-008864,c-1518,2452.42,pending,BR,2026-07-30T13:28:00Z,2026-07-30
o-008865,c-1437,1506.38,completed,BR,2026-05-31T19:02:00Z,2026-06-01
o-008866,c-1336,1442.69,completed,BR,2026-07-17T16:50:00Z,2026-07-17
o-008867,c-0445,87.34,completed,BR,2026-07-24T08:02:00Z,2026-07-25
o-008868,c-0324,2436.54,completed,BR,2026-06-07T01:45:00Z,2026-06-07
o-008869,c-0495,382.81,cancelled,BR,2026-08-19T15:31:00Z,2026-08-19
o-008870,c-0798,878.71,completed,BR,2026-06-27T19:07:00Z,2026-06-28
o-008871,c-1545,986.67,completed,BR,2026-08-05T09:01:00Z,2026-08-06
o-008872,c-0488,2361.31,cancelled,BR,2026-06-15T08:29:00Z,2026-06-16
o-008873,c-1738,513.71,completed,BR,2026-07-22T04:51:00Z,2026-07-23
o-008874,c-1353,1750.58,completed,BR,2026-05-24T14:08:00Z,2026-05-25
o-008875,c-1728,570.42,completed,BR,2026-08-19T11:33:00Z,2026-08-19
o-008876,c-0056,1449.46,pending,BR,2026-07-27T13:27:00Z,2026-07-27
o-008877,c-1606,1744.69,completed,BR,2026-07-02T22:01:00Z,2026-07-03
o-008878,c-0133,2178.73,completed,BR,2026-07-01T16:48:00Z,2026-07-02
o-008879,c-1532,562.60,pending,BR,2026-07-24T11:17:00Z,2026-07-24
o-008880,c-1713,721.31,pending,BR,2026-06-22T12:53:00Z,2026-06-23
o-008881,c-1267,1415.51,completed,BR,2026-05-30T15:31:00Z,2026-05-31
o-008882,c-0935,360.34,completed,BR,2026-08-20T13:19:00Z,2026-08-21
o-008883,c-1496,1689.03,pending,BR,2026-07-03T07:15:00Z,2026-07-03
o-008884,c-0022,373.66,completed,BR,2026-07-20T11:47:00Z,2026-07-20
o-008885,c-1754,2117.82,pending,BR,2026-08-09T15:48:00Z,2026-08-10
o-008886,c-1421,1409.69,pending,BR,2026-08-19T01:57:00Z,2026-08-20
o-008887,c-0222,634.10,completed,BR,2026-08-01T12:41:00Z,2026-08-01
o-008888,c-0240,2326.96,completed,BR,2026-06-01T04:48:00Z,2026-06-01
o-008889,c-1020,858.39,completed,BR,2026-05-26T12:39:00Z,2026-05-26
o-008890,c-1948,873.21,completed,BR,2026-07-06T18:14:00Z,2026-07-06
o-008891,c-1772,363.41,completed,BR,2026-07-02T11:27:00Z,2026-07-03
o-008892,c-0375,534.26,completed,BR,2026-06-30T23:34:00Z,2026-07-01
o-008893,c-0573,1918.14,completed,BR,2026-08-04T18:23:00Z,2026-08-04
o-008894,c-1864,1120.81,completed,BR,2026-06-17T06:03:00Z,2026-06-17
o-008895,c-1130,202.45,completed,BR,2026-07-03T18:58:00Z,2026-07-03
o-008896,c-0987,38.08,pending,BR,2026-08-17T13:38:00Z,2026-08-18
o-008897,c-1451,167.59,pending,BR,2026-06-18T13:57:00Z,2026-06-18
o-008898,c-1333,1964.26,pending,BR,2026-07-28T15:18:00Z,2026-07-28
o-008899,c-1444,2018.27,completed,BR,2026-05-31T14:52:00Z,2026-05-31
o-008900,c-0051,1718.66,completed,BR,2026-08-07T07:53:00Z,2026-08-07
o-008901,c-0142,692.11,completed,BR,2026-07-18T16:37:00Z,2026-07-19
o-008902,c-0277,1265.76,cancelled,BR,2026-06-22T00:49:00Z,2026-06-22
o-008903,c-1132,720.81,completed,BR,2026-06-01T16:22:00Z,2026-06-01
o-008904,c-0657,961.40,completed,BR,2026-06-16T23:06:00Z,2026-06-16
o-008905,c-0307,1633.27,completed,BR,2026-08-20T23:34:00Z,2026-08-21
o-008906,c-1525,2497.05,completed,BR,2026-07-03T08:39:00Z,2026-07-03
o-008907,c-1123,2433.32,completed,BR,2026-05-24T19:55:00Z,2026-05-24
o-008908,c-1114,2359.69,pending,BR,2026-07-07T09:29:00Z,2026-07-07
o-008909,c-1275,1928.07,cancelled,BR,2026-08-13T01:43:00Z,2026-08-14
o-008910,c-0520,1278.32,completed,BR,2026-07-22T01:21:00Z,2026-07-23
o-008911,c-0780,387.17,completed,BR,2026-05-29T11:25:00Z,2026-05-29
o-008912,c-1197,1623.57,completed,BR,2026-08-11T12:55:00Z,2026-08-11
o-008913,c-0739,31.23,completed,BR,2026-08-17T23:14:00Z,2026-08-18
o-008914,c-0108,1045.54,completed,BR,2026-07-10T13:53:00Z,2026-07-10
o-008915,c-1734,2463.39,completed,BR,2026-07-06T19:01:00Z,2026-07-07
o-008916,c-1319,934.67,completed,BR,2026-07-04T15:34:00Z,2026-07-04
o-008917,c-1692,2012.04,completed,BR,2026-06-23T18:06:00Z,2026-06-24
o-008918,c-0999,670.05,completed,BR,2026-08-03T18:02:00Z,2026-08-03
o-008919,c-0667,2174.62,completed,BR,2026-08-03T23:59:00Z,2026-08-04
o-008920,c-1655,2117.79,completed,BR,2026-05-26T04:29:00Z,2026-05-27
o-008921,c-1857,1955.41,completed,BR,2026-07-01T05:16:00Z,2026-07-01
o-008922,c-0345,206.25,completed,BR,2026-08-11T18:03:00Z,2026-08-11
o-008923,c-0895,1621.85,pending,BR,2026-06-09T07:31:00Z,2026-06-10
o-008924,c-0394,2480.12,cancelled,BR,2026-06-05T07:54:00Z,2026-06-05
o-008925,c-0016,1532.12,cancelled,BR,2026-06-23T03:16:00Z,2026-06-24
o-008926,c-0333,628.48,completed,BR,2026-05-24T06:19:00Z,2026-05-25
o-008927,c-0445,2001.51,pending,BR,2026-06-15T16:28:00Z,2026-06-16
o-008928,c-1297,387.76,completed,BR,2026-07-02T12:57:00Z,2026-07-03
o-008929,c-0848,1902.23,completed,BR,2026-08-15T10:58:00Z,2026-08-15
o-008930,c-0065,128.80,completed,BR,2026-08-02T18:42:00Z,2026-08-03
o-008931,c-1886,2201.87,pending,BR,2026-07-31T03:20:00Z,2026-08-01
o-008932,c-1705,934.31,pending,BR,2026-06-03T10:17:00Z,2026-06-03
o-008933,c-1403,1361.03,completed,BR,2026-07-04T14:34:00Z,2026-07-04
o-008934,c-1147,1591.09,cancelled,BR,2026-07-20T19:58:00Z,2026-07-21
o-008935,c-1269,2316.36,cancelled,BR,2026-06-28T16:33:00Z,2026-06-28
o-008936,c-0712,1675.92,pending,BR,2026-06-06T09:17:00Z,2026-06-07
o-008937,c-0833,236.18,completed,BR,2026-08-07T10:16:00Z,2026-08-07
o-008938,c-0931,237.54,completed,BR,2026-07-14T11:26:00Z,2026-07-14
o-008939,c-1866,991.87,completed,BR,2026-08-01T11:18:00Z,2026-08-02
o-008940,c-1367,834.66,pending,BR,2026-08-12T21:25:00Z,2026-08-12
o-008941,c-1020,2328.25,completed,BR,2026-07-17T11:38:00Z,2026-07-18
o-008942,c-1267,1500.82,completed,BR,2026-06-21T08:18:00Z,2026-06-21
o-008943,c-0478,2235.69,completed,BR,2026-07-16T05:11:00Z,2026-07-17
o-008944,c-0879,2431.36,completed,BR,2026-07-01T19:41:00Z,2026-07-01
o-008945,c-1079,1622.08,completed,BR,2026-07-11T05:35:00Z,2026-07-11
o-008946,c-0828,548.72,completed,BR,2026-05-30T21:23:00Z,2026-05-30
o-008947,c-0412,221.32,completed,BR,2026-08-11T06:04:00Z,2026-08-11
o-008948,c-0708,1080.28,pending,BR,2026-07-18T00:10:00Z,2026-07-19
o-008949,c-1038,727.38,completed,BR,2026-07-01T14:53:00Z,2026-07-01
o-008950,c-0913,431.17,completed,BR,2026-08-10T23:07:00Z,2026-08-11
o-008951,c-1564,953.76,completed,BR,2026-07-14T17:10:00Z,2026-07-14
o-008952,c-0710,1307.99,completed,BR,2026-07-28T08:42:00Z,2026-07-28
o-008953,c-0247,542.59,completed,BR,2026-07-02T22:43:00Z,2026-07-03
o-008954,c-0624,42.69,completed,BR,2026-07-19T08:01:00Z,2026-07-20
o-008955,c-0400,1527.15,completed,BR,2026-08-11T13:06:00Z,2026-08-12
o-008956,c-0712,1021.28,completed,BR,2026-08-06T18:51:00Z,2026-08-06
o-008957,c-0789,316.14,pending,BR,2026-06-29T08:09:00Z,2026-06-30
o-008958,c-0255,220.39,completed,BR,2026-07-02T08:21:00Z,2026-07-03
o-008959,c-0160,1464.64,cancelled,BR,2026-06-08T09:06:00Z,2026-06-09
o-008960,c-1889,327.76,cancelled,BR,2026-06-22T09:35:00Z,2026-06-23
o-008961,c-0013,171.35,completed,BR,2026-06-03T21:28:00Z,2026-06-03
o-008962,c-1825,2080.83,completed,BR,2026-06-24T19:58:00Z,2026-06-24
o-008963,c-0624,768.31,completed,BR,2026-06-23T15:44:00Z,2026-06-24
o-008964,c-1727,452.14,completed,BR,2026-07-08T12:39:00Z,2026-07-08
o-008965,c-0566,1091.27,completed,BR,2026-07-10T21:19:00Z,2026-07-10
o-008966,c-0719,2203.32,completed,BR,2026-07-22T13:57:00Z,2026-07-23
o-008967,c-0015,1810.96,completed,BR,2026-06-26T02:40:00Z,2026-06-27
o-008968,c-1038,176.65,completed,BR,2026-07-24T03:36:00Z,2026-07-25
o-008969,c-0987,1607.67,completed,BR,2026-06-30T11:06:00Z,2026-07-01
o-008970,c-1194,899.29,completed,BR,2026-08-19T20:22:00Z,2026-08-20
o-008971,c-1090,1938.13,completed,BR,2026-06-19T12:35:00Z,2026-06-19
o-008972,c-1958,2180.78,completed,BR,2026-07-12T13:46:00Z,2026-07-12
o-008973,c-1731,2173.01,completed,BR,2026-06-24T07:57:00Z,2026-06-24
o-008974,c-0784,2070.30,completed,BR,2026-06-09T14:45:00Z,2026-06-09
o-008975,c-0401,1632.09,completed,BR,2026-08-07T19:02:00Z,2026-08-08
o-008976,c-1901,48.63,completed,BR,2026-07-11T08:16:00Z,2026-07-12
o-008977,c-0007,594.08,completed,BR,2026-07-10T21:00:00Z,2026-07-11
o-008978,c-0733,1784.45,completed,BR,2026-08-09T19:03:00Z,2026-08-09
o-008979,c-1718,1285.55,completed,BR,2026-05-29T00:11:00Z,2026-05-30
o-008980,c-1307,2061.22,completed,BR,2026-06-09T14:11:00Z,2026-06-09
o-008981,c-0424,1956.51,completed,BR,2026-07-16T19:54:00Z,2026-07-17
o-008982,c-0122,657.99,completed,BR,2026-08-14T12:56:00Z,2026-08-14
o-008983,c-0680,1464.92,completed,BR,2026-06-21T11:13:00Z,2026-06-22
o-008984,c-1728,356.41,completed,BR,2026-08-15T11:16:00Z,2026-08-15
o-008985,c-0108,2413.50,pending,BR,2026-07-06T06:36:00Z,2026-07-07
o-008986,c-1820,478.64,completed,BR,2026-07-09T03:12:00Z,2026-07-10
o-008987,c-1658,1538.36,completed,BR,2026-06-10T13:03:00Z,2026-06-11
o-008988,c-1688,159.53,completed,BR,2026-08-02T19:45:00Z,2026-08-03
o-008989,c-0321,1170.30,pending,BR,2026-08-20T10:05:00Z,2026-08-21
o-008990,c-1341,1749.55,completed,BR,2026-07-11T09:05:00Z,2026-07-11
o-008991,c-1246,1539.25,completed,BR,2026-06-17T13:23:00Z,2026-06-18
o-008992,c-0636,1794.38,cancelled,BR,2026-06-12T22:23:00Z,2026-06-13
o-008993,c-1813,2066.92,completed,BR,2026-05-28T13:08:00Z,2026-05-28
o-008994,c-0343,477.40,completed,BR,2026-07-08T14:38:00Z,2026-07-08
o-008995,c-1102,1617.46,completed,BR,2026-08-04T09:23:00Z,2026-08-04
o-008996,c-0319,818.47,completed,BR,2026-06-27T15:20:00Z,2026-06-27
o-008997,c-1222,680.60,completed,BR,2026-07-07T12:23:00Z,2026-07-08
o-008998,c-0210,410.17,pending,BR,2026-07-27T21:56:00Z,2026-07-28
o-008999,c-0893,508.61,completed,BR,2026-07-24T13:27:00Z,2026-07-25
o-009000,c-1583,1137.89,completed,BR,2026-05-23T02:10:00Z,2026-05-23
o-009001,c-1285,183.11,completed,BR,2026-08-20T16:31:00Z,2026-08-21
o-009002,c-1610,529.49,pending,BR,2026-06-25T05:04:00Z,2026-06-26
o-009003,c-0589,1844.05,completed,BR,2026-07-04T09:43:00Z,2026-07-05
o-009004,c-1546,1961.48,completed,BR,2026-07-26T16:45:00Z,2026-07-26
o-009005,c-1267,1065.25,completed,BR,2026-06-17T17:44:00Z,2026-06-17
o-009006,c-0742,380.97,pending,BR,2026-06-19T01:39:00Z,2026-06-19
o-009007,c-1922,857.29,completed,BR,2026-07-05T05:04:00Z,2026-07-06
o-009008,c-0130,1228.02,completed,BR,2026-06-28T12:26:00Z,2026-06-28
o-009009,c-1926,1966.77,cancelled,BR,2026-08-04T20:36:00Z,2026-08-04
o-009010,c-1991,1873.32,completed,BR,2026-07-07T15:49:00Z,2026-07-08
o-009011,c-0851,2229.20,completed,BR,2026-05-28T21:58:00Z,2026-05-28
o-009012,c-0080,2003.05,pending,BR,2026-06-12T05:56:00Z,2026-06-12
o-009013,c-1466,354.00,completed,BR,2026-07-08T03:11:00Z,2026-07-08
o-009014,c-1762,2033.77,completed,BR,2026-06-20T04:12:00Z,2026-06-20
o-009015,c-1138,890.95,completed,BR,2026-06-25T04:59:00Z,2026-06-25
o-009016,c-0839,2048.00,completed,BR,2026-07-14T23:47:00Z,2026-07-14
o-009017,c-0234,740.96,completed,BR,2026-07-22T03:21:00Z,2026-07-22
o-009018,c-0547,808.01,pending,BR,2026-07-12T15:34:00Z,2026-07-13
o-009019,c-1012,1378.37,pending,BR,2026-06-02T21:07:00Z,2026-06-03
o-009020,c-1560,1515.73,completed,BR,2026-07-16T17:19:00Z,2026-07-16
o-009021,c-0401,2266.39,completed,BR,2026-07-12T06:21:00Z,2026-07-13
o-009022,c-1625,675.45,completed,BR,2026-05-28T06:12:00Z,2026-05-29
o-009023,c-1685,1841.56,completed,BR,2026-06-03T01:56:00Z,2026-06-04
o-009024,c-0911,211.75,completed,BR,2026-06-14T06:45:00Z,2026-06-14
o-009025,c-0726,736.74,completed,BR,2026-07-20T17:46:00Z,2026-07-21
o-009026,c-0896,1598.91,completed,BR,2026-07-10T00:56:00Z,2026-07-10
o-009027,c-1800,542.09,completed,BR,2026-05-25T21:37:00Z,2026-05-25
o-009028,c-0030,1558.22,pending,BR,2026-07-30T13:32:00Z,2026-07-30
o-009029,c-1229,1812.03,completed,BR,2026-08-20T17:27:00Z,2026-08-21
o-009030,c-1922,1424.61,completed,BR,2026-08-04T19:36:00Z,2026-08-04
o-009031,c-1368,1313.90,completed,BR,2026-08-03T20:07:00Z,2026-08-04
o-009032,c-1151,2425.23,cancelled,BR,2026-07-20T08:24:00Z,2026-07-20
o-009033,c-0355,590.03,completed,BR,2026-08-07T22:42:00Z,2026-08-07
o-009034,c-0074,359.34,completed,BR,2026-07-05T03:31:00Z,2026-07-06
o-009035,c-1065,1902.51,cancelled,BR,2026-07-19T06:21:00Z,2026-07-19
o-009036,c-0416,418.72,completed,BR,2026-06-08T16:49:00Z,2026-06-09
o-009037,c-0837,2407.17,completed,BR,2026-07-30T11:52:00Z,2026-07-31
o-009038,c-0436,178.65,completed,BR,2026-05-31T01:45:00Z,2026-06-01
o-009039,c-0727,2158.76,pending,BR,2026-07-01T22:39:00Z,2026-07-02
o-009040,c-1726,1156.84,pending,BR,2026-07-13T23:23:00Z,2026-07-14
o-009041,c-1535,506.37,completed,BR,2026-07-07T14:31:00Z,2026-07-07
o-009042,c-1358,117.74,completed,BR,2026-05-30T21:49:00Z,2026-05-30
o-009043,c-0945,829.69,completed,BR,2026-08-02T20:34:00Z,2026-08-03
o-009044,c-1123,960.70,completed,BR,2026-06-16T10:55:00Z,2026-06-17
o-009045,c-0418,643.35,completed,BR,2026-06-04T08:36:00Z,2026-06-05
o-009046,c-1576,836.89,pending,BR,2026-06-13T11:45:00Z,2026-06-14
o-009047,c-0093,1063.53,completed,BR,2026-05-23T19:57:00Z,2026-05-23
o-009048,c-1130,116.05,completed,BR,2026-08-14T18:55:00Z,2026-08-14
o-009049,c-0650,314.70,cancelled,BR,2026-06-05T09:00:00Z,2026-06-06
o-009050,c-1613,153.66,completed,BR,2026-08-16T02:45:00Z,2026-08-16
o-009051,c-1382,669.27,completed,BR,2026-06-12T19:44:00Z,2026-06-13
o-009052,c-1862,551.84,completed,BR,2026-06-01T05:10:00Z,2026-06-02
o-009053,c-0621,1133.33,completed,BR,2026-06-26T22:14:00Z,2026-06-26
o-009054,c-0585,854.73,completed,BR,2026-07-12T00:54:00Z,2026-07-13
o-009055,c-0260,637.49,completed,BR,2026-06-02T14:18:00Z,2026-06-03
o-009056,c-0284,921.69,completed,BR,2026-08-04T22:44:00Z,2026-08-05
o-009057,c-1082,1630.10,pending,BR,2026-06-15T14:50:00Z,2026-06-16
o-009058,c-1031,2141.09,completed,BR,2026-06-04T17:41:00Z,2026-06-04
o-009059,c-0339,385.27,pending,BR,2026-07-11T12:07:00Z,2026-07-12
o-009060,c-1810,403.11,pending,BR,2026-05-28T19:51:00Z,2026-05-29
o-009061,c-0004,407.69,completed,BR,2026-07-21T18:45:00Z,2026-07-21
o-009062,c-1244,1091.13,completed,BR,2026-06-04T21:20:00Z,2026-06-04
o-009063,c-0154,1175.61,completed,BR,2026-06-22T03:28:00Z,2026-06-22
o-009064,c-0278,1678.43,completed,BR,2026-06-18T07:31:00Z,2026-06-19
o-009065,c-0004,1330.80,completed,BR,2026-08-13T07:29:00Z,2026-08-14
o-009066,c-1887,867.24,completed,BR,2026-07-09T06:29:00Z,2026-07-09
o-009067,c-1009,350.20,completed,BR,2026-07-03T07:15:00Z,2026-07-03
o-009068,c-0051,23.45,cancelled,BR,2026-06-15T10:24:00Z,2026-06-16
o-009069,c-0557,1115.37,completed,BR,2026-05-31T06:59:00Z,2026-05-31
o-009070,c-0144,2307.81,completed,BR,2026-08-07T13:32:00Z,2026-08-07
o-009071,c-1250,730.25,completed,BR,2026-08-19T09:10:00Z,2026-08-19
o-009072,c-0845,1641.74,completed,BR,2026-07-09T09:56:00Z,2026-07-09
o-009073,c-0037,1484.55,pending,BR,2026-05-26T06:41:00Z,2026-05-27
o-009074,c-1417,1423.14,completed,BR,2026-07-07T12:40:00Z,2026-07-08
o-009075,c-0402,2147.87,completed,BR,2026-07-17T15:05:00Z,2026-07-17
o-009076,c-0822,768.77,pending,BR,2026-06-17T10:05:00Z,2026-06-18
o-009077,c-0666,426.07,completed,BR,2026-08-12T04:13:00Z,2026-08-12
o-009078,c-1806,816.21,completed,BR,2026-07-01T16:42:00Z,2026-07-02
o-009079,c-1486,471.48,completed,BR,2026-07-19T19:36:00Z,2026-07-19
o-009080,c-1459,642.87,pending,BR,2026-07-07T14:29:00Z,2026-07-08
o-009081,c-1126,603.56,completed,BR,2026-07-06T05:07:00Z,2026-07-07
o-009082,c-0001,2448.32,completed,BR,2026-05-23T13:18:00Z,2026-05-23
o-009083,c-0295,494.72,completed,BR,2026-08-13T02:20:00Z,2026-08-14
o-009084,c-0084,393.13,completed,BR,2026-07-20T16:13:00Z,2026-07-20
o-009085,c-1810,2366.63,pending,BR,2026-05-24T03:25:00Z,2026-05-24
o-009086,c-0291,1246.13,completed,BR,2026-06-16T20:17:00Z,2026-06-16
o-009087,c-0518,260.00,completed,BR,2026-07-06T04:24:00Z,2026-07-07
o-009088,c-0412,2053.73,completed,BR,2026-06-30T05:29:00Z,2026-06-30
o-009089,c-1496,189.98,cancelled,BR,2026-07-13T08:43:00Z,2026-07-14
o-009090,c-1928,715.83,completed,BR,2026-07-15T16:41:00Z,2026-07-16
o-009091,c-1252,2390.84,completed,BR,2026-07-01T12:30:00Z,2026-07-01
o-009092,c-0792,1491.67,completed,BR,2026-06-16T00:57:00Z,2026-06-16
o-009093,c-1416,585.00,completed,BR,2026-07-24T19:49:00Z,2026-07-24
o-009094,c-1663,241.11,completed,BR,2026-06-13T20:26:00Z,2026-06-14
o-009095,c-0248,1509.55,completed,BR,2026-06-29T19:18:00Z,2026-06-29
o-009096,c-1756,1352.47,completed,BR,2026-07-20T11:27:00Z,2026-07-20
o-009097,c-1997,1042.44,completed,BR,2026-06-18T17:18:00Z,2026-06-19
o-009098,c-1997,1729.17,completed,BR,2026-07-15T16:56:00Z,2026-07-15
o-009099,c-1722,398.44,completed,BR,2026-08-03T10:45:00Z,2026-08-04
o-009100,c-0147,770.59,completed,BR,2026-05-24T18:58:00Z,2026-05-25
o-009101,c-0784,179.49,cancelled,BR,2026-08-09T05:39:00Z,2026-08-09
o-009102,c-0324,1830.64,cancelled,BR,2026-07-19T16:38:00Z,2026-07-19
o-009103,c-1866,1370.17,completed,BR,2026-05-28T13:36:00Z,2026-05-28
o-009104,c-0392,141.84,completed,BR,2026-06-20T09:47:00Z,2026-06-21
o-009105,c-1509,2093.18,pending,BR,2026-06-01T02:11:00Z,2026-06-01
o-009106,c-0282,1174.54,completed,BR,2026-08-14T04:57:00Z,2026-08-14
o-009107,c-1789,1322.77,pending,BR,2026-07-08T20:36:00Z,2026-07-09
o-009108,c-1439,2181.04,completed,BR,2026-08-18T04:37:00Z,2026-08-18
o-009109,c-1951,92.81,completed,BR,2026-06-17T01:50:00Z,2026-06-17
o-009110,c-0497,932.38,completed,BR,2026-06-20T07:36:00Z,2026-06-21
o-009111,c-0139,268.38,completed,BR,2026-06-22T20:48:00Z,2026-06-23
o-009112,c-1563,1854.79,cancelled,BR,2026-06-23T17:52:00Z,2026-06-24
o-009113,c-1233,397.55,completed,BR,2026-07-21T12:28:00Z,2026-07-21
o-009114,c-0504,981.79,completed,BR,2026-06-29T05:08:00Z,2026-06-30
o-009115,c-1659,2182.02,pending,BR,2026-07-14T10:06:00Z,2026-07-15
o-009116,c-0524,1717.32,pending,BR,2026-07-10T10:29:00Z,2026-07-11
o-009117,c-0406,63.98,completed,BR,2026-05-25T12:33:00Z,2026-05-25
o-009118,c-0634,1691.47,cancelled,BR,2026-08-02T20:19:00Z,2026-08-02
o-009119,c-1204,1266.82,completed,BR,2026-05-29T05:53:00Z,2026-05-29
o-009120,c-0129,525.17,pending,BR,2026-07-28T08:15:00Z,2026-07-28
o-009121,c-1199,303.50,completed,BR,2026-06-02T18:45:00Z,2026-06-02
o-009122,c-1546,2474.84,completed,BR,2026-08-12T14:37:00Z,2026-08-13
o-009123,c-0511,2232.59,completed,BR,2026-07-05T00:29:00Z,2026-07-06
o-009124,c-1171,2398.90,completed,BR,2026-06-28T09:15:00Z,2026-06-28
o-009125,c-0904,246.56,pending,BR,2026-06-13T18:35:00Z,2026-06-13
o-009126,c-0291,1766.87,completed,BR,2026-08-14T08:48:00Z,2026-08-14
o-009127,c-1631,1961.29,completed,BR,2026-07-10T18:13:00Z,2026-07-11
o-009128,c-1657,451.29,pending,BR,2026-07-28T23:33:00Z,2026-07-29
o-009129,c-1770,291.08,pending,BR,2026-08-14T13:14:00Z,2026-08-14
o-009130,c-0493,1267.31,completed,BR,2026-05-24T23:20:00Z,2026-05-25
o-009131,c-1459,1663.50,completed,BR,2026-06-23T15:26:00Z,2026-06-23
o-009132,c-0359,1038.92,pending,BR,2026-08-07T08:07:00Z,2026-08-08
o-009133,c-0264,903.51,pending,BR,2026-07-30T06:33:00Z,2026-07-31
o-009134,c-0172,2007.17,completed,BR,2026-07-25T16:04:00Z,2026-07-25
o-009135,c-0843,710.76,pending,BR,2026-07-17T13:52:00Z,2026-07-18
o-009136,c-1651,1199.76,pending,BR,2026-06-13T21:58:00Z,2026-06-13
o-009137,c-1623,2254.77,pending,BR,2026-06-14T19:41:00Z,2026-06-14
o-009138,c-1925,849.39,pending,BR,2026-08-17T10:43:00Z,2026-08-17
o-009139,c-1719,250.62,completed,BR,2026-06-02T03:52:00Z,2026-06-02
o-009140,c-0193,716.67,completed,BR,2026-06-16T23:23:00Z,2026-06-16
o-009141,c-1823,847.93,pending,BR,2026-07-12T16:10:00Z,2026-07-12
o-009142,c-0200,1962.55,cancelled,BR,2026-07-30T03:54:00Z,2026-07-30
o-009143,c-1420,609.62,completed,BR,2026-06-02T12:31:00Z,2026-06-03
o-009144,c-0810,127.42,completed,BR,2026-07-12T17:37:00Z,2026-07-12
o-009145,c-0949,1324.05,completed,BR,2026-08-02T08:55:00Z,2026-08-03
o-009146,c-1050,1929.82,pending,BR,2026-06-03T17:04:00Z,2026-06-03
o-009147,c-1729,2386.12,completed,BR,2026-07-25T21:57:00Z,2026-07-26
o-009148,c-1531,119.03,cancelled,BR,2026-05-24T20:52:00Z,2026-05-25
o-009149,c-0972,585.32,completed,BR,2026-08-11T17:01:00Z,2026-08-11
o-009150,c-1060,415.70,completed,BR,2026-06-06T22:05:00Z,2026-06-07
o-009151,c-1718,1280.38,completed,BR,2026-06-03T23:19:00Z,2026-06-03
o-009152,c-0043,688.70,completed,BR,2026-07-10T18:29:00Z,2026-07-11
o-009153,c-0301,1992.04,completed,BR,2026-06-20T09:37:00Z,2026-06-20
o-009154,c-1558,58.12,completed,BR,2026-07-19T13:33:00Z,2026-07-19
o-009155,c-0506,695.51,completed,BR,2026-06-25T03:39:00Z,2026-06-26
o-009156,c-0183,1668.22,completed,BR,2026-05-28T06:01:00Z,2026-05-29
o-009157,c-1590,975.40,completed,BR,2026-07-23T00:24:00Z,2026-07-23
o-009158,c-0795,1714.77,completed,BR,2026-06-26T13:19:00Z,2026-06-26
o-009159,c-1631,1604.22,completed,BR,2026-08-07T16:31:00Z,2026-08-07
o-009160,c-1088,777.26,completed,BR,2026-06-01T16:06:00Z,2026-06-02
o-009161,c-1176,986.02,completed,BR,2026-06-27T08:57:00Z,2026-06-28
o-009162,c-0115,819.79,completed,BR,2026-07-01T15:48:00Z,2026-07-02
o-009163,c-0351,211.94,completed,BR,2026-08-04T13:54:00Z,2026-08-04
o-009164,c-1332,2412.83,completed,BR,2026-08-05T02:26:00Z,2026-08-05
o-009165,c-1947,1654.24,completed,BR,2026-08-17T09:07:00Z,2026-08-18
o-009166,c-1507,1753.57,pending,BR,2026-05-31T19:01:00Z,2026-05-31
o-009167,c-0899,144.45,pending,BR,2026-07-16T16:58:00Z,2026-07-17
o-009168,c-0498,2045.29,completed,BR,2026-08-20T17:50:00Z,2026-08-21
o-009169,c-1612,1389.15,completed,BR,2026-07-06T16:16:00Z,2026-07-06
o-009170,c-1653,2011.43,completed,BR,2026-07-08T22:29:00Z,2026-07-08
o-009171,c-1694,2241.00,completed,BR,2026-07-15T10:24:00Z,2026-07-16
o-009172,c-0787,2143.05,completed,BR,2026-06-04T21:27:00Z,2026-06-05
o-009173,c-0810,977.44,completed,BR,2026-07-04T14:49:00Z,2026-07-04
o-009174,c-1989,212.44,completed,BR,2026-05-27T15:01:00Z,2026-05-27
o-009175,c-1070,1723.47,completed,BR,2026-07-05T20:33:00Z,2026-07-05
o-009176,c-1568,921.22,completed,BR,2026-08-11T18:51:00Z,2026-08-11
o-009177,c-1647,2370.76,completed,BR,2026-07-08T23:55:00Z,2026-07-09
o-009178,c-0282,866.26,completed,BR,2026-07-06T00:45:00Z,2026-07-06
o-009179,c-0385,871.31,pending,BR,2026-08-11T16:41:00Z,2026-08-12
o-009180,c-1097,122.69,completed,BR,2026-05-31T16:27:00Z,2026-05-31
o-009181,c-1540,30.05,completed,BR,2026-06-27T04:10:00Z,2026-06-28
o-009182,c-1107,937.25,completed,BR,2026-06-07T22:44:00Z,2026-06-07
o-009183,c-0133,1781.36,completed,BR,2026-08-05T17:36:00Z,2026-08-05
o-009184,c-0020,1414.93,completed,BR,2026-05-29T07:31:00Z,2026-05-30
o-009185,c-0706,1387.59,pending,BR,2026-08-15T18:42:00Z,2026-08-15
o-009186,c-0218,2229.81,completed,BR,2026-07-05T13:21:00Z,2026-07-05
o-009187,c-0304,2086.06,completed,BR,2026-07-24T01:43:00Z,2026-07-24
o-009188,c-1251,815.64,completed,BR,2026-08-18T14:47:00Z,2026-08-18
o-009189,c-0556,980.32,completed,BR,2026-05-31T19:48:00Z,2026-05-31
o-009190,c-1058,1913.78,pending,BR,2026-07-15T08:33:00Z,2026-07-15
o-009191,c-0780,337.04,completed,BR,2026-07-15T02:26:00Z,2026-07-15
o-009192,c-0797,2384.18,completed,BR,2026-07-22T02:29:00Z,2026-07-23
o-009193,c-0652,467.11,completed,BR,2026-08-18T18:45:00Z,2026-08-19
o-009194,c-1912,1684.89,completed,BR,2026-07-11T19:06:00Z,2026-07-12
o-009195,c-1751,683.80,completed,BR,2026-08-09T14:59:00Z,2026-08-09
o-009196,c-1376,1593.15,completed,BR,2026-06-09T08:20:00Z,2026-06-09
o-009197,c-1629,1114.42,pending,BR,2026-05-27T11:02:00Z,2026-05-28
o-009198,c-0692,2330.39,completed,BR,2026-07-17T05:16:00Z,2026-07-18
o-009199,c-1726,2058.55,completed,BR,2026-07-30T17:42:00Z,2026-07-31
o-009200,c-0906,1293.90,completed,BR,2026-07-09T00:06:00Z,2026-07-09
o-009201,c-1817,1437.08,cancelled,BR,2026-06-17T16:29:00Z,2026-06-17
o-009202,c-0898,2302.79,pending,BR,2026-06-02T09:56:00Z,2026-06-02
o-009203,c-0045,257.57,completed,BR,2026-08-10T21:50:00Z,2026-08-11
o-009204,c-0434,1382.50,pending,BR,2026-06-14T17:42:00Z,2026-06-14
o-009205,c-1917,2243.74,completed,BR,2026-07-11T05:19:00Z,2026-07-12
o-009206,c-1092,1096.48,pending,BR,2026-07-07T14:59:00Z,2026-07-07
o-009207,c-0442,1029.32,completed,BR,2026-06-21T07:03:00Z,2026-06-21
o-009208,c-0496,767.99,pending,BR,2026-07-01T12:41:00Z,2026-07-02
o-009209,c-1646,2257.71,cancelled,BR,2026-06-14T02:47:00Z,2026-06-14
o-009210,c-1773,2288.87,completed,BR,2026-08-07T12:35:00Z,2026-08-08
o-009211,c-0209,1220.51,pending,BR,2026-08-16T06:03:00Z,2026-08-17
o-009212,c-1160,2330.24,completed,BR,2026-06-01T22:55:00Z,2026-06-02
o-009213,c-0813,1117.56,completed,BR,2026-05-25T19:36:00Z,2026-05-26
o-009214,c-0242,236.22,completed,BR,2026-07-06T12:46:00Z,2026-07-06
o-009215,c-0653,1208.68,completed,BR,2026-05-31T01:46:00Z,2026-05-31
o-009216,c-0292,1319.05,completed,BR,2026-08-06T22:21:00Z,2026-08-07
o-009217,c-0048,64.81,completed,BR,2026-06-24T09:17:00Z,2026-06-24
o-009218,c-0706,1068.96,pending,BR,2026-07-10T21:15:00Z,2026-07-10
o-009219,c-1936,2269.35,pending,BR,2026-06-12T15:23:00Z,2026-06-13
o-009220,c-0317,2005.85,cancelled,BR,2026-06-15T00:10:00Z,2026-06-15
o-009221,c-0924,801.69,completed,BR,2026-08-02T06:36:00Z,2026-08-02
o-009222,c-0657,488.74,completed,BR,2026-06-21T20:30:00Z,2026-06-22
o-009223,c-1439,1853.66,cancelled,BR,2026-08-16T14:11:00Z,2026-08-16
o-009224,c-1376,2084.45,completed,BR,2026-06-27T16:38:00Z,2026-06-27
o-009225,c-1702,1941.31,completed,BR,2026-07-21T15:58:00Z,2026-07-22
o-009226,c-0862,1231.38,completed,BR,2026-06-26T12:24:00Z,2026-06-27
o-009227,c-0419,2077.74,completed,BR,2026-06-29T16:18:00Z,2026-06-29
o-009228,c-0858,1625.60,completed,BR,2026-07-27T17:46:00Z,2026-07-27
o-009229,c-1818,1219.34,completed,BR,2026-08-12T09:27:00Z,2026-08-13
o-009230,c-1085,850.21,pending,BR,2026-08-01T11:25:00Z,2026-08-02
o-009231,c-0751,223.96,completed,BR,2026-06-14T08:08:00Z,2026-06-15
o-009232,c-1163,608.98,completed,BR,2026-08-18T04:54:00Z,2026-08-19
o-009233,c-0187,999.29,completed,BR,2026-08-16T16:31:00Z,2026-08-16
o-009234,c-0669,274.13,completed,BR,2026-07-23T16:25:00Z,2026-07-23
o-009235,c-0532,2484.70,completed,BR,2026-06-28T17:57:00Z,2026-06-29
o-009236,c-1363,1215.63,completed,BR,2026-07-14T06:37:00Z,2026-07-15
o-009237,c-1350,1804.04,cancelled,BR,2026-05-25T06:04:00Z,2026-05-26
o-009238,c-1747,1941.26,cancelled,BR,2026-06-14T15:31:00Z,2026-06-15
o-009239,c-1984,141.65,completed,BR,2026-07-31T16:50:00Z,2026-08-01
o-009240,c-0898,1670.71,pending,BR,2026-06-14T00:21:00Z,2026-06-14
o-009241,c-1362,2052.19,completed,BR,2026-07-30T09:25:00Z,2026-07-30
o-009242,c-0296,2058.20,completed,BR,2026-06-25T13:21:00Z,2026-06-25
o-009243,c-1089,1804.47,pending,BR,2026-06-06T11:14:00Z,2026-06-06
o-009244,c-0272,163.88,pending,BR,2026-08-17T07:45:00Z,2026-08-17
o-009245,c-1288,1541.31,completed,BR,2026-07-23T19:03:00Z,2026-07-24
o-009246,c-1354,1274.97,completed,BR,2026-06-05T20:16:00Z,2026-06-06
o-009247,c-1717,1027.60,completed,BR,2026-06-05T15:00:00Z,2026-06-06
o-009248,c-1161,596.13,completed,BR,2026-05-27T03:57:00Z,2026-05-28
o-009249,c-0757,1731.55,completed,BR,2026-07-11T09:04:00Z,2026-07-11
o-009250,c-0539,2487.25,cancelled,BR,2026-07-09T10:09:00Z,2026-07-10
o-009251,c-1472,1218.36,completed,BR,2026-06-17T10:07:00Z,2026-06-18
o-009252,c-1113,600.02,completed,BR,2026-06-15T05:51:00Z,2026-06-16
o-009253,c-1468,315.22,completed,BR,2026-06-02T16:03:00Z,2026-06-02
o-009254,c-0294,210.25,completed,BR,2026-07-28T01:02:00Z,2026-07-29
o-009255,c-0907,2434.53,completed,BR,2026-07-04T11:28:00Z,2026-07-05
o-009256,c-0506,728.83,completed,BR,2026-06-11T17:11:00Z,2026-06-11
o-009257,c-1810,1518.03,completed,BR,2026-08-15T22:04:00Z,2026-08-15
o-009258,c-0852,978.62,pending,BR,2026-06-25T19:33:00Z,2026-06-25
o-009259,c-0734,1471.12,completed,BR,2026-07-29T08:24:00Z,2026-07-30
o-009260,c-0423,349.83,cancelled,BR,2026-07-20T10:32:00Z,2026-07-21
o-009261,c-1551,840.58,completed,BR,2026-06-05T20:12:00Z,2026-06-06
o-009262,c-0110,1564.70,completed,BR,2026-06-30T12:54:00Z,2026-07-01
o-009263,c-0713,1412.09,cancelled,BR,2026-05-26T19:03:00Z,2026-05-27
o-009264,c-0818,2325.33,completed,BR,2026-06-30T14:33:00Z,2026-06-30
o-009265,c-1995,141.37,completed,BR,2026-07-16T09:25:00Z,2026-07-17
o-009266,c-1029,2239.79,cancelled,BR,2026-08-06T17:31:00Z,2026-08-06
o-009267,c-0549,673.44,completed,BR,2026-06-23T02:09:00Z,2026-06-24
o-009268,c-1632,353.78,cancelled,BR,2026-08-05T05:29:00Z,2026-08-06
o-009269,c-1200,617.94,completed,BR,2026-05-28T18:33:00Z,2026-05-28
o-009270,c-1404,204.55,completed,BR,2026-06-15T02:21:00Z,2026-06-15
o-009271,c-0284,1615.35,completed,BR,2026-06-02T06:24:00Z,2026-06-03
o-009272,c-0066,815.14,pending,BR,2026-07-11T21:21:00Z,2026-07-11
o-009273,c-0471,1223.94,completed,BR,2026-07-30T14:31:00Z,2026-07-31
o-009274,c-0762,197.88,completed,BR,2026-05-28T06:11:00Z,2026-05-28
o-009275,c-1975,1814.80,completed,BR,2026-06-22T09:48:00Z,2026-06-23
o-009276,c-1044,1868.67,completed,BR,2026-07-16T14:16:00Z,2026-07-17
o-009277,c-0865,684.05,completed,BR,2026-06-01T01:52:00Z,2026-06-01
o-009278,c-0288,549.58,completed,BR,2026-08-15T11:51:00Z,2026-08-16
o-009279,c-0498,1119.24,completed,BR,2026-07-23T07:03:00Z,2026-07-24
o-009280,c-1123,860.42,completed,BR,2026-08-10T13:56:00Z,2026-08-11
o-009281,c-1561,856.49,cancelled,BR,2026-07-15T17:09:00Z,2026-07-15
o-009282,c-0556,519.05,cancelled,BR,2026-08-18T21:56:00Z,2026-08-18
o-009283,c-0306,892.50,cancelled,BR,2026-07-26T16:39:00Z,2026-07-26
o-009284,c-1507,1543.79,completed,BR,2026-05-25T15:34:00Z,2026-05-25
o-009285,c-0548,282.11,cancelled,BR,2026-07-04T14:01:00Z,2026-07-05
o-009286,c-0923,2257.99,completed,BR,2026-08-10T22:43:00Z,2026-08-10
o-009287,c-1724,2105.38,completed,BR,2026-07-05T09:47:00Z,2026-07-06
o-009288,c-0668,1636.95,cancelled,BR,2026-05-31T03:14:00Z,2026-05-31
o-009289,c-0766,2021.63,completed,BR,2026-07-15T16:53:00Z,2026-07-16
o-009290,c-0432,297.21,completed,BR,2026-06-30T05:24:00Z,2026-07-01
o-009291,c-0650,1505.46,pending,BR,2026-06-21T18:17:00Z,2026-06-22
o-009292,c-1083,720.35,completed,BR,2026-06-04T00:51:00Z,2026-06-04
o-009293,c-0394,2142.94,completed,BR,2026-07-06T16:45:00Z,2026-07-07
o-009294,c-0277,948.14,completed,BR,2026-08-19T15:22:00Z,2026-08-19
o-009295,c-1718,472.35,completed,BR,2026-08-08T04:24:00Z,2026-08-09
o-009296,c-0378,280.56,completed,BR,2026-06-22T17:49:00Z,2026-06-23
o-009297,c-1668,410.12,pending,BR,2026-08-01T00:31:00Z,2026-08-01
o-009298,c-0891,2439.77,cancelled,BR,2026-08-12T09:36:00Z,2026-08-13
o-009299,c-0086,950.01,completed,BR,2026-07-02T18:45:00Z,2026-07-02
o-009300,c-1492,1836.18,completed,BR,2026-08-03T12:42:00Z,2026-08-04
o-009301,c-0452,1864.07,cancelled,BR,2026-06-22T11:26:00Z,2026-06-22
o-009302,c-0387,1454.97,pending,BR,2026-06-14T02:56:00Z,2026-06-14
o-009303,c-1766,306.22,cancelled,BR,2026-07-27T15:00:00Z,2026-07-27
o-009304,c-1968,15.29,completed,BR,2026-06-09T05:08:00Z,2026-06-09
o-009305,c-0736,593.29,pending,BR,2026-05-28T17:37:00Z,2026-05-28
o-009306,c-1180,1797.67,completed,BR,2026-05-29T16:36:00Z,2026-05-29
o-009307,c-0597,1064.55,completed,BR,2026-07-19T03:53:00Z,2026-07-19
o-009308,c-1771,234.94,completed,BR,2026-07-30T05:16:00Z,2026-07-31
o-009309,c-1689,884.35,completed,BR,2026-06-04T03:57:00Z,2026-06-05
o-009310,c-0393,1421.48,pending,BR,2026-07-15T10:03:00Z,2026-07-16
o-009311,c-1055,1329.48,pending,BR,2026-07-08T14:45:00Z,2026-07-09
o-009312,c-1596,101.63,completed,BR,2026-06-17T03:27:00Z,2026-06-17
o-009313,c-0489,2073.74,completed,BR,2026-06-11T22:19:00Z,2026-06-12
o-009314,c-0032,987.83,cancelled,BR,2026-06-17T04:47:00Z,2026-06-18
o-009315,c-1607,2089.06,completed,BR,2026-08-19T22:43:00Z,2026-08-20
o-009316,c-0317,2111.56,completed,BR,2026-06-03T21:27:00Z,2026-06-04
o-009317,c-1594,1917.58,pending,BR,2026-07-17T09:24:00Z,2026-07-18
o-009318,c-0776,1169.69,pending,BR,2026-08-15T23:45:00Z,2026-08-16
o-009319,c-0844,1536.99,cancelled,BR,2026-06-27T05:45:00Z,2026-06-28
o-009320,c-0018,48.28,cancelled,BR,2026-05-24T22:07:00Z,2026-05-24
o-009321,c-1557,2352.24,completed,BR,2026-06-16T14:32:00Z,2026-06-17
o-009322,c-1002,1830.50,completed,BR,2026-07-22T07:32:00Z,2026-07-22
o-009323,c-0391,2397.29,completed,BR,2026-08-15T21:34:00Z,2026-08-15
o-009324,c-0458,1204.80,pending,BR,2026-06-13T20:46:00Z,2026-06-13
o-009325,c-1784,2491.22,pending,BR,2026-06-26T10:02:00Z,2026-06-26
o-009326,c-0702,693.48,completed,BR,2026-07-13T11:29:00Z,2026-07-14
o-009327,c-1669,1095.54,completed,BR,2026-08-14T01:02:00Z,2026-08-14
o-009328,c-1817,881.98,completed,BR,2026-06-07T16:57:00Z,2026-06-08
o-009329,c-0334,1612.08,completed,BR,2026-08-08T07:39:00Z,2026-08-08
o-009330,c-1282,2386.66,cancelled,BR,2026-07-27T21:36:00Z,2026-07-27
o-009331,c-0585,144.95,completed,BR,2026-08-06T20:43:00Z,2026-08-07
o-009332,c-1974,2297.68,completed,BR,2026-07-02T22:22:00Z,2026-07-03
o-009333,c-1385,1316.62,completed,BR,2026-07-26T15:23:00Z,2026-07-27
o-009334,c-1582,849.47,completed,BR,2026-08-19T06:07:00Z,2026-08-19
o-009335,c-1507,1812.85,completed,BR,2026-06-16T15:03:00Z,2026-06-17
o-009336,c-0563,644.02,completed,BR,2026-08-12T10:01:00Z,2026-08-12
o-009337,c-1368,499.11,completed,BR,2026-06-23T16:23:00Z,2026-06-24
o-009338,c-1747,277.32,cancelled,BR,2026-06-14T19:14:00Z,2026-06-14
o-009339,c-1948,1010.36,completed,BR,2026-07-03T14:02:00Z,2026-07-03
o-009340,c-0963,2155.19,cancelled,BR,2026-07-19T07:14:00Z,2026-07-20
o-009341,c-1354,99.85,completed,BR,2026-07-08T06:25:00Z,2026-07-08
o-009342,c-0709,739.82,pending,BR,2026-08-03T15:05:00Z,2026-08-03
o-009343,c-0969,1446.12,completed,BR,2026-05-27T17:09:00Z,2026-05-28
o-009344,c-0338,1619.97,completed,BR,2026-07-02T13:54:00Z,2026-07-02
o-009345,c-0890,1739.49,completed,BR,2026-07-26T13:39:00Z,2026-07-27
o-009346,c-0022,1528.76,completed,BR,2026-07-13T03:05:00Z,2026-07-13
o-009347,c-1128,1445.12,pending,BR,2026-05-25T15:20:00Z,2026-05-26
o-009348,c-0624,552.34,completed,BR,2026-06-22T00:37:00Z,2026-06-23
o-009349,c-0659,561.91,completed,BR,2026-07-10T06:07:00Z,2026-07-11
o-009350,c-1185,2162.82,cancelled,BR,2026-07-26T20:37:00Z,2026-07-27
o-009351,c-1186,240.64,completed,BR,2026-06-07T21:30:00Z,2026-06-08
o-009352,c-1325,989.76,completed,BR,2026-06-24T10:42:00Z,2026-06-25
o-009353,c-1636,1480.70,completed,BR,2026-06-27T21:43:00Z,2026-06-27
o-009354,c-0354,76.48,pending,BR,2026-08-03T18:42:00Z,2026-08-03
o-009355,c-0693,1935.53,completed,BR,2026-06-22T01:00:00Z,2026-06-22
o-009356,c-1638,2083.57,completed,BR,2026-08-15T22:45:00Z,2026-08-16
o-009357,c-0755,1017.26,cancelled,BR,2026-06-23T08:47:00Z,2026-06-24
o-009358,c-1264,246.69,pending,BR,2026-05-28T16:33:00Z,2026-05-29
o-009359,c-1727,585.11,cancelled,BR,2026-07-31T07:58:00Z,2026-07-31
o-009360,c-1831,1521.89,pending,BR,2026-06-15T14:46:00Z,2026-06-15
o-009361,c-1917,1134.65,cancelled,BR,2026-07-18T16:50:00Z,2026-07-18
o-009362,c-0591,122.47,completed,BR,2026-08-18T20:51:00Z,2026-08-18
o-009363,c-0282,2349.66,completed,BR,2026-08-02T02:24:00Z,2026-08-03
o-009364,c-0177,2247.02,completed,BR,2026-08-16T03:07:00Z,2026-08-16
o-009365,c-0463,714.80,completed,BR,2026-07-24T07:27:00Z,2026-07-24
o-009366,c-1021,780.70,completed,BR,2026-06-25T03:30:00Z,2026-06-25
o-009367,c-1029,683.63,completed,BR,2026-05-25T01:01:00Z,2026-05-25
o-009368,c-1796,2066.28,completed,BR,2026-05-30T21:40:00Z,2026-05-30
o-009369,c-1478,297.99,pending,BR,2026-08-06T00:16:00Z,2026-08-06
o-009370,c-0164,238.66,pending,BR,2026-06-23T20:36:00Z,2026-06-23
o-009371,c-0224,891.29,completed,BR,2026-06-01T18:09:00Z,2026-06-02
o-009372,c-1573,1232.59,completed,BR,2026-06-28T07:41:00Z,2026-06-29
o-009373,c-1456,1054.16,completed,BR,2026-07-10T02:33:00Z,2026-07-11
o-009374,c-0874,1404.38,pending,BR,2026-07-09T22:40:00Z,2026-07-09
o-009375,c-0423,2280.70,cancelled,BR,2026-08-10T14:19:00Z,2026-08-11
o-009376,c-1811,116.02,cancelled,BR,2026-08-06T03:18:00Z,2026-08-07
o-009377,c-1520,2488.70,completed,BR,2026-06-15T22:43:00Z,2026-06-15
o-009378,c-1773,1279.70,completed,BR,2026-07-28T04:53:00Z,2026-07-29
o-009379,c-0712,1058.04,completed,BR,2026-07-30T20:51:00Z,2026-07-31
o-009380,c-1113,2217.84,completed,BR,2026-07-13T13:43:00Z,2026-07-13
o-009381,c-0789,1825.49,completed,BR,2026-08-03T05:46:00Z,2026-08-04
o-009382,c-1781,1135.27,completed,BR,2026-07-26T20:27:00Z,2026-07-27
o-009383,c-0728,1142.60,cancelled,BR,2026-06-29T17:46:00Z,2026-06-30
o-009384,c-0761,2100.49,completed,BR,2026-08-15T10:38:00Z,2026-08-16
o-009385,c-1005,1087.04,completed,BR,2026-08-16T20:32:00Z,2026-08-16
o-009386,c-0081,2256.61,completed,BR,2026-07-14T16:08:00Z,2026-07-14
o-009387,c-1343,1828.85,pending,BR,2026-06-22T07:36:00Z,2026-06-22
o-009388,c-0572,1171.73,completed,BR,2026-06-03T21:46:00Z,2026-06-03
o-009389,c-0889,1249.40,completed,BR,2026-07-05T14:03:00Z,2026-07-06
o-009390,c-0504,1613.71,completed,BR,2026-07-09T08:53:00Z,2026-07-10
o-009391,c-0007,1860.98,pending,BR,2026-06-11T02:29:00Z,2026-06-11
o-009392,c-0278,171.44,completed,BR,2026-08-12T10:32:00Z,2026-08-13
o-009393,c-1394,1403.34,completed,BR,2026-08-11T16:33:00Z,2026-08-11
o-009394,c-0337,2458.04,pending,BR,2026-06-12T18:42:00Z,2026-06-13
o-009395,c-0684,1944.16,pending,BR,2026-07-25T12:39:00Z,2026-07-25
o-009396,c-0113,1282.61,completed,BR,2026-07-25T21:02:00Z,2026-07-26
o-009397,c-1226,1831.14,pending,BR,2026-08-19T21:38:00Z,2026-08-19
o-009398,c-0855,322.86,completed,BR,2026-08-14T02:22:00Z,2026-08-15
o-009399,c-0461,1933.46,completed,BR,2026-06-02T18:52:00Z,2026-06-03
o-009400,c-0636,2232.81,completed,BR,2026-08-12T17:56:00Z,2026-08-13
o-009401,c-1109,1857.69,completed,BR,2026-06-06T22:28:00Z,2026-06-06
o-009402,c-0601,1526.07,completed,BR,2026-08-05T12:15:00Z,2026-08-06
o-009403,c-0414,1059.12,pending,BR,2026-05-29T19:16:00Z,2026-05-29
o-009404,c-0856,2334.04,completed,BR,2026-08-19T12:29:00Z,2026-08-19
o-009405,c-0545,32.04,completed,BR,2026-06-12T17:42:00Z,2026-06-13
o-009406,c-0117,213.01,completed,BR,2026-06-10T03:23:00Z,2026-06-11
o-009407,c-0869,1124.81,completed,BR,2026-08-10T02:32:00Z,2026-08-11
o-009408,c-0244,1164.59,completed,BR,2026-07-04T22:39:00Z,2026-07-04
o-009409,c-1468,2226.64,completed,BR,2026-06-02T16:55:00Z,2026-06-02
o-009410,c-0307,435.32,completed,BR,2026-08-02T18:41:00Z,2026-08-03
o-009411,c-0067,786.38,completed,BR,2026-07-01T12:06:00Z,2026-07-01
o-009412,c-0971,598.62,completed,BR,2026-07-23T22:16:00Z,2026-07-23
o-009413,c-0572,1022.22,cancelled,BR,2026-07-08T09:20:00Z,2026-07-08
o-009414,c-1652,2465.27,cancelled,BR,2026-06-18T10:23:00Z,2026-06-18
o-009415,c-0850,1985.56,pending,BR,2026-08-10T02:22:00Z,2026-08-11
o-009416,c-0832,487.50,completed,BR,2026-07-10T06:14:00Z,2026-07-11
o-009417,c-1465,772.79,completed,BR,2026-05-25T01:28:00Z,2026-05-26
o-009418,c-0537,525.94,completed,BR,2026-07-02T20:00:00Z,2026-07-02
o-009419,c-1161,223.64,completed,BR,2026-07-12T08:29:00Z,2026-07-12
o-009420,c-1653,985.12,completed,BR,2026-07-16T20:49:00Z,2026-07-17
o-009421,c-0995,1270.65,completed,BR,2026-06-18T08:04:00Z,2026-06-19
o-009422,c-1632,858.73,completed,BR,2026-06-27T17:59:00Z,2026-06-28
o-009423,c-0563,1928.34,completed,BR,2026-07-02T06:22:00Z,2026-07-02
o-009424,c-1169,48.19,completed,BR,2026-07-06T23:48:00Z,2026-07-06
o-009425,c-1707,1304.24,completed,BR,2026-07-10T06:38:00Z,2026-07-10
o-009426,c-1231,1779.25,completed,BR,2026-07-13T11:06:00Z,2026-07-13
o-009427,c-0297,2294.32,completed,BR,2026-05-27T09:39:00Z,2026-05-27
o-009428,c-1773,436.57,pending,BR,2026-06-27T07:33:00Z,2026-06-28
o-009429,c-1549,1182.76,completed,BR,2026-08-09T17:06:00Z,2026-08-09
o-009430,c-1326,47.89,completed,BR,2026-08-08T03:24:00Z,2026-08-08
o-009431,c-0490,1418.54,pending,BR,2026-06-11T21:15:00Z,2026-06-12
o-009432,c-0261,797.99,cancelled,BR,2026-06-09T17:27:00Z,2026-06-10
o-009433,c-1003,1868.24,completed,BR,2026-08-19T19:10:00Z,2026-08-20
o-009434,c-1176,1859.44,completed,BR,2026-06-19T00:56:00Z,2026-06-19
o-009435,c-0876,437.10,completed,BR,2026-07-30T03:32:00Z,2026-07-30
o-009436,c-1867,2309.48,completed,BR,2026-06-13T08:23:00Z,2026-06-13
o-009437,c-0849,1237.21,completed,BR,2026-07-19T12:07:00Z,2026-07-20
o-009438,c-0017,1231.18,pending,BR,2026-06-04T15:09:00Z,2026-06-04
o-009439,c-0486,574.85,cancelled,BR,2026-07-03T18:07:00Z,2026-07-03
o-009440,c-1499,527.86,completed,BR,2026-07-09T07:22:00Z,2026-07-10
o-009441,c-0344,1781.06,completed,BR,2026-07-20T23:08:00Z,2026-07-21
o-009442,c-0726,1746.65,completed,BR,2026-06-26T22:59:00Z,2026-06-26
o-009443,c-1177,637.95,completed,BR,2026-07-19T21:31:00Z,2026-07-19
o-009444,c-1549,2082.38,completed,BR,2026-07-30T21:39:00Z,2026-07-30
o-009445,c-0159,1342.73,completed,BR,2026-06-28T12:35:00Z,2026-06-28
o-009446,c-1665,2293.93,completed,BR,2026-07-10T04:38:00Z,2026-07-11
o-009447,c-0009,533.77,completed,BR,2026-08-13T09:41:00Z,2026-08-14
o-009448,c-1799,580.57,cancelled,BR,2026-06-12T06:57:00Z,2026-06-12
o-009449,c-1962,349.73,completed,BR,2026-07-17T06:28:00Z,2026-07-17
o-009450,c-0805,1283.55,completed,BR,2026-07-05T08:06:00Z,2026-07-06
o-009451,c-0702,2498.03,cancelled,BR,2026-07-24T17:17:00Z,2026-07-25
o-009452,c-0712,1529.51,completed,BR,2026-07-21T09:44:00Z,2026-07-21
o-009453,c-0907,1063.52,completed,BR,2026-06-26T02:00:00Z,2026-06-27
o-009454,c-0939,1467.62,completed,BR,2026-05-27T12:44:00Z,2026-05-28
o-009455,c-0374,1890.37,completed,BR,2026-08-05T07:40:00Z,2026-08-05
o-009456,c-0550,750.77,completed,BR,2026-07-30T07:17:00Z,2026-07-31
o-009457,c-0244,1444.01,completed,BR,2026-07-02T00:48:00Z,2026-07-03
o-009458,c-0989,798.75,pending,BR,2026-07-25T04:45:00Z,2026-07-25
o-009459,c-1524,809.00,completed,BR,2026-07-16T13:11:00Z,2026-07-17
o-009460,c-1622,1784.46,completed,BR,2026-07-16T05:11:00Z,2026-07-16
o-009461,c-0616,492.00,pending,BR,2026-07-18T03:16:00Z,2026-07-19
o-009462,c-1123,2315.44,completed,BR,2026-07-28T08:37:00Z,2026-07-28
o-009463,c-0880,297.29,completed,BR,2026-07-28T21:43:00Z,2026-07-28
o-009464,c-0012,810.19,completed,BR,2026-06-09T23:03:00Z,2026-06-09
o-009465,c-1042,443.11,pending,BR,2026-08-13T16:54:00Z,2026-08-13
o-009466,c-1217,1256.33,pending,BR,2026-06-13T01:37:00Z,2026-06-13
o-009467,c-0730,446.46,completed,BR,2026-08-13T22:51:00Z,2026-08-14
o-009468,c-1572,364.77,completed,BR,2026-08-17T08:31:00Z,2026-08-17
o-009469,c-0434,128.85,completed,BR,2026-08-05T04:37:00Z,2026-08-05
o-009470,c-0344,791.29,completed,BR,2026-08-17T05:10:00Z,2026-08-18
o-009471,c-1225,1405.77,pending,BR,2026-07-08T14:36:00Z,2026-07-08
o-009472,c-0682,1973.12,completed,BR,2026-08-16T08:59:00Z,2026-08-16
o-009473,c-0346,1080.87,completed,BR,2026-06-14T05:19:00Z,2026-06-14
o-009474,c-1129,16.08,completed,BR,2026-07-22T20:02:00Z,2026-07-22
o-009475,c-0478,1205.52,completed,BR,2026-07-24T03:50:00Z,2026-07-25
o-009476,c-0101,2241.10,completed,BR,2026-06-10T09:24:00Z,2026-06-10
o-009477,c-1037,1277.68,cancelled,BR,2026-08-05T11:52:00Z,2026-08-05
o-009478,c-1957,1688.26,completed,BR,2026-06-06T11:05:00Z,2026-06-06
o-009479,c-0288,1617.06,completed,BR,2026-07-11T01:01:00Z,2026-07-12
o-009480,c-1980,1725.61,completed,BR,2026-06-06T03:49:00Z,2026-06-07
o-009481,c-0226,936.33,completed,BR,2026-05-30T07:25:00Z,2026-05-31
o-009482,c-1706,2303.09,pending,BR,2026-06-23T15:08:00Z,2026-06-24
o-009483,c-1257,1684.53,completed,BR,2026-05-25T03:09:00Z,2026-05-26
o-009484,c-1234,1441.64,completed,BR,2026-07-28T22:13:00Z,2026-07-29
o-009485,c-1557,577.00,completed,BR,2026-08-03T21:44:00Z,2026-08-04
o-009486,c-1108,2303.13,completed,BR,2026-07-24T02:21:00Z,2026-07-25
o-009487,c-1925,2486.93,pending,BR,2026-08-03T22:48:00Z,2026-08-04
o-009488,c-1379,1554.03,pending,BR,2026-07-03T15:05:00Z,2026-07-04
o-009489,c-0900,1680.39,completed,BR,2026-05-29T01:29:00Z,2026-05-29
o-009490,c-1230,2031.59,pending,BR,2026-05-29T07:23:00Z,2026-05-29
o-009491,c-0449,1007.02,completed,BR,2026-07-06T19:09:00Z,2026-07-06
o-009492,c-1282,2333.94,completed,BR,2026-06-26T00:21:00Z,2026-06-26
o-009493,c-0764,804.73,cancelled,BR,2026-07-31T20:27:00Z,2026-08-01
o-009494,c-0508,2045.98,completed,BR,2026-08-15T20:17:00Z,2026-08-15
o-009495,c-1110,1168.37,completed,BR,2026-05-31T10:19:00Z,2026-05-31
o-009496,c-1758,2254.37,completed,BR,2026-08-20T16:48:00Z,2026-08-21
o-009497,c-1254,645.69,completed,BR,2026-06-06T19:09:00Z,2026-06-07
o-009498,c-0667,1680.18,completed,BR,2026-07-22T06:14:00Z,2026-07-23
o-009499,c-1340,978.02,completed,BR,2026-06-07T08:14:00Z,2026-06-07
o-009500,c-0447,1973.60,cancelled,BR,2026-05-25T23:00:00Z,2026-05-25
o-009501,c-1161,1369.31,pending,BR,2026-06-05T00:57:00Z,2026-06-06
o-009502,c-0508,1390.30,completed,BR,2026-06-26T07:10:00Z,2026-06-27
o-009503,c-0712,1933.79,cancelled,BR,2026-08-03T23:20:00Z,2026-08-03
o-009504,c-1365,1287.03,completed,BR,2026-07-26T03:41:00Z,2026-07-27
o-009505,c-1026,1636.55,completed,BR,2026-07-03T02:28:00Z,2026-07-03
o-009506,c-0710,716.07,completed,BR,2026-08-05T17:57:00Z,2026-08-05
o-009507,c-1828,1605.45,completed,BR,2026-07-08T19:45:00Z,2026-07-09
o-009508,c-1094,2388.74,completed,BR,2026-06-28T19:17:00Z,2026-06-28
o-009509,c-1075,121.48,pending,BR,2026-05-27T00:26:00Z,2026-05-28
o-009510,c-0821,1535.00,completed,BR,2026-07-30T22:13:00Z,2026-07-30
o-009511,c-1914,2428.84,pending,BR,2026-06-02T12:30:00Z,2026-06-02
o-009512,c-0798,1999.08,completed,BR,2026-08-20T07:45:00Z,2026-08-20
o-009513,c-0916,870.73,completed,BR,2026-08-04T18:01:00Z,2026-08-05
o-009514,c-0570,56.35,completed,BR,2026-07-10T14:07:00Z,2026-07-10
o-009515,c-1179,265.87,completed,BR,2026-07-09T03:01:00Z,2026-07-10
o-009516,c-1240,409.73,pending,BR,2026-07-31T12:21:00Z,2026-07-31
o-009517,c-1484,1249.48,completed,BR,2026-07-07T22:22:00Z,2026-07-07
o-009518,c-1217,474.59,completed,BR,2026-07-17T12:46:00Z,2026-07-18
o-009519,c-0525,2211.54,cancelled,BR,2026-06-24T14:32:00Z,2026-06-24
o-009520,c-1625,373.68,cancelled,BR,2026-07-28T17:32:00Z,2026-07-28
o-009521,c-0015,1175.06,cancelled,BR,2026-08-11T23:35:00Z,2026-08-12
o-009522,c-1444,1569.81,completed,BR,2026-05-30T02:38:00Z,2026-05-31
o-009523,c-0082,1572.31,completed,BR,2026-07-24T20:49:00Z,2026-07-24
o-009524,c-0951,1847.76,completed,BR,2026-06-14T10:21:00Z,2026-06-14
o-009525,c-0174,1618.82,completed,BR,2026-08-10T20:07:00Z,2026-08-10
o-009526,c-1511,1102.49,completed,BR,2026-07-08T03:34:00Z,2026-07-08
o-009527,c-0922,2493.73,pending,BR,2026-07-01T04:16:00Z,2026-07-02
o-009528,c-0960,1089.67,completed,BR,2026-05-25T01:16:00Z,2026-05-25
o-009529,c-1648,2447.22,completed,BR,2026-07-14T10:31:00Z,2026-07-14
o-009530,c-0377,849.83,completed,BR,2026-07-06T17:19:00Z,2026-07-07
o-009531,c-1164,1663.13,pending,BR,2026-06-03T19:25:00Z,2026-06-03
o-009532,c-0521,1436.25,cancelled,BR,2026-05-25T02:53:00Z,2026-05-26
o-009533,c-0058,1733.32,completed,BR,2026-05-25T10:19:00Z,2026-05-26
o-009534,c-0638,2140.74,completed,BR,2026-08-14T23:59:00Z,2026-08-15
o-009535,c-0297,2071.50,completed,BR,2026-06-23T17:57:00Z,2026-06-24
o-009536,c-1673,1941.08,pending,BR,2026-06-19T18:56:00Z,2026-06-19
o-009537,c-0937,2252.19,completed,BR,2026-07-13T15:22:00Z,2026-07-13
o-009538,c-1735,645.62,completed,BR,2026-05-24T07:06:00Z,2026-05-25
o-009539,c-0985,1475.11,completed,BR,2026-07-13T11:50:00Z,2026-07-13
o-009540,c-0210,2494.93,completed,BR,2026-05-30T15:28:00Z,2026-05-30
o-009541,c-0893,563.23,completed,BR,2026-08-10T13:47:00Z,2026-08-10
o-009542,c-1791,261.81,completed,BR,2026-06-10T14:07:00Z,2026-06-11
o-009543,c-0851,432.45,pending,BR,2026-08-08T20:14:00Z,2026-08-09
o-009544,c-0370,2259.64,completed,BR,2026-07-21T20:28:00Z,2026-07-21
o-009545,c-1760,1044.56,completed,BR,2026-05-31T06:08:00Z,2026-06-01
o-009546,c-0202,478.83,completed,BR,2026-06-25T04:52:00Z,2026-06-26
o-009547,c-1886,2113.92,completed,BR,2026-08-16T17:08:00Z,2026-08-16
o-009548,c-0415,1617.05,pending,BR,2026-08-13T20:58:00Z,2026-08-13
o-009549,c-0106,419.35,pending,BR,2026-08-18T07:02:00Z,2026-08-19
o-009550,c-1700,2493.76,pending,BR,2026-07-22T23:19:00Z,2026-07-22
o-009551,c-1600,1135.65,completed,BR,2026-07-09T07:14:00Z,2026-07-09
o-009552,c-1557,198.41,completed,BR,2026-08-20T16:14:00Z,2026-08-21
o-009553,c-1742,1039.72,cancelled,BR,2026-08-02T14:21:00Z,2026-08-02
o-009554,c-1406,270.71,completed,BR,2026-07-31T07:15:00Z,2026-08-01
o-009555,c-0590,1408.97,completed,BR,2026-06-11T22:55:00Z,2026-06-12
o-009556,c-0519,912.79,completed,BR,2026-05-31T12:24:00Z,2026-05-31
o-009557,c-1331,1530.75,completed,BR,2026-06-18T04:10:00Z,2026-06-18
o-009558,c-0889,1896.60,completed,BR,2026-07-27T01:29:00Z,2026-07-27
o-009559,c-0196,1282.18,pending,BR,2026-06-02T22:52:00Z,2026-06-03
o-009560,c-0689,1225.95,cancelled,BR,2026-08-17T02:57:00Z,2026-08-17
o-009561,c-1942,2013.96,completed,BR,2026-06-14T03:34:00Z,2026-06-14
o-009562,c-1972,2219.41,completed,BR,2026-05-24T20:04:00Z,2026-05-25
o-009563,c-1178,1784.78,completed,BR,2026-06-30T08:44:00Z,2026-07-01
o-009564,c-1290,917.43,completed,BR,2026-07-17T23:24:00Z,2026-07-18
o-009565,c-0309,862.84,completed,BR,2026-06-05T03:31:00Z,2026-06-05
o-009566,c-1536,345.16,completed,BR,2026-07-08T22:30:00Z,2026-07-09
o-009567,c-0251,1581.99,cancelled,BR,2026-07-05T12:22:00Z,2026-07-05
o-009568,c-0427,2486.14,completed,BR,2026-06-08T05:18:00Z,2026-06-08
o-009569,c-0265,581.27,cancelled,BR,2026-06-03T12:24:00Z,2026-06-04
o-009570,c-0467,2470.18,completed,BR,2026-06-16T23:51:00Z,2026-06-17
o-009571,c-1877,215.76,completed,BR,2026-08-10T14:40:00Z,2026-08-10
o-009572,c-1880,168.27,completed,BR,2026-06-09T19:10:00Z,2026-06-10
o-009573,c-1541,2112.29,pending,BR,2026-08-09T21:37:00Z,2026-08-09
o-009574,c-1486,143.59,pending,BR,2026-07-16T20:16:00Z,2026-07-16
o-009575,c-0098,1587.76,completed,BR,2026-06-06T23:49:00Z,2026-06-06
o-009576,c-1022,2300.84,pending,BR,2026-06-23T02:02:00Z,2026-06-23
o-009577,c-0083,1533.32,completed,BR,2026-08-18T08:25:00Z,2026-08-18
o-009578,c-0099,2052.69,completed,BR,2026-05-28T09:37:00Z,2026-05-29
o-009579,c-1696,970.73,completed,BR,2026-07-13T22:22:00Z,2026-07-13
o-009580,c-0043,504.59,pending,BR,2026-07-07T06:30:00Z,2026-07-07
o-009581,c-0278,1151.14,completed,BR,2026-07-29T07:52:00Z,2026-07-29
o-009582,c-1512,1503.05,completed,BR,2026-06-19T05:19:00Z,2026-06-20
o-009583,c-1083,1361.77,pending,BR,2026-05-25T15:49:00Z,2026-05-26
o-009584,c-1226,2043.67,completed,BR,2026-07-07T14:30:00Z,2026-07-08
o-009585,c-0645,783.11,completed,BR,2026-08-07T05:35:00Z,2026-08-07
o-009586,c-0525,1062.14,pending,BR,2026-06-13T20:49:00Z,2026-06-14
o-009587,c-0702,1710.91,completed,BR,2026-06-25T18:45:00Z,2026-06-25
o-009588,c-1944,195.17,completed,BR,2026-07-27T08:43:00Z,2026-07-28
o-009589,c-1115,1703.35,completed,BR,2026-06-12T04:10:00Z,2026-06-12
o-009590,c-1317,1785.61,completed,BR,2026-08-12T18:51:00Z,2026-08-13
o-009591,c-0571,1137.98,pending,BR,2026-06-30T17:19:00Z,2026-07-01
o-009592,c-1609,1663.81,pending,BR,2026-07-01T09:21:00Z,2026-07-01
o-009593,c-1433,659.88,completed,BR,2026-07-09T14:08:00Z,2026-07-09
o-009594,c-0526,335.60,completed,BR,2026-07-23T02:14:00Z,2026-07-23
o-009595,c-1617,1450.45,completed,BR,2026-07-30T04:28:00Z,2026-07-31
o-009596,c-1610,707.65,completed,BR,2026-06-08T06:46:00Z,2026-06-09
o-009597,c-0661,663.51,pending,BR,2026-08-12T04:57:00Z,2026-08-13
o-009598,c-1484,1429.89,completed,BR,2026-06-18T14:11:00Z,2026-06-18
o-009599,c-1688,1036.08,completed,BR,2026-08-12T21:13:00Z,2026-08-12
o-009600,c-1933,1552.42,completed,BR,2026-08-02T00:15:00Z,2026-08-02
o-009601,c-0523,1003.83,completed,BR,2026-05-29T22:30:00Z,2026-05-30
o-009602,c-1984,2368.29,completed,BR,2026-06-06T19:05:00Z,2026-06-06
o-009603,c-1125,2331.90,completed,BR,2026-08-18T18:52:00Z,2026-08-18
o-009604,c-1045,2102.19,completed,BR,2026-07-03T00:28:00Z,2026-07-03
o-009605,c-1275,1253.40,completed,BR,2026-07-03T10:00:00Z,2026-07-04
o-009606,c-0076,981.06,completed,BR,2026-06-04T21:05:00Z,2026-06-05
o-009607,c-0849,337.12,cancelled,BR,2026-07-04T12:49:00Z,2026-07-05
o-009608,c-0330,183.14,cancelled,BR,2026-07-12T05:43:00Z,2026-07-13
o-009609,c-1794,1790.14,completed,BR,2026-07-26T03:57:00Z,2026-07-27
o-009610,c-0552,2180.00,completed,BR,2026-07-06T02:45:00Z,2026-07-07
o-009611,c-1214,1508.33,completed,BR,2026-08-14T01:04:00Z,2026-08-15
o-009612,c-0532,965.39,completed,BR,2026-07-31T08:20:00Z,2026-08-01
o-009613,c-0582,837.44,completed,BR,2026-06-08T20:09:00Z,2026-06-08
o-009614,c-0151,2269.28,cancelled,BR,2026-07-28T20:32:00Z,2026-07-29
o-009615,c-1147,254.83,completed,BR,2026-05-29T11:56:00Z,2026-05-29
o-009616,c-0115,1386.42,completed,BR,2026-06-21T00:36:00Z,2026-06-21
o-009617,c-1339,2306.34,completed,BR,2026-05-28T05:45:00Z,2026-05-29
o-009618,c-1797,177.38,completed,BR,2026-07-14T18:28:00Z,2026-07-14
o-009619,c-1680,1997.81,pending,BR,2026-07-13T16:12:00Z,2026-07-13
o-009620,c-1132,415.76,completed,BR,2026-07-19T09:03:00Z,2026-07-19
o-009621,c-1365,22.83,cancelled,BR,2026-08-15T15:31:00Z,2026-08-15
o-009622,c-0672,1728.55,completed,BR,2026-08-15T13:11:00Z,2026-08-16
o-009623,c-1364,2073.70,completed,BR,2026-05-25T23:07:00Z,2026-05-25
o-009624,c-0186,547.38,completed,BR,2026-06-16T01:07:00Z,2026-06-16
o-009625,c-0693,558.26,completed,BR,2026-06-17T13:46:00Z,2026-06-18
o-009626,c-0797,1076.69,completed,BR,2026-05-30T13:30:00Z,2026-05-31
o-009627,c-1876,1089.52,completed,BR,2026-06-18T20:05:00Z,2026-06-19
o-009628,c-1055,442.84,completed,BR,2026-08-10T23:16:00Z,2026-08-11
o-009629,c-1951,2388.61,completed,BR,2026-06-15T00:56:00Z,2026-06-16
o-009630,c-0768,804.07,completed,BR,2026-06-04T12:51:00Z,2026-06-05
o-009631,c-1801,2066.53,completed,BR,2026-06-11T12:52:00Z,2026-06-12
o-009632,c-1636,921.63,completed,BR,2026-07-28T06:46:00Z,2026-07-29
o-009633,c-0111,1159.14,completed,BR,2026-08-02T16:18:00Z,2026-08-02
o-009634,c-1968,2379.94,completed,BR,2026-07-30T20:35:00Z,2026-07-31
o-009635,c-1796,973.41,completed,BR,2026-05-24T03:01:00Z,2026-05-25
o-009636,c-1296,1697.63,cancelled,BR,2026-06-15T16:22:00Z,2026-06-16
o-009637,c-1956,782.54,completed,BR,2026-07-02T05:42:00Z,2026-07-02
o-009638,c-1530,2489.55,completed,BR,2026-06-24T03:27:00Z,2026-06-24
o-009639,c-1337,1115.69,completed,BR,2026-06-12T15:58:00Z,2026-06-13
o-009640,c-1445,352.56,completed,BR,2026-08-15T20:54:00Z,2026-08-16
o-009641,c-0109,462.10,completed,BR,2026-05-23T14:36:00Z,2026-05-23
o-009642,c-1234,2274.74,completed,BR,2026-08-02T16:54:00Z,2026-08-02
o-009643,c-0097,2327.96,completed,BR,2026-08-05T03:22:00Z,2026-08-05
o-009644,c-1518,900.16,completed,BR,2026-06-29T17:48:00Z,2026-06-30
o-009645,c-1071,710.04,completed,BR,2026-06-05T09:31:00Z,2026-06-05
o-009646,c-0534,20.84,completed,BR,2026-07-28T14:31:00Z,2026-07-29
o-009647,c-1735,1965.76,completed,BR,2026-07-13T19:37:00Z,2026-07-13
o-009648,c-0275,1480.88,cancelled,BR,2026-06-17T14:40:00Z,2026-06-17
o-009649,c-1288,162.35,completed,BR,2026-06-28T21:00:00Z,2026-06-29
o-009650,c-1432,1196.83,completed,BR,2026-06-22T07:00:00Z,2026-06-23
o-009651,c-0965,1937.30,completed,BR,2026-07-01T03:57:00Z,2026-07-02
o-009652,c-1341,2485.31,completed,BR,2026-07-26T09:08:00Z,2026-07-27
o-009653,c-1802,2361.77,completed,BR,2026-07-20T08:06:00Z,2026-07-21
o-009654,c-0689,608.82,completed,BR,2026-07-14T23:24:00Z,2026-07-15
o-009655,c-1139,862.11,completed,BR,2026-08-18T14:06:00Z,2026-08-19
o-009656,c-0608,595.20,completed,BR,2026-06-06T03:25:00Z,2026-06-07
o-009657,c-1204,2028.10,cancelled,BR,2026-06-09T09:04:00Z,2026-06-10
o-009658,c-0241,1078.54,completed,BR,2026-07-24T17:10:00Z,2026-07-25
o-009659,c-0834,1597.06,completed,BR,2026-06-18T05:20:00Z,2026-06-18
o-009660,c-0021,310.78,completed,BR,2026-06-13T21:59:00Z,2026-06-13
o-009661,c-1421,297.47,completed,BR,2026-08-16T02:17:00Z,2026-08-16
o-009662,c-0110,216.67,pending,BR,2026-05-28T02:41:00Z,2026-05-29
o-009663,c-1664,767.23,completed,BR,2026-08-02T02:20:00Z,2026-08-03
o-009664,c-1165,1093.30,cancelled,BR,2026-06-27T04:12:00Z,2026-06-27
o-009665,c-0382,1848.63,completed,BR,2026-07-03T22:34:00Z,2026-07-03
o-009666,c-0538,2140.32,completed,BR,2026-05-24T16:01:00Z,2026-05-25
o-009667,c-0089,1463.74,completed,BR,2026-08-13T11:28:00Z,2026-08-14
o-009668,c-1500,486.73,completed,BR,2026-06-12T10:17:00Z,2026-06-12
o-009669,c-1387,777.43,completed,BR,2026-06-14T12:39:00Z,2026-06-14
o-009670,c-1289,799.42,pending,BR,2026-06-29T12:25:00Z,2026-06-30
o-009671,c-1243,1566.51,cancelled,BR,2026-05-23T15:49:00Z,2026-05-23
o-009672,c-1171,1150.49,completed,BR,2026-06-22T22:07:00Z,2026-06-23
o-009673,c-2000,68.54,pending,BR,2026-08-19T07:13:00Z,2026-08-20
o-009674,c-1547,1833.56,completed,BR,2026-08-05T14:23:00Z,2026-08-05
o-009675,c-1125,435.11,pending,BR,2026-05-25T22:12:00Z,2026-05-26
o-009676,c-0798,1752.63,completed,BR,2026-05-28T04:35:00Z,2026-05-29
o-009677,c-0571,9.81,cancelled,BR,2026-07-19T16:12:00Z,2026-07-20
o-009678,c-1418,334.04,completed,BR,2026-06-27T19:57:00Z,2026-06-28
o-009679,c-0223,1713.21,completed,BR,2026-06-29T14:38:00Z,2026-06-29
o-009680,c-0541,719.43,completed,BR,2026-07-06T07:57:00Z,2026-07-07
o-009681,c-1297,1515.96,completed,BR,2026-08-12T00:53:00Z,2026-08-13
o-009682,c-0044,2240.26,pending,BR,2026-06-08T07:43:00Z,2026-06-08
o-009683,c-0024,2395.22,completed,BR,2026-08-18T20:11:00Z,2026-08-19
o-009684,c-1099,26.36,completed,BR,2026-08-01T04:40:00Z,2026-08-02
o-009685,c-0865,788.59,completed,BR,2026-05-23T19:09:00Z,2026-05-23
o-009686,c-0371,2381.72,completed,BR,2026-07-27T17:06:00Z,2026-07-28
o-009687,c-1277,57.09,pending,BR,2026-07-02T17:52:00Z,2026-07-02
o-009688,c-1585,2427.69,completed,BR,2026-06-11T07:10:00Z,2026-06-12
o-009689,c-0295,567.63,completed,BR,2026-06-26T02:57:00Z,2026-06-27
o-009690,c-1741,149.46,completed,BR,2026-07-29T20:42:00Z,2026-07-29
o-009691,c-0521,1894.82,completed,BR,2026-08-07T08:34:00Z,2026-08-07
o-009692,c-1374,414.38,completed,BR,2026-06-16T04:11:00Z,2026-06-17
o-009693,c-0871,1887.03,cancelled,BR,2026-06-07T19:37:00Z,2026-06-08
o-009694,c-0167,118.27,completed,BR,2026-07-27T12:12:00Z,2026-07-27
o-009695,c-1919,2289.93,completed,BR,2026-08-13T07:28:00Z,2026-08-14
o-009696,c-1466,2362.68,pending,BR,2026-06-02T08:22:00Z,2026-06-03
o-009697,c-1691,758.29,completed,BR,2026-06-11T15:01:00Z,2026-06-11
o-009698,c-1789,664.01,completed,BR,2026-08-09T21:40:00Z,2026-08-10
o-009699,c-1643,662.10,completed,BR,2026-06-14T21:21:00Z,2026-06-15
o-009700,c-0411,84.45,completed,BR,2026-07-27T11:41:00Z,2026-07-27
o-009701,c-1075,534.00,cancelled,BR,2026-06-26T07:09:00Z,2026-06-26
o-009702,c-1540,2261.99,cancelled,BR,2026-05-29T12:42:00Z,2026-05-29
o-009703,c-1702,1622.05,completed,BR,2026-05-23T20:29:00Z,2026-05-24
o-009704,c-0499,2387.54,pending,BR,2026-07-10T15:48:00Z,2026-07-11
o-009705,c-1955,1271.84,completed,BR,2026-07-18T15:05:00Z,2026-07-19
o-009706,c-0959,2102.01,completed,BR,2026-07-04T07:32:00Z,2026-07-04
o-009707,c-1022,1915.83,completed,BR,2026-05-27T05:15:00Z,2026-05-28
o-009708,c-1601,1688.88,completed,BR,2026-08-07T23:18:00Z,2026-08-08
o-009709,c-0778,1906.34,cancelled,BR,2026-06-13T14:47:00Z,2026-06-13
o-009710,c-0315,1859.12,cancelled,BR,2026-07-21T19:40:00Z,2026-07-22
o-009711,c-0317,703.26,completed,BR,2026-08-04T19:22:00Z,2026-08-04
o-009712,c-0328,659.14,completed,BR,2026-07-20T10:27:00Z,2026-07-20
o-009713,c-1782,1127.43,completed,BR,2026-07-19T04:03:00Z,2026-07-19
o-009714,c-0975,2128.46,completed,BR,2026-05-25T02:07:00Z,2026-05-26
o-009715,c-0658,1596.96,completed,BR,2026-07-12T14:29:00Z,2026-07-13
o-009716,c-0983,623.25,completed,BR,2026-07-15T14:45:00Z,2026-07-16
o-009717,c-1775,746.25,completed,BR,2026-08-08T16:36:00Z,2026-08-08
o-009718,c-1609,1774.60,cancelled,BR,2026-08-20T12:31:00Z,2026-08-21
o-009719,c-1064,2241.00,pending,BR,2026-07-27T01:15:00Z,2026-07-27
o-009720,c-1660,418.42,completed,BR,2026-08-04T04:14:00Z,2026-08-04
o-009721,c-1884,29.22,completed,BR,2026-06-30T03:57:00Z,2026-07-01
o-009722,c-1650,2434.13,pending,BR,2026-07-02T21:01:00Z,2026-07-02
o-009723,c-1264,1565.34,completed,BR,2026-06-21T16:54:00Z,2026-06-21
o-009724,c-0390,1880.00,completed,BR,2026-06-05T07:28:00Z,2026-06-05
o-009725,c-0224,381.76,completed,BR,2026-07-09T22:01:00Z,2026-07-10
o-009726,c-1129,2248.73,completed,BR,2026-07-31T03:49:00Z,2026-08-01
o-009727,c-1438,915.63,pending,BR,2026-08-03T14:14:00Z,2026-08-03
o-009728,c-1422,447.65,completed,BR,2026-07-23T16:02:00Z,2026-07-23
o-009729,c-1858,1307.24,pending,BR,2026-08-20T21:36:00Z,2026-08-21
o-009730,c-0432,2186.19,completed,BR,2026-05-27T13:11:00Z,2026-05-27
o-009731,c-0567,2378.38,pending,BR,2026-08-02T13:58:00Z,2026-08-02
o-009732,c-1860,105.57,completed,BR,2026-05-31T12:37:00Z,2026-05-31
o-009733,c-1871,1430.71,completed,BR,2026-07-12T15:02:00Z,2026-07-13
o-009734,c-1330,952.66,completed,BR,2026-07-30T23:26:00Z,2026-07-31
o-009735,c-0559,2064.29,completed,BR,2026-06-07T17:22:00Z,2026-06-07
o-009736,c-0087,268.95,completed,BR,2026-06-13T14:49:00Z,2026-06-13
o-009737,c-0662,838.93,completed,BR,2026-05-24T23:06:00Z,2026-05-24
o-009738,c-1077,1238.35,completed,BR,2026-06-30T05:54:00Z,2026-06-30
o-009739,c-0034,332.41,completed,BR,2026-07-22T05:31:00Z,2026-07-23
o-009740,c-0325,291.02,completed,BR,2026-06-13T15:49:00Z,2026-06-13
o-009741,c-0495,177.26,completed,BR,2026-06-26T07:18:00Z,2026-06-26
o-009742,c-1492,968.32,cancelled,BR,2026-06-21T17:10:00Z,2026-06-22
o-009743,c-0947,1100.62,completed,BR,2026-08-05T14:08:00Z,2026-08-06
o-009744,c-0903,1168.07,completed,BR,2026-07-27T22:17:00Z,2026-07-28
o-009745,c-0055,884.58,completed,BR,2026-06-30T12:58:00Z,2026-07-01
o-009746,c-1308,2266.49,completed,BR,2026-05-30T19:24:00Z,2026-05-30
o-009747,c-0532,1728.21,completed,BR,2026-07-17T20:38:00Z,2026-07-18
o-009748,c-0193,1070.61,completed,BR,2026-07-13T05:39:00Z,2026-07-13
o-009749,c-1157,237.93,completed,BR,2026-06-16T12:49:00Z,2026-06-16
o-009750,c-0667,607.38,pending,BR,2026-05-23T17:58:00Z,2026-05-23
o-009751,c-0175,1956.33,completed,BR,2026-07-23T22:30:00Z,2026-07-23
o-009752,c-1993,2193.78,cancelled,BR,2026-07-28T05:46:00Z,2026-07-29
o-009753,c-0417,1194.11,completed,BR,2026-08-06T17:31:00Z,2026-08-06
o-009754,c-0426,2279.33,completed,BR,2026-05-30T23:32:00Z,2026-05-30
o-009755,c-1279,501.17,completed,BR,2026-06-11T05:30:00Z,2026-06-12
o-009756,c-1329,731.29,completed,BR,2026-08-15T22:22:00Z,2026-08-16
o-009757,c-1575,711.58,completed,BR,2026-06-12T14:33:00Z,2026-06-13
o-009758,c-1453,1501.26,completed,BR,2026-06-28T14:52:00Z,2026-06-29
o-009759,c-1889,2039.94,completed,BR,2026-05-26T13:59:00Z,2026-05-27
o-009760,c-1143,971.78,completed,BR,2026-08-04T23:16:00Z,2026-08-04
o-009761,c-1777,19.32,pending,BR,2026-06-07T06:30:00Z,2026-06-08
o-009762,c-1248,2434.29,pending,BR,2026-06-16T14:24:00Z,2026-06-16
o-009763,c-1684,1404.19,completed,BR,2026-08-08T06:58:00Z,2026-08-08
o-009764,c-1116,1233.39,pending,BR,2026-07-25T18:01:00Z,2026-07-25
o-009765,c-0363,1253.26,completed,BR,2026-06-02T05:57:00Z,2026-06-03
o-009766,c-0445,793.59,cancelled,BR,2026-08-02T03:23:00Z,2026-08-03
o-009767,c-0980,192.03,completed,BR,2026-07-11T05:10:00Z,2026-07-12
o-009768,c-1549,2094.37,completed,BR,2026-06-17T06:20:00Z,2026-06-18
o-009769,c-0268,1993.49,pending,BR,2026-06-28T09:14:00Z,2026-06-29
o-009770,c-1378,462.30,completed,BR,2026-07-26T08:01:00Z,2026-07-26
o-009771,c-1776,423.61,pending,BR,2026-06-08T01:02:00Z,2026-06-09
o-009772,c-0503,469.57,completed,BR,2026-05-31T17:10:00Z,2026-05-31
o-009773,c-0315,732.62,cancelled,BR,2026-07-12T21:26:00Z,2026-07-13
o-009774,c-1868,1997.62,completed,BR,2026-06-18T00:12:00Z,2026-06-18
o-009775,c-1004,427.88,pending,BR,2026-05-29T19:39:00Z,2026-05-29
o-009776,c-1794,2479.94,completed,BR,2026-06-19T15:26:00Z,2026-06-20
o-009777,c-1087,285.27,pending,BR,2026-06-05T22:38:00Z,2026-06-06
o-009778,c-1014,1410.59,pending,BR,2026-06-04T17:18:00Z,2026-06-05
o-009779,c-0140,1561.00,completed,BR,2026-06-26T19:47:00Z,2026-06-27
o-009780,c-0718,628.10,completed,BR,2026-06-03T18:16:00Z,2026-06-03
o-009781,c-0765,2340.64,completed,BR,2026-08-18T11:40:00Z,2026-08-18
o-009782,c-1422,634.19,cancelled,BR,2026-06-04T01:53:00Z,2026-06-05
o-009783,c-0745,2162.08,completed,BR,2026-08-08T19:30:00Z,2026-08-08
o-009784,c-0286,2160.01,pending,BR,2026-07-22T23:42:00Z,2026-07-23
o-009785,c-0097,326.26,completed,BR,2026-08-09T07:57:00Z,2026-08-09
o-009786,c-1356,395.48,pending,BR,2026-07-22T05:23:00Z,2026-07-23
o-009787,c-1803,717.18,pending,BR,2026-07-08T10:40:00Z,2026-07-08
o-009788,c-0507,1703.97,completed,BR,2026-07-02T17:08:00Z,2026-07-03
o-009789,c-0515,1955.12,completed,BR,2026-07-18T04:15:00Z,2026-07-19
o-009790,c-0905,1669.08,completed,BR,2026-08-03T00:28:00Z,2026-08-04
o-009791,c-1831,205.83,completed,BR,2026-05-23T12:27:00Z,2026-05-23
o-009792,c-0829,1888.16,completed,BR,2026-06-30T00:38:00Z,2026-06-30
o-009793,c-0941,525.52,pending,BR,2026-06-13T19:46:00Z,2026-06-13
o-009794,c-1024,978.47,completed,BR,2026-06-19T12:04:00Z,2026-06-20
o-009795,c-1300,1671.26,completed,BR,2026-06-24T00:43:00Z,2026-06-24
o-009796,c-1219,204.20,cancelled,BR,2026-07-08T12:21:00Z,2026-07-08
o-009797,c-1363,2072.76,pending,BR,2026-06-27T17:19:00Z,2026-06-27
o-009798,c-1310,681.86,completed,BR,2026-06-08T17:14:00Z,2026-06-09
o-009799,c-1461,1006.85,completed,BR,2026-06-09T18:14:00Z,2026-06-10
o-009800,c-1849,164.78,completed,BR,2026-06-30T16:40:00Z,2026-07-01
o-009801,c-0388,1041.73,completed,BR,2026-07-31T23:02:00Z,2026-08-01
o-009802,c-1104,636.70,cancelled,BR,2026-07-22T00:42:00Z,2026-07-23
o-009803,c-0469,846.52,completed,BR,2026-07-24T11:38:00Z,2026-07-24
o-009804,c-0165,1096.65,completed,BR,2026-05-31T01:34:00Z,2026-06-01
o-009805,c-0669,995.62,cancelled,BR,2026-06-01T08:28:00Z,2026-06-02
o-009806,c-0213,1917.30,completed,BR,2026-05-29T16:34:00Z,2026-05-30
o-009807,c-0738,2492.50,completed,BR,2026-07-02T06:56:00Z,2026-07-03
o-009808,c-1210,1504.68,completed,BR,2026-07-30T16:53:00Z,2026-07-30
o-009809,c-0873,1779.77,completed,BR,2026-05-28T19:25:00Z,2026-05-29
o-009810,c-0160,266.70,completed,BR,2026-07-26T17:28:00Z,2026-07-27
o-009811,c-1319,760.35,completed,BR,2026-06-15T02:30:00Z,2026-06-16
o-009812,c-1043,1912.95,completed,BR,2026-07-21T09:57:00Z,2026-07-22
o-009813,c-1892,1705.92,completed,BR,2026-05-28T16:49:00Z,2026-05-29
o-009814,c-1511,851.52,pending,BR,2026-08-16T06:19:00Z,2026-08-17
o-009815,c-1766,1038.40,pending,BR,2026-06-21T05:54:00Z,2026-06-22
o-009816,c-1446,916.11,completed,BR,2026-06-01T23:52:00Z,2026-06-02
o-009817,c-0873,912.87,completed,BR,2026-05-29T02:59:00Z,2026-05-30
o-009818,c-1673,2360.37,completed,BR,2026-07-11T12:56:00Z,2026-07-11
o-009819,c-1106,146.81,completed,BR,2026-07-19T18:09:00Z,2026-07-19
o-009820,c-0093,1397.86,completed,BR,2026-06-22T03:27:00Z,2026-06-23
o-009821,c-1910,1784.61,completed,BR,2026-07-13T21:25:00Z,2026-07-14
o-009822,c-1156,1948.75,pending,BR,2026-06-22T15:21:00Z,2026-06-23
o-009823,c-1423,2052.00,completed,BR,2026-07-28T06:46:00Z,2026-07-28
o-009824,c-0465,1636.55,completed,BR,2026-06-23T20:09:00Z,2026-06-24
o-009825,c-1743,717.64,completed,BR,2026-08-04T21:10:00Z,2026-08-04
o-009826,c-1527,24.92,cancelled,BR,2026-07-12T13:27:00Z,2026-07-13
o-009827,c-0426,650.43,completed,BR,2026-08-20T02:02:00Z,2026-08-20
o-009828,c-0044,383.38,completed,BR,2026-06-02T00:02:00Z,2026-06-02
o-009829,c-0421,2240.23,pending,BR,2026-07-13T13:54:00Z,2026-07-13
o-009830,c-0956,1404.01,completed,BR,2026-07-27T12:50:00Z,2026-07-28
o-009831,c-0632,1736.72,cancelled,BR,2026-08-05T02:25:00Z,2026-08-05
o-009832,c-1953,1237.98,completed,BR,2026-07-14T11:00:00Z,2026-07-14
o-009833,c-1769,1832.06,pending,BR,2026-06-12T11:03:00Z,2026-06-12
o-009834,c-0316,337.11,pending,BR,2026-06-06T11:12:00Z,2026-06-07
o-009835,c-0416,1143.98,cancelled,BR,2026-06-12T15:04:00Z,2026-06-13
o-009836,c-1771,990.85,completed,BR,2026-06-06T12:10:00Z,2026-06-07
o-009837,c-0280,1517.06,pending,BR,2026-06-19T16:01:00Z,2026-06-19
o-009838,c-1680,1674.19,pending,BR,2026-07-22T21:02:00Z,2026-07-22
o-009839,c-0899,1155.11,cancelled,BR,2026-06-29T09:25:00Z,2026-06-29
o-009840,c-1105,556.52,cancelled,BR,2026-07-10T08:36:00Z,2026-07-10
o-009841,c-0999,1859.70,completed,BR,2026-08-01T06:06:00Z,2026-08-01
o-009842,c-1967,516.32,completed,BR,2026-07-02T21:14:00Z,2026-07-03
o-009843,c-1226,1249.17,completed,BR,2026-07-24T09:04:00Z,2026-07-24
o-009844,c-1720,1885.57,completed,BR,2026-07-19T11:06:00Z,2026-07-20
o-009845,c-0219,952.52,completed,BR,2026-07-14T22:24:00Z,2026-07-14
o-009846,c-1882,2378.93,completed,BR,2026-07-20T21:55:00Z,2026-07-20
o-009847,c-1953,1621.21,completed,BR,2026-07-12T01:10:00Z,2026-07-13
o-009848,c-1425,1562.85,pending,BR,2026-07-14T06:56:00Z,2026-07-15
o-009849,c-0751,2304.08,completed,BR,2026-05-25T02:09:00Z,2026-05-25
o-009850,c-1347,1502.58,pending,BR,2026-06-02T08:59:00Z,2026-06-03
o-009851,c-0265,807.34,pending,BR,2026-07-05T18:23:00Z,2026-07-05
o-009852,c-1933,23.84,pending,BR,2026-07-11T11:17:00Z,2026-07-12
o-009853,c-0119,845.16,cancelled,BR,2026-06-29T08:23:00Z,2026-06-29
o-009854,c-0533,786.05,pending,BR,2026-06-01T00:08:00Z,2026-06-01
o-009855,c-1311,1904.19,completed,BR,2026-08-16T15:00:00Z,2026-08-17
o-009856,c-0150,621.00,pending,BR,2026-07-16T00:54:00Z,2026-07-17
o-009857,c-1931,332.89,completed,BR,2026-06-04T00:02:00Z,2026-06-05
o-009858,c-0835,1355.62,completed,BR,2026-07-07T04:05:00Z,2026-07-07
o-009859,c-1839,155.87,completed,BR,2026-07-17T10:19:00Z,2026-07-17
o-009860,c-0711,1695.89,completed,BR,2026-07-17T22:33:00Z,2026-07-18
o-009861,c-1665,359.77,completed,BR,2026-05-30T23:41:00Z,2026-05-31
o-009862,c-1653,669.36,pending,BR,2026-07-20T02:01:00Z,2026-07-21
o-009863,c-1974,2155.98,completed,BR,2026-08-07T23:09:00Z,2026-08-07
o-009864,c-1430,2169.38,completed,BR,2026-08-04T01:29:00Z,2026-08-04
o-009865,c-1707,952.83,completed,BR,2026-08-13T15:09:00Z,2026-08-13
o-009866,c-0685,1898.06,cancelled,BR,2026-06-16T17:40:00Z,2026-06-17
o-009867,c-0170,1157.99,completed,BR,2026-06-09T01:19:00Z,2026-06-10
o-009868,c-0990,62.89,completed,BR,2026-06-17T22:00:00Z,2026-06-18
o-009869,c-0801,328.75,pending,BR,2026-06-13T11:21:00Z,2026-06-13
o-009870,c-1119,398.26,pending,BR,2026-07-01T06:35:00Z,2026-07-01
o-009871,c-0320,1743.41,completed,BR,2026-06-12T04:21:00Z,2026-06-12
o-009872,c-0872,2180.70,completed,BR,2026-07-29T06:29:00Z,2026-07-29
o-009873,c-1847,1867.63,pending,BR,2026-06-21T00:04:00Z,2026-06-22
o-009874,c-1835,2372.46,completed,BR,2026-07-23T11:59:00Z,2026-07-23
o-009875,c-0510,1327.92,pending,BR,2026-07-03T23:18:00Z,2026-07-03
o-009876,c-1109,791.84,completed,BR,2026-06-19T18:31:00Z,2026-06-19
o-009877,c-1731,113.82,cancelled,BR,2026-08-19T00:17:00Z,2026-08-20
o-009878,c-0444,548.45,completed,BR,2026-05-28T18:34:00Z,2026-05-28
o-009879,c-1675,1454.40,pending,BR,2026-06-22T08:02:00Z,2026-06-23
o-009880,c-1428,54.24,pending,BR,2026-07-23T12:32:00Z,2026-07-24
o-009881,c-1366,1319.19,completed,BR,2026-07-28T21:19:00Z,2026-07-28
o-009882,c-0334,882.10,pending,BR,2026-07-18T12:33:00Z,2026-07-19
o-009883,c-0958,842.25,completed,BR,2026-06-29T09:09:00Z,2026-06-29
o-009884,c-1013,1236.77,completed,BR,2026-08-08T06:09:00Z,2026-08-09
o-009885,c-0268,1771.43,pending,BR,2026-07-01T19:17:00Z,2026-07-01
o-009886,c-1758,471.63,pending,BR,2026-06-03T13:24:00Z,2026-06-03
o-009887,c-1256,2402.48,completed,BR,2026-06-16T16:50:00Z,2026-06-16
o-009888,c-1998,690.15,completed,BR,2026-06-01T22:18:00Z,2026-06-01
o-009889,c-1530,59.28,cancelled,BR,2026-06-20T21:20:00Z,2026-06-21
o-009890,c-1805,1249.36,completed,BR,2026-06-07T05:16:00Z,2026-06-07
o-009891,c-0594,1476.02,completed,BR,2026-06-19T12:09:00Z,2026-06-19
o-009892,c-0140,2300.09,completed,BR,2026-07-06T06:13:00Z,2026-07-07
o-009893,c-0410,1581.12,cancelled,BR,2026-07-21T20:27:00Z,2026-07-21
o-009894,c-0128,2183.83,completed,BR,2026-07-17T10:34:00Z,2026-07-18
o-009895,c-1044,361.42,pending,BR,2026-07-17T11:19:00Z,2026-07-18
o-009896,c-1754,2419.22,completed,BR,2026-05-31T11:43:00Z,2026-06-01
o-009897,c-0449,1590.24,completed,BR,2026-07-24T16:59:00Z,2026-07-25
o-009898,c-1081,2327.68,cancelled,BR,2026-08-16T21:44:00Z,2026-08-17
o-009899,c-1306,2161.07,cancelled,BR,2026-07-29T22:12:00Z,2026-07-30
o-009900,c-1090,1171.32,completed,BR,2026-05-25T14:20:00Z,2026-05-25
o-009901,c-0649,992.59,completed,BR,2026-07-06T11:23:00Z,2026-07-06
o-009902,c-0089,1236.85,completed,BR,2026-08-07T20:34:00Z,2026-08-07
o-009903,c-1152,1305.37,pending,BR,2026-08-08T12:56:00Z,2026-08-08
o-009904,c-0177,933.71,completed,BR,2026-05-26T02:31:00Z,2026-05-26
o-009905,c-1504,1259.48,pending,BR,2026-08-06T14:57:00Z,2026-08-06
o-009906,c-1687,202.58,completed,BR,2026-07-15T16:13:00Z,2026-07-15
o-009907,c-0730,1897.03,completed,BR,2026-06-25T05:03:00Z,2026-06-26
o-009908,c-0100,938.84,pending,BR,2026-05-31T03:25:00Z,2026-06-01
o-009909,c-0855,1527.21,completed,BR,2026-06-23T10:48:00Z,2026-06-23
o-009910,c-1750,1016.62,completed,BR,2026-06-08T23:49:00Z,2026-06-08
o-009911,c-1239,2050.11,completed,BR,2026-07-19T02:37:00Z,2026-07-19
o-009912,c-1419,331.83,completed,BR,2026-07-25T22:06:00Z,2026-07-25
o-009913,c-1927,2040.29,completed,BR,2026-06-23T04:21:00Z,2026-06-24
o-009914,c-0749,1560.51,completed,BR,2026-06-15T07:51:00Z,2026-06-15
o-009915,c-1653,2454.41,pending,BR,2026-07-27T19:36:00Z,2026-07-27
o-009916,c-0665,1027.23,completed,BR,2026-06-18T02:28:00Z,2026-06-18
o-009917,c-1588,2363.51,pending,BR,2026-08-13T20:17:00Z,2026-08-14
o-009918,c-0430,1928.30,completed,BR,2026-06-01T16:44:00Z,2026-06-02
o-009919,c-1561,2221.25,completed,BR,2026-05-25T20:04:00Z,2026-05-26
o-009920,c-1095,2349.25,completed,BR,2026-05-25T21:20:00Z,2026-05-26
o-009921,c-1889,741.47,completed,BR,2026-06-05T17:06:00Z,2026-06-05
o-009922,c-1992,242.32,completed,BR,2026-07-18T00:59:00Z,2026-07-19
o-009923,c-0396,643.50,completed,BR,2026-07-07T20:54:00Z,2026-07-07
o-009924,c-1910,858.34,completed,BR,2026-07-19T13:16:00Z,2026-07-20
o-009925,c-0225,1626.16,pending,BR,2026-07-11T22:08:00Z,2026-07-12
o-009926,c-0393,1025.55,completed,BR,2026-06-16T02:18:00Z,2026-06-17
o-009927,c-1853,2338.51,completed,BR,2026-08-09T09:35:00Z,2026-08-09
o-009928,c-1595,1173.95,completed,BR,2026-05-25T14:48:00Z,2026-05-26
o-009929,c-1494,2211.07,completed,BR,2026-07-28T08:21:00Z,2026-07-29
o-009930,c-0111,446.08,completed,BR,2026-07-23T12:43:00Z,2026-07-23
o-009931,c-0266,244.03,cancelled,BR,2026-07-16T13:55:00Z,2026-07-17
o-009932,c-0260,842.69,completed,BR,2026-06-16T23:46:00Z,2026-06-17
o-009933,c-0522,2256.16,completed,BR,2026-06-07T22:51:00Z,2026-06-07
o-009934,c-0831,1102.93,completed,BR,2026-06-10T02:46:00Z,2026-06-10
o-009935,c-1743,1896.70,completed,BR,2026-05-24T13:13:00Z,2026-05-25
o-009936,c-0605,503.75,pending,BR,2026-06-05T00:43:00Z,2026-06-06
o-009937,c-0343,832.55,pending,BR,2026-07-06T08:11:00Z,2026-07-06
o-009938,c-0943,2458.73,completed,BR,2026-08-19T08:36:00Z,2026-08-20
o-009939,c-0258,2444.20,cancelled,BR,2026-07-15T16:39:00Z,2026-07-15
o-009940,c-0340,407.48,completed,BR,2026-06-20T10:01:00Z,2026-06-20
o-009941,c-1961,2433.70,completed,BR,2026-07-19T08:41:00Z,2026-07-20
o-009942,c-1311,1449.89,completed,BR,2026-07-28T08:31:00Z,2026-07-28
o-009943,c-0450,2319.88,pending,BR,2026-07-05T16:56:00Z,2026-07-06
o-009944,c-1802,1718.39,completed,BR,2026-07-04T04:10:00Z,2026-07-04
o-009945,c-1616,210.85,completed,BR,2026-08-11T21:10:00Z,2026-08-11
o-009946,c-0069,1836.17,completed,BR,2026-06-11T06:42:00Z,2026-06-12
o-009947,c-0273,2414.10,cancelled,BR,2026-06-16T07:43:00Z,2026-06-17
o-009948,c-1312,530.98,completed,BR,2026-06-18T11:53:00Z,2026-06-18
o-009949,c-1626,140.56,completed,BR,2026-08-15T23:26:00Z,2026-08-15
o-009950,c-1113,499.67,completed,BR,2026-08-03T08:40:00Z,2026-08-03
o-009951,c-0834,2179.19,completed,BR,2026-08-10T09:39:00Z,2026-08-10
o-009952,c-1241,1444.62,completed,BR,2026-07-03T22:07:00Z,2026-07-03
o-009953,c-1454,1609.97,completed,BR,2026-07-02T23:20:00Z,2026-07-02
o-009954,c-1426,408.22,completed,BR,2026-07-25T06:31:00Z,2026-07-26
o-009955,c-1191,782.47,pending,BR,2026-07-31T06:05:00Z,2026-08-01
o-009956,c-0223,996.92,completed,BR,2026-06-21T07:52:00Z,2026-06-22
o-009957,c-0379,1983.41,pending,BR,2026-08-08T02:06:00Z,2026-08-09
o-009958,c-0532,1830.41,completed,BR,2026-06-14T09:38:00Z,2026-06-15
o-009959,c-0935,19.20,completed,BR,2026-06-25T21:36:00Z,2026-06-25
o-009960,c-0145,2311.19,cancelled,BR,2026-06-25T01:55:00Z,2026-06-26
o-009961,c-0761,1609.28,cancelled,BR,2026-07-12T11:06:00Z,2026-07-12
o-009962,c-1902,2492.98,completed,BR,2026-08-12T20:46:00Z,2026-08-13
o-009963,c-2000,1494.91,completed,BR,2026-07-07T07:22:00Z,2026-07-07
o-009964,c-0411,1286.18,completed,BR,2026-07-08T13:10:00Z,2026-07-08
o-009965,c-0453,758.44,completed,BR,2026-07-16T10:06:00Z,2026-07-17
o-009966,c-1419,1332.07,completed,BR,2026-06-19T01:38:00Z,2026-06-20
o-009967,c-0998,1005.78,completed,BR,2026-07-16T14:26:00Z,2026-07-17
o-009968,c-1373,1908.15,completed,BR,2026-06-26T18:58:00Z,2026-06-26
o-009969,c-0472,1935.39,completed,BR,2026-06-04T09:24:00Z,2026-06-05
o-009970,c-1636,1452.12,completed,BR,2026-06-18T16:37:00Z,2026-06-18
o-009971,c-0762,1682.25,pending,BR,2026-06-04T09:41:00Z,2026-06-04
o-009972,c-1896,1186.23,completed,BR,2026-07-05T20:41:00Z,2026-07-05
o-009973,c-1256,123.99,cancelled,BR,2026-06-02T23:05:00Z,2026-06-03
o-009974,c-1410,1649.96,completed,BR,2026-08-19T08:56:00Z,2026-08-20
o-009975,c-1595,2050.26,completed,BR,2026-07-17T16:58:00Z,2026-07-18
o-009976,c-0409,332.23,completed,BR,2026-07-30T02:06:00Z,2026-07-31
o-009977,c-1264,636.88,pending,BR,2026-08-15T17:09:00Z,2026-08-16
o-009978,c-1542,1509.04,cancelled,BR,2026-08-16T02:32:00Z,2026-08-17
o-009979,c-1406,146.90,completed,BR,2026-06-21T23:36:00Z,2026-06-22
o-009980,c-0550,2381.13,completed,BR,2026-06-26T02:36:00Z,2026-06-26
o-009981,c-1194,2016.02,pending,BR,2026-08-05T09:45:00Z,2026-08-06
o-009982,c-1345,1972.35,pending,BR,2026-07-23T09:10:00Z,2026-07-24
o-009983,c-0164,782.20,completed,BR,2026-07-18T09:01:00Z,2026-07-19
o-009984,c-0733,209.28,completed,BR,2026-06-13T16:43:00Z,2026-06-14
o-009985,c-1746,2107.10,pending,BR,2026-08-03T20:49:00Z,2026-08-03
o-009986,c-1331,1153.19,completed,BR,2026-05-29T23:15:00Z,2026-05-30
o-009987,c-0928,1710.31,completed,BR,2026-06-03T17:36:00Z,2026-06-03
o-009988,c-0076,78.81,completed,BR,2026-08-05T05:16:00Z,2026-08-06
o-009989,c-0075,2086.16,completed,BR,2026-06-11T17:40:00Z,2026-06-12
o-009990,c-0532,1670.46,completed,BR,2026-08-12T14:57:00Z,2026-08-12
o-009991,c-0820,1937.80,completed,BR,2026-08-14T10:03:00Z,2026-08-14
o-009992,c-0017,1386.25,completed,BR,2026-05-29T08:59:00Z,2026-05-29
o-009993,c-1511,1447.47,pending,BR,2026-07-19T19:01:00Z,2026-07-19
o-009994,c-0660,700.35,completed,BR,2026-07-11T08:09:00Z,2026-07-11
o-009995,c-0456,2131.39,completed,BR,2026-07-26T08:51:00Z,2026-07-27
o-009996,c-0816,2370.25,completed,BR,2026-07-30T22:51:00Z,2026-07-31
o-009997,c-0579,2415.26,cancelled,BR,2026-08-19T09:04:00Z,2026-08-19
o-009998,c-0165,375.80,completed,BR,2026-07-10T01:22:00Z,2026-07-10
o-009999,c-1551,1251.89,completed,BR,2026-06-10T14:09:00Z,2026-06-10
o-010000,c-0685,352.40,completed,BR,2026-06-18T12:05:00Z,2026-06-18
o-004027,c-0502,1618.52,pending,BR,2026-07-16T00:47:00Z,2026-07-18
o-005249,c-1359,2477.66,pending,BR,2026-08-05T06:16:00Z,2026-08-07
o-007086,c-0041,2223.23,completed,BR,2026-07-01T12:21:00Z,2026-07-05
o-008306,c-0403,1648.43,pending,BR,2026-05-30T04:07:00Z,2026-06-02
o-006124,c-0655,931.97,pending,BR,2026-07-07T04:36:00Z,2026-07-11
o-008076,c-0215,1323.93,completed,BR,2026-06-24T05:45:00Z,2026-06-27
o-000864,c-0985,1400.44,pending,BR,2026-08-14T18:12:00Z,2026-08-16
o-006748,c-1345,1015.18,completed,BR,2026-06-05T18:25:00Z,2026-06-07
o-006150,c-1511,2168.46,pending,BR,2026-07-27T01:54:00Z,2026-07-31
o-004011,c-1530,177.56,pending,BR,2026-08-05T00:37:00Z,2026-08-08
o-000724,c-0998,1982.68,completed,BR,2026-05-23T16:56:00Z,2026-05-25
o-006926,c-1924,439.41,pending,BR,2026-06-18T05:08:00Z,2026-06-22
o-006778,c-1112,282.23,pending,BR,2026-07-29T00:06:00Z,2026-07-31
o-008630,c-0114,918.76,pending,BR,2026-05-28T18:45:00Z,2026-05-29
o-002247,c-0198,2452.62,pending,BR,2026-07-26T22:30:00Z,2026-07-30
o-007382,c-0172,1912.46,pending,BR,2026-07-17T16:20:00Z,2026-07-18
o-003428,c-1572,1415.51,completed,BR,2026-07-31T21:54:00Z,2026-08-02
o-006402,c-1515,499.50,completed,BR,2026-06-20T01:22:00Z,2026-06-23
o-009350,c-1185,2162.82,completed,BR,2026-07-26T20:37:00Z,2026-07-28
o-006195,c-0068,221.94,completed,BR,2026-08-16T09:36:00Z,2026-08-18
o-008877,c-1606,1744.69,pending,BR,2026-07-02T22:01:00Z,2026-07-04
o-006081,c-0885,2250.34,pending,BR,2026-06-09T01:53:00Z,2026-06-12
o-004676,c-1140,1160.39,completed,BR,2026-08-09T11:05:00Z,2026-08-13
o-003102,c-0995,1302.83,pending,BR,2026-07-28T05:10:00Z,2026-08-01
o-003272,c-0832,95.66,pending,BR,2026-07-22T06:04:00Z,2026-07-25
o-008594,c-1098,401.55,completed,BR,2026-07-22T04:21:00Z,2026-07-25
o-003582,c-0581,1457.10,pending,BR,2026-07-13T13:28:00Z,2026-07-14
o-007657,c-0541,1676.69,completed,BR,2026-07-30T22:39:00Z,2026-08-03
o-007100,c-1878,2063.08,pending,BR,2026-05-27T11:51:00Z,2026-05-31
o-008922,c-0345,206.25,completed,BR,2026-08-11T18:03:00Z,2026-08-13
o-004668,c-0328,1662.06,pending,BR,2026-06-07T12:34:00Z,2026-06-08
o-002402,c-1315,1975.37,completed,BR,2026-08-01T02:52:00Z,2026-08-03
o-006780,c-1647,2415.67,pending,BR,2026-07-17T02:37:00Z,2026-07-19
o-005351,c-0499,1172.96,pending,BR,2026-05-23T18:31:00Z,2026-05-25
o-007113,c-1614,1592.37,pending,BR,2026-07-17T21:56:00Z,2026-07-19
o-006316,c-0174,699.27,completed,BR,2026-06-24T12:00:00Z,2026-06-27
o-003196,c-1469,565.68,completed,BR,2026-05-24T09:41:00Z,2026-05-26
o-002343,c-0620,954.77,completed,BR,2026-07-10T12:02:00Z,2026-07-12
o-003454,c-0593,2119.28,completed,BR,2026-05-27T10:14:00Z,2026-05-30
o-003000,c-0963,1890.24,completed,BR,2026-05-31T16:08:00Z,2026-06-02
o-003784,c-1026,2186.62,pending,BR,2026-07-02T15:47:00Z,2026-07-06
o-009351,c-1186,240.64,completed,BR,2026-06-07T21:30:00Z,2026-06-09
o-004952,c-1575,1003.85,pending,BR,2026-07-28T19:37:00Z,2026-08-01
o-003522,c-1986,62.86,pending,BR,2026-07-12T04:22:00Z,2026-07-16
o-000753,c-1937,1935.15,completed,BR,2026-07-25T14:00:00Z,2026-07-26
o-003797,c-1213,1275.44,completed,BR,2026-07-12T15:41:00Z,2026-07-15
o-007330,c-0741,1918.71,completed,BR,2026-06-25T07:16:00Z,2026-06-29
o-008099,c-1592,805.52,pending,BR,2026-07-02T15:50:00Z,2026-07-06
o-005686,c-0427,2311.36,completed,BR,2026-06-10T20:38:00Z,2026-06-12
o-002929,c-0884,1068.37,completed,BR,2026-07-14T07:08:00Z,2026-07-17
o-002127,c-0664,395.19,completed,BR,2026-06-13T05:39:00Z,2026-06-14
o-001113,c-1567,240.80,completed,BR,2026-07-31T10:55:00Z,2026-08-02
o-007274,c-1446,2305.31,completed,BR,2026-06-05T04:26:00Z,2026-06-09
o-004683,c-0804,2407.53,pending,BR,2026-05-27T03:57:00Z,2026-05-30
o-004377,c-0807,430.13,completed,BR,2026-05-26T16:50:00Z,2026-05-29
o-009050,c-1613,153.66,pending,BR,2026-08-16T02:45:00Z,2026-08-17
o-007742,c-0710,461.46,pending,BR,2026-07-08T04:44:00Z,2026-07-11
o-001283,c-0859,1008.00,completed,BR,2026-08-01T09:46:00Z,2026-08-03
o-009896,c-1754,2419.22,completed,BR,2026-05-31T11:43:00Z,2026-06-04
o-002204,c-1451,1391.61,completed,BR,2026-08-09T19:04:00Z,2026-08-11
o-009500,c-0447,1973.60,pending,BR,2026-05-25T23:00:00Z,2026-05-28
o-005115,c-1694,2253.22,completed,BR,2026-06-20T11:44:00Z,2026-06-24
o-002422,c-0441,1616.20,pending,BR,2026-07-09T02:17:00Z,2026-07-13
o-003675,c-1400,521.15,completed,BR,2026-05-31T22:13:00Z,2026-06-02
o-008992,c-0636,1794.38,completed,BR,2026-06-12T22:23:00Z,2026-06-16
o-000316,c-1452,1409.50,completed,BR,2026-05-25T11:21:00Z,2026-05-26
o-009210,c-1773,2288.87,completed,BR,2026-08-07T12:35:00Z,2026-08-09
o-007106,c-1501,845.39,pending,BR,2026-07-22T12:53:00Z,2026-07-26
o-003256,c-0830,147.61,pending,BR,2026-08-10T10:13:00Z,2026-08-12
o-004902,c-1391,833.56,completed,BR,2026-06-05T22:07:00Z,2026-06-08
o-008175,c-1269,1580.24,pending,BR,2026-08-10T04:36:00Z,2026-08-11
o-009926,c-0393,1025.55,pending,BR,2026-06-16T02:18:00Z,2026-06-19
o-006892,c-1502,1958.62,completed,BR,2026-07-22T05:28:00Z,2026-07-25
o-005236,c-1262,2419.68,completed,BR,2026-06-09T00:21:00Z,2026-06-13
o-001823,c-0070,1614.55,completed,BR,2026-08-10T14:02:00Z,2026-08-12
o-006521,c-0354,2126.83,pending,BR,2026-07-30T10:24:00Z,2026-08-03
o-002477,c-1763,1203.57,completed,BR,2026-08-15T15:30:00Z,2026-08-17
o-003866,c-1846,1590.74,completed,BR,2026-06-08T01:37:00Z,2026-06-12
o-008036,c-0801,2245.97,pending,BR,2026-07-14T00:49:00Z,2026-07-18
o-008563,c-0481,1491.42,completed,BR,2026-08-02T21:40:00Z,2026-08-06
o-002412,c-0670,2245.33,completed,BR,2026-08-14T09:28:00Z,2026-08-15
o-000636,c-1413,2127.43,completed,BR,2026-08-14T05:07:00Z,2026-08-15
o-007878,c-0093,132.92,completed,BR,2026-07-07T08:25:00Z,2026-07-09
o-002424,c-0936,2325.66,completed,BR,2026-06-18T03:58:00Z,2026-06-21
o-008155,c-0196,1758.69,pending,BR,2026-07-08T13:34:00Z,2026-07-11
o-007206,c-0311,2456.50,completed,BR,2026-07-06T17:55:00Z,2026-07-08
o-001486,c-0770,1509.45,pending,BR,2026-06-26T15:30:00Z,2026-06-29
o-002026,c-1049,420.13,completed,BR,2026-08-07T22:33:00Z,2026-08-10
o-008782,c-1413,1864.00,completed,BR,2026-06-26T09:30:00Z,2026-06-29
o-004415,c-0524,129.00,pending,BR,2026-07-25T06:23:00Z,2026-07-27
o-005559,c-0093,1892.03,completed,BR,2026-06-06T13:59:00Z,2026-06-08
o-004778,c-1450,1947.12,completed,BR,2026-07-26T16:24:00Z,2026-07-29
o-009800,c-1849,164.78,pending,BR,2026-06-30T16:40:00Z,2026-07-02
o-008126,c-1841,1793.43,pending,BR,2026-07-01T08:55:00Z,2026-07-04
o-004308,c-1879,1051.17,pending,BR,2026-05-29T03:55:00Z,2026-06-01
o-008183,c-0426,319.62,completed,BR,2026-08-05T13:02:00Z,2026-08-06
o-003525,c-0923,1157.25,completed,BR,2026-06-27T02:01:00Z,2026-06-30
o-003110,c-1856,1753.15,completed,BR,2026-06-03T16:36:00Z,2026-06-05
o-009880,c-1428,54.24,completed,BR,2026-07-23T12:32:00Z,2026-07-26
o-007196,c-0325,1133.93,completed,BR,2026-07-08T19:31:00Z,2026-07-11
o-001536,c-0745,2415.86,completed,BR,2026-08-15T00:15:00Z,2026-08-18
o-003933,c-1263,1240.13,pending,BR,2026-07-14T12:00:00Z,2026-07-17
o-002867,c-1642,770.57,completed,BR,2026-08-06T20:56:00Z,2026-08-08
o-001487,c-1238,1076.49,completed,BR,2026-07-05T10:52:00Z,2026-07-08
o-002500,c-1220,274.66,pending,BR,2026-07-02T03:08:00Z,2026-07-03
o-005705,c-0055,1111.83,completed,BR,2026-08-07T11:22:00Z,2026-08-10
o-009944,c-1802,1718.39,pending,BR,2026-07-04T04:10:00Z,2026-07-05
o-001744,c-1644,1237.37,completed,BR,2026-06-27T13:07:00Z,2026-06-29
o-002584,c-0163,151.58,pending,BR,2026-06-10T03:28:00Z,2026-06-13
o-004808,c-0288,439.71,pending,BR,2026-05-26T17:45:00Z,2026-05-28
o-008982,c-0122,657.99,pending,BR,2026-08-14T12:56:00Z,2026-08-16
o-007077,c-1282,104.47,pending,BR,2026-06-21T05:44:00Z,2026-06-22
o-007685,c-1618,1686.90,pending,BR,2026-05-25T11:15:00Z,2026-05-29
o-008737,c-1533,2108.36,pending,BR,2026-05-28T12:45:00Z,2026-05-31
o-003064,c-1672,296.85,pending,BR,2026-06-14T00:01:00Z,2026-06-15
o-000326,c-1929,2432.41,pending,BR,2026-06-28T22:13:00Z,2026-06-30
o-009613,c-0582,837.44,pending,BR,2026-06-08T20:09:00Z,2026-06-10
o-008947,c-0412,221.32,completed,BR,2026-08-11T06:04:00Z,2026-08-12
o-001532,c-0807,1392.37,pending,BR,2026-07-29T15:04:00Z,2026-07-30
o-000770,c-0246,2300.87,completed,BR,2026-08-15T15:39:00Z,2026-08-18
o-002459,c-0444,1536.22,pending,BR,2026-08-18T04:37:00Z,2026-08-21
o-002933,c-0035,1542.26,completed,BR,2026-07-13T15:36:00Z,2026-07-15
o-006340,c-0429,1967.41,pending,BR,2026-06-24T21:55:00Z,2026-06-25
o-001898,c-1866,613.85,pending,BR,2026-07-08T07:29:00Z,2026-07-11
o-009135,c-0843,710.76,completed,BR,2026-07-17T13:52:00Z,2026-07-20
o-001948,c-1926,39.03,pending,BR,2026-07-29T03:32:00Z,2026-07-31
o-008275,c-0353,2404.04,completed,BR,2026-06-05T20:11:00Z,2026-06-07
o-005079,c-0421,523.95,pending,BR,2026-07-31T01:23:00Z,2026-08-02
o-005976,c-0217,1721.77,pending,BR,2026-07-24T17:44:00Z,2026-07-26
o-009240,c-0898,1670.71,completed,BR,2026-06-14T00:21:00Z,2026-06-16
o-000706,c-1269,179.17,pending,BR,2026-07-24T14:21:00Z,2026-07-28
o-009616,c-0115,1386.42,pending,BR,2026-06-21T00:36:00Z,2026-06-24
o-001428,c-0288,1179.62,pending,BR,2026-06-12T05:53:00Z,2026-06-15
o-000236,c-0746,935.27,pending,BR,2026-07-14T10:43:00Z,2026-07-15
o-000815,c-0677,205.16,pending,BR,2026-06-10T01:17:00Z,2026-06-13
o-003452,c-0610,1098.71,completed,BR,2026-06-29T03:53:00Z,2026-07-03
o-007210,c-1649,1376.20,pending,BR,2026-05-25T12:39:00Z,2026-05-28
o-002079,c-1563,1162.73,pending,BR,2026-06-04T12:37:00Z,2026-06-06
o-002639,c-1292,2031.56,completed,BR,2026-06-08T05:47:00Z,2026-06-11
o-008556,c-0697,655.28,pending,BR,2026-06-19T15:31:00Z,2026-06-22
o-001895,c-0781,1907.72,completed,BR,2026-06-01T07:36:00Z,2026-06-03
o-003147,c-1469,1100.88,pending,BR,2026-08-20T07:30:00Z,2026-08-24
o-000893,c-1459,1625.67,completed,BR,2026-07-11T15:30:00Z,2026-07-14
o-001211,c-1141,151.59,completed,BR,2026-06-22T15:58:00Z,2026-06-24
o-007870,c-1313,1153.21,pending,BR,2026-08-17T02:32:00Z,2026-08-18
o-000461,c-1003,359.72,completed,BR,2026-08-11T13:24:00Z,2026-08-13
o-003515,c-0253,1136.51,pending,BR,2026-05-25T20:27:00Z,2026-05-28
o-002284,c-1828,557.81,completed,BR,2026-06-18T15:13:00Z,2026-06-20
o-000385,c-0347,354.20,pending,BR,2026-06-15T17:41:00Z,2026-06-16
o-007676,c-1505,1914.26,pending,BR,2026-05-31T12:57:00Z,2026-06-03
o-001355,c-1933,186.91,pending,BR,2026-07-18T03:40:00Z,2026-07-21
o-000874,c-0524,429.95,completed,BR,2026-08-20T19:17:00Z,2026-08-21
o-008316,c-1379,1013.63,pending,BR,2026-06-06T02:52:00Z,2026-06-08
o-004324,c-1360,502.02,completed,BR,2026-07-22T01:46:00Z,2026-07-25
o-001638,c-0723,801.69,pending,BR,2026-08-19T13:38:00Z,2026-08-21
o-005599,c-1844,1008.73,pending,BR,2026-07-12T01:56:00Z,2026-07-14
o-004988,c-1238,1906.77,completed,BR,2026-07-14T00:24:00Z,2026-07-17
o-008242,c-1255,1461.35,completed,BR,2026-07-19T22:11:00Z,2026-07-22
o-005669,c-0244,2216.69,pending,BR,2026-06-26T01:31:00Z,2026-06-28
o-004692,c-1207,1779.69,pending,BR,2026-07-20T18:46:00Z,2026-07-23
o-004835,c-0607,1269.74,completed,BR,2026-08-18T00:48:00Z,2026-08-19
o-003778,c-0912,772.59,completed,BR,2026-06-01T15:10:00Z,2026-06-03
o-000264,c-0732,1972.36,completed,BR,2026-08-15T20:06:00Z,2026-08-17
o-005553,c-0497,377.81,completed,BR,2026-06-07T00:38:00Z,2026-06-10
o-001939,c-1408,590.98,pending,BR,2026-07-26T06:56:00Z,2026-07-30
o-008414,c-1887,1157.40,pending,BR,2026-06-21T01:28:00Z,2026-06-23
o-005623,c-0793,1132.97,completed,BR,2026-08-05T21:25:00Z,2026-08-07
o-002056,c-0783,1284.02,completed,BR,2026-07-05T20:47:00Z,2026-07-08
o-008772,c-0516,1339.33,completed,BR,2026-06-14T17:05:00Z,2026-06-17
o-009774,c-1868,1997.62,pending,BR,2026-06-18T00:12:00Z,2026-06-21
o-001033,c-1215,437.75,pending,BR,2026-06-27T04:48:00Z,2026-06-29
o-007262,c-0757,433.79,completed,BR,2026-07-10T10:32:00Z,2026-07-11
o-003502,c-0703,2285.71,completed,BR,2026-07-28T02:24:00Z,2026-07-30
o-003354,c-1258,1709.38,pending,BR,2026-08-18T11:04:00Z,2026-08-22
o-005782,c-0843,881.72,pending,BR,2026-06-14T07:12:00Z,2026-06-17
o-009035,c-1065,1902.51,pending,BR,2026-07-19T06:21:00Z,2026-07-22
o-000972,c-1773,82.81,completed,BR,2026-08-06T12:40:00Z,2026-08-08
o-000160,c-1851,77.22,completed,BR,2026-05-30T09:22:00Z,2026-06-02
o-003113,c-0572,2391.59,pending,BR,2026-07-14T23:05:00Z,2026-07-16
o-009447,c-0009,533.77,completed,BR,2026-08-13T09:41:00Z,2026-08-16
o-009733,c-1871,1430.71,pending,BR,2026-07-12T15:02:00Z,2026-07-14
o-003480,c-1541,1088.87,completed,BR,2026-06-02T18:15:00Z,2026-06-06
o-004588,c-1422,522.68,pending,BR,2026-08-09T20:27:00Z,2026-08-12
o-001246,c-1552,1677.30,completed,BR,2026-06-25T10:58:00Z,2026-06-28
o-006058,c-0343,495.55,completed,BR,2026-08-01T16:34:00Z,2026-08-03
o-007124,c-1176,2151.84,completed,BR,2026-06-27T19:18:00Z,2026-06-30
o-002741,c-0501,1722.55,completed,BR,2026-08-12T22:31:00Z,2026-08-14
o-004348,c-0399,722.49,completed,BR,2026-05-25T19:45:00Z,2026-05-29
o-007429,c-1183,768.33,completed,BR,2026-07-16T16:11:00Z,2026-07-18
o-000299,c-0150,1723.09,completed,BR,2026-07-15T15:29:00Z,2026-07-17
o-007288,c-0888,1667.19,completed,BR,2026-06-25T03:14:00Z,2026-06-28
o-006901,c-0066,482.52,completed,BR,2026-06-18T03:30:00Z,2026-06-20
o-000511,c-0090,2303.58,completed,BR,2026-07-28T13:44:00Z,2026-07-30
o-007231,c-1683,727.29,completed,BR,2026-05-23T15:16:00Z,2026-05-25
o-009943,c-0450,2319.88,pending,BR,2026-07-05T16:56:00Z,2026-07-07
o-002869,c-0142,524.82,completed,BR,2026-07-23T01:33:00Z,2026-07-25
o-005889,c-0312,133.84,completed,BR,2026-08-13T09:44:00Z,2026-08-17
o-003950,c-0336,68.71,pending,BR,2026-07-24T07:13:00Z,2026-07-26
o-003311,c-0174,185.84,completed,BR,2026-08-01T11:03:00Z,2026-08-03
o-005364,c-1115,286.29,completed,BR,2026-06-19T22:24:00Z,2026-06-22
o-006155,c-0903,997.60,completed,BR,2026-07-18T11:30:00Z,2026-07-19
o-002598,c-0932,2410.54,pending,BR,2026-06-29T17:48:00Z,2026-07-01
o-000771,c-1566,2143.44,completed,BR,2026-07-23T11:39:00Z,2026-07-25
o-005125,c-0558,1148.97,completed,BR,2026-06-01T04:42:00Z,2026-06-03
o-005475,c-0992,2479.34,completed,BR,2026-08-09T21:01:00Z,2026-08-12
o-003736,c-0129,887.81,pending,BR,2026-07-04T11:00:00Z,2026-07-06
o-000740,c-1618,1922.84,completed,BR,2026-08-20T18:06:00Z,2026-08-22
o-009186,c-0218,2229.81,pending,BR,2026-07-05T13:21:00Z,2026-07-08
o-004381,c-1697,2158.59,completed,BR,2026-07-06T21:35:00Z,2026-07-09
o-008693,c-0248,2180.02,pending,BR,2026-05-27T20:38:00Z,2026-05-29
o-008000,c-1403,2419.57,pending,BR,2026-07-06T11:50:00Z,2026-07-07
o-003751,c-0165,1965.41,pending,BR,2026-08-02T05:11:00Z,2026-08-03
o-009196,c-1376,1593.15,completed,BR,2026-06-09T08:20:00Z,2026-06-12
o-002623,c-0852,1875.58,pending,BR,2026-07-02T14:05:00Z,2026-07-04
o-002970,c-1845,370.78,completed,BR,2026-07-18T00:46:00Z,2026-07-22
o-004942,c-0224,115.11,completed,BR,2026-07-15T23:06:00Z,2026-07-18
o-008365,c-1211,2320.64,pending,BR,2026-08-02T10:00:00Z,2026-08-03
o-006352,c-0099,2481.00,completed,BR,2026-08-17T07:03:00Z,2026-08-21
o-004562,c-0073,1587.26,pending,BR,2026-07-23T12:45:00Z,2026-07-26
o-007674,c-1417,1930.06,completed,BR,2026-07-12T07:05:00Z,2026-07-15
o-006817,c-0569,2489.90,completed,BR,2026-07-18T22:08:00Z,2026-07-22
o-002470,c-0134,222.67,completed,BR,2026-08-16T11:30:00Z,2026-08-19
o-006041,c-1577,1866.72,completed,BR,2026-07-06T03:02:00Z,2026-07-08
o-007624,c-1050,1829.22,completed,BR,2026-06-07T00:33:00Z,2026-06-10
o-005817,c-0842,70.04,completed,BR,2026-08-11T21:24:00Z,2026-08-14
o-003786,c-1711,1996.22,completed,BR,2026-06-20T15:34:00Z,2026-06-22
o-003591,c-0220,1374.64,pending,BR,2026-05-31T20:11:00Z,2026-06-04
o-004464,c-0991,301.16,completed,BR,2026-07-03T00:26:00Z,2026-07-05
o-009292,c-1083,720.35,completed,BR,2026-06-04T00:51:00Z,2026-06-07
o-006376,c-1280,1458.03,pending,BR,2026-08-20T18:17:00Z,2026-08-23
o-004770,c-1254,23.22,completed,BR,2026-05-29T19:29:00Z,2026-05-31
o-008069,c-1850,629.19,completed,BR,2026-08-04T06:54:00Z,2026-08-05
o-004312,c-1108,2195.05,completed,BR,2026-07-29T23:32:00Z,2026-07-30
o-009984,c-0733,209.28,completed,BR,2026-06-13T16:43:00Z,2026-06-15
o-000330,c-0439,509.16,completed,BR,2026-08-02T22:17:00Z,2026-08-05
o-001742,c-0211,1404.59,completed,BR,2026-08-16T02:36:00Z,2026-08-18
o-009949,c-1626,140.56,completed,BR,2026-08-15T23:26:00Z,2026-08-16
o-001904,c-0863,1265.04,pending,BR,2026-07-25T20:56:00Z,2026-07-26
o-008054,c-0906,2126.56,pending,BR,2026-07-22T11:54:00Z,2026-07-24
o-009357,c-0755,1017.26,pending,BR,2026-06-23T08:47:00Z,2026-06-27
o-007159,c-1159,433.65,completed,BR,2026-08-01T19:54:00Z,2026-08-02
o-006821,c-0033,834.75,completed,BR,2026-06-02T23:22:00Z,2026-06-05
o-008290,c-1102,1426.47,pending,BR,2026-05-27T09:03:00Z,2026-05-31
o-004718,c-0893,1638.99,completed,BR,2026-06-02T20:55:00Z,2026-06-03
o-005466,c-0307,1847.14,completed,BR,2026-08-15T04:47:00Z,2026-08-18
o-004273,c-1733,384.79,pending,BR,2026-05-25T01:01:00Z,2026-05-27
o-005809,c-1828,2064.14,completed,BR,2026-07-10T19:49:00Z,2026-07-13
o-002422,c-0441,1616.20,completed,BR,2026-07-09T02:17:00Z,2026-07-13
o-002384,c-1278,807.53,completed,BR,2026-07-21T19:57:00Z,2026-07-24
o-001314,c-0503,2075.08,completed,BR,2026-08-05T14:05:00Z,2026-08-08
o-001397,c-0391,1765.58,pending,BR,2026-07-31T08:00:00Z,2026-08-04
o-008445,c-0462,180.44,completed,BR,2026-08-10T02:16:00Z,2026-08-13
o-003699,c-1928,87.08,completed,BR,2026-06-18T05:26:00Z,2026-06-21
o-002000,c-0200,2145.44,pending,BR,2026-06-16T20:39:00Z,2026-06-18
o-003658,c-1127,231.33,pending,BR,2026-05-25T03:56:00Z,2026-05-28
o-004821,c-0428,601.47,completed,BR,2026-06-25T03:48:00Z,2026-06-29
o-005005,c-1532,2424.33,pending,BR,2026-06-03T05:52:00Z,2026-06-07
o-006785,c-1884,2231.87,completed,BR,2026-08-09T02:22:00Z,2026-08-12
o-008897,c-1451,167.59,pending,BR,2026-06-18T13:57:00Z,2026-06-19
o-000862,c-0304,334.81,completed,BR,2026-08-04T23:03:00Z,2026-08-06
o-003268,c-1649,466.23,completed,BR,2026-05-23T04:01:00Z,2026-05-25
o-002078,c-0322,2310.16,pending,BR,2026-06-28T00:34:00Z,2026-06-30
o-005115,c-1694,2253.22,pending,BR,2026-06-20T11:44:00Z,2026-06-22
o-002304,c-1233,1323.75,pending,BR,2026-06-10T17:20:00Z,2026-06-13
o-004793,c-1041,1206.80,completed,BR,2026-06-29T14:58:00Z,2026-07-01
o-006222,c-0497,2035.15,pending,BR,2026-08-18T06:43:00Z,2026-08-20
o-009006,c-0742,380.97,pending,BR,2026-06-19T01:39:00Z,2026-06-22
o-002959,c-1328,167.47,pending,BR,2026-07-18T21:07:00Z,2026-07-21
o-009171,c-1694,2241.00,completed,BR,2026-07-15T10:24:00Z,2026-07-17
o-003861,c-1999,1912.27,completed,BR,2026-06-08T12:00:00Z,2026-06-09
o-000478,c-1480,536.57,completed,BR,2026-07-14T19:43:00Z,2026-07-18
o-005805,c-0190,1125.46,pending,BR,2026-07-31T11:24:00Z,2026-08-03
o-008788,c-0903,2138.12,completed,BR,2026-06-24T09:54:00Z,2026-06-26
o-001523,c-1897,145.55,pending,BR,2026-07-22T05:03:00Z,2026-07-23
o-008458,c-1533,2242.73,completed,BR,2026-07-29T07:36:00Z,2026-07-31
o-003694,c-0384,78.82,pending,BR,2026-07-14T18:50:00Z,2026-07-17
o-004368,c-0574,525.14,completed,BR,2026-06-06T12:41:00Z,2026-06-09
o-009392,c-0278,171.44,pending,BR,2026-08-12T10:32:00Z,2026-08-16
o-004589,c-0039,2207.94,pending,BR,2026-06-27T10:48:00Z,2026-06-28
o-008752,c-0874,209.29,completed,BR,2026-07-27T19:26:00Z,2026-07-31
o-003308,c-1287,1695.46,completed,BR,2026-05-23T17:27:00Z,2026-05-25
o-000626,c-1608,270.13,pending,BR,2026-06-17T08:53:00Z,2026-06-18
o-001175,c-0865,1619.07,pending,BR,2026-06-12T08:08:00Z,2026-06-14
o-001556,c-1067,2354.48,completed,BR,2026-06-21T09:40:00Z,2026-06-22
o-005753,c-1148,1229.16,pending,BR,2026-05-29T07:29:00Z,2026-05-31
o-003099,c-0450,2313.73,completed,BR,2026-07-14T08:03:00Z,2026-07-17
o-000964,c-0667,1389.94,completed,BR,2026-06-14T09:25:00Z,2026-06-16
o-005277,c-1688,558.55,pending,BR,2026-07-06T20:45:00Z,2026-07-10
o-006402,c-1515,499.50,completed,BR,2026-06-20T01:22:00Z,2026-06-22
o-009002,c-1610,529.49,completed,BR,2026-06-25T05:04:00Z,2026-06-28
o-001878,c-0575,1999.97,pending,BR,2026-06-02T07:49:00Z,2026-06-05
o-007446,c-0753,883.39,completed,BR,2026-08-17T04:26:00Z,2026-08-20
o-000926,c-1638,1540.19,pending,BR,2026-05-28T10:22:00Z,2026-05-30
o-009250,c-0539,2487.25,completed,BR,2026-07-09T10:09:00Z,2026-07-11
o-003089,c-1990,2393.56,pending,BR,2026-07-20T09:45:00Z,2026-07-22
o-005909,c-0375,1083.49,completed,BR,2026-05-31T13:47:00Z,2026-06-03
o-005992,c-0556,608.87,completed,BR,2026-06-26T06:46:00Z,2026-06-29
o-004244,c-1271,1988.10,completed,BR,2026-06-29T11:11:00Z,2026-07-02
o-000002,c-1386,1852.97,completed,BR,2026-08-06T13:02:00Z,2026-08-08
o-004557,c-0212,775.78,pending,BR,2026-08-10T17:39:00Z,2026-08-13
o-007416,c-0632,2151.04,pending,BR,2026-08-12T13:55:00Z,2026-08-15
o-006742,c-0793,2325.94,pending,BR,2026-08-04T11:45:00Z,2026-08-07
o-009898,c-1081,2327.68,completed,BR,2026-08-16T21:44:00Z,2026-08-19
o-000292,c-0623,415.82,pending,BR,2026-06-20T11:33:00Z,2026-06-23
o-003119,c-1527,1076.02,completed,BR,2026-08-01T07:45:00Z,2026-08-04
o-003778,c-0912,772.59,pending,BR,2026-06-01T15:10:00Z,2026-06-03
o-003297,c-0541,47.85,pending,BR,2026-08-15T22:35:00Z,2026-08-16
o-008118,c-0740,1552.34,completed,BR,2026-07-13T21:19:00Z,2026-07-14
o-001608,c-1900,336.76,pending,BR,2026-05-29T20:15:00Z,2026-05-31
o-003998,c-0730,2252.67,completed,BR,2026-08-18T16:26:00Z,2026-08-21
o-000984,c-1256,136.67,completed,BR,2026-05-24T15:29:00Z,2026-05-28
o-005385,c-1711,215.94,completed,BR,2026-08-20T15:53:00Z,2026-08-22
o-004216,c-1622,2324.05,completed,BR,2026-08-12T22:59:00Z,2026-08-16
o-006432,c-1863,14.92,completed,BR,2026-07-03T03:17:00Z,2026-07-05
o-003928,c-0586,1869.18,completed,BR,2026-06-28T22:18:00Z,2026-06-30
o-002902,c-1420,1851.25,pending,BR,2026-07-09T21:32:00Z,2026-07-12
o-005240,c-0792,17.28,pending,BR,2026-06-23T14:06:00Z,2026-06-26
o-007817,c-0203,262.49,pending,BR,2026-08-14T03:02:00Z,2026-08-17
o-004772,c-1743,1682.57,completed,BR,2026-07-23T22:49:00Z,2026-07-26
o-006447,c-1370,353.94,pending,BR,2026-06-20T20:45:00Z,2026-06-21
o-005337,c-0157,643.97,completed,BR,2026-07-12T11:03:00Z,2026-07-14
o-006555,c-0506,2046.75,completed,BR,2026-06-13T11:02:00Z,2026-06-16
o-004050,c-1789,300.46,pending,BR,2026-06-08T07:30:00Z,2026-06-09
o-002736,c-1319,810.94,pending,BR,2026-07-14T01:46:00Z,2026-07-16
o-000062,c-0547,402.20,completed,BR,2026-07-10T01:54:00Z,2026-07-14
o-009587,c-0702,1710.91,completed,BR,2026-06-25T18:45:00Z,2026-06-27
o-006409,c-0847,475.46,pending,BR,2026-06-18T20:47:00Z,2026-06-21
o-009822,c-1156,1948.75,completed,BR,2026-06-22T15:21:00Z,2026-06-25
o-003588,c-0958,572.37,pending,BR,2026-08-12T06:26:00Z,2026-08-15
o-002685,c-0223,216.64,completed,BR,2026-06-01T04:26:00Z,2026-06-04
o-005320,c-1852,388.89,pending,BR,2026-05-24T02:35:00Z,2026-05-25
o-006829,c-0838,1516.99,completed,BR,2026-05-31T04:34:00Z,2026-06-02
o-007448,c-1740,55.12,completed,BR,2026-06-17T04:40:00Z,2026-06-21
o-008825,c-0484,205.04,completed,BR,2026-08-18T01:42:00Z,2026-08-21
o-007826,c-1240,1546.21,completed,BR,2026-08-02T23:18:00Z,2026-08-03
o-003417,c-1358,1601.82,pending,BR,2026-05-24T10:10:00Z,2026-05-25
o-009556,c-0519,912.79,completed,BR,2026-05-31T12:24:00Z,2026-06-02
o-006348,c-0815,1977.56,pending,BR,2026-07-14T02:04:00Z,2026-07-16
o-003054,c-0494,1610.91,completed,BR,2026-07-30T14:32:00Z,2026-08-01
o-007498,c-0994,614.41,pending,BR,2026-07-08T21:04:00Z,2026-07-11
o-009662,c-0110,216.67,pending,BR,2026-05-28T02:41:00Z,2026-05-30
o-004891,c-0984,433.77,pending,BR,2026-06-30T06:40:00Z,2026-07-03
o-007851,c-0563,824.11,completed,BR,2026-07-31T02:51:00Z,2026-08-01
o-004589,c-0039,2207.94,pending,BR,2026-06-27T10:48:00Z,2026-06-28
o-003668,c-0251,907.33,pending,BR,2026-08-14T15:34:00Z,2026-08-17
o-006346,c-0330,1539.49,pending,BR,2026-07-01T04:46:00Z,2026-07-05
o-001659,c-0334,1356.21,pending,BR,2026-08-07T00:48:00Z,2026-08-09
o-007540,c-0119,1862.97,pending,BR,2026-07-01T07:50:00Z,2026-07-02
o-004477,c-1329,1948.88,completed,BR,2026-08-08T23:50:00Z,2026-08-11
o-006708,c-0755,1660.15,completed,BR,2026-07-01T14:48:00Z,2026-07-04
o-003618,c-1025,2186.71,completed,BR,2026-06-14T23:04:00Z,2026-06-16
o-007631,c-1372,1871.80,completed,BR,2026-07-05T12:03:00Z,2026-07-07
o-003542,c-0329,238.34,completed,BR,2026-07-10T18:02:00Z,2026-07-13
o-008194,c-1040,2285.11,pending,BR,2026-07-26T12:33:00Z,2026-07-27
o-005980,c-1153,1373.79,pending,BR,2026-06-06T00:07:00Z,2026-06-08
o-003033,c-1083,631.82,completed,BR,2026-07-23T10:14:00Z,2026-07-25
o-008252,c-0630,1697.13,pending,BR,2026-07-14T18:31:00Z,2026-07-17
o-001696,c-1231,947.00,pending,BR,2026-06-16T21:36:00Z,2026-06-17
o-006277,c-1364,1062.10,pending,BR,2026-07-29T09:49:00Z,2026-08-01
o-003603,c-1144,2402.95,pending,BR,2026-07-14T17:10:00Z,2026-07-17
o-001920,c-1365,700.18,completed,BR,2026-08-01T16:48:00Z,2026-08-03
o-007574,c-1305,1816.75,completed,BR,2026-08-13T16:56:00Z,2026-08-16
o-004917,c-0627,2390.11,pending,BR,2026-07-13T18:01:00Z,2026-07-17
o-005623,c-0793,1132.97,completed,BR,2026-08-05T21:25:00Z,2026-08-06
o-004820,c-1973,983.44,pending,BR,2026-06-21T20:40:00Z,2026-06-25
o-004277,c-0260,2427.39,pending,BR,2026-07-30T22:16:00Z,2026-08-02
o-009706,c-0959,2102.01,completed,BR,2026-07-04T07:32:00Z,2026-07-07
o-003836,c-0575,676.96,pending,BR,2026-08-07T12:40:00Z,2026-08-10
o-001625,c-0286,1203.66,pending,BR,2026-07-18T05:19:00Z,2026-07-21
o-002527,c-1930,1061.04,completed,BR,2026-05-25T06:38:00Z,2026-05-28
o-007290,c-0485,1542.29,completed,BR,2026-07-30T21:48:00Z,2026-08-03
o-006451,c-0741,1054.22,pending,BR,2026-08-12T03:37:00Z,2026-08-13
o-006994,c-0551,1612.44,pending,BR,2026-07-07T05:36:00Z,2026-07-09
o-007008,c-0477,1750.35,completed,BR,2026-06-15T03:43:00Z,2026-06-19
o-006147,c-1935,2138.54,pending,BR,2026-06-28T02:43:00Z,2026-06-30
o-006098,c-1514,815.96,completed,BR,2026-07-26T13:27:00Z,2026-07-28
o-003911,c-1769,1331.90,pending,BR,2026-06-09T20:57:00Z,2026-06-10
o-000303,c-0595,2363.74,pending,BR,2026-07-15T07:55:00Z,2026-07-17
o-006026,c-1611,2128.65,completed,BR,2026-06-25T18:26:00Z,2026-06-28
o-000149,c-1716,1469.41,pending,BR,2026-07-24T04:28:00Z,2026-07-26
o-003208,c-0058,937.79,completed,BR,2026-07-09T14:49:00Z,2026-07-13
o-009400,c-0636,2232.81,completed,BR,2026-08-12T17:56:00Z,2026-08-14
o-001087,c-0303,935.42,pending,BR,2026-06-12T17:19:00Z,2026-06-14
o-002445,c-1536,1022.96,completed,BR,2026-06-05T07:40:00Z,2026-06-07
o-007687,c-1227,103.37,completed,BR,2026-08-07T05:56:00Z,2026-08-09
o-007920,c-1900,1812.07,pending,BR,2026-06-22T01:48:00Z,2026-06-24
o-008463,c-0440,1160.95,completed,BR,2026-07-25T19:27:00Z,2026-07-27
o-006788,c-0018,802.13,completed,BR,2026-06-24T15:08:00Z,2026-06-27
o-006987,c-0219,1740.27,pending,BR,2026-06-27T20:18:00Z,2026-06-29
o-002804,c-1770,991.99,completed,BR,2026-06-04T13:17:00Z,2026-06-06
o-009192,c-0797,2384.18,completed,BR,2026-07-22T02:29:00Z,2026-07-24
o-002800,c-1235,412.64,completed,BR,2026-06-20T13:15:00Z,2026-06-24
o-004930,c-1753,223.57,pending,BR,2026-07-27T01:31:00Z,2026-07-29
o-007097,c-0862,1881.30,completed,BR,2026-08-04T03:01:00Z,2026-08-08
o-006771,c-0731,2376.56,pending,BR,2026-07-18T16:39:00Z,2026-07-20
o-007750,c-0931,2398.68,pending,BR,2026-07-20T16:34:00Z,2026-07-23
o-007093,c-0628,1106.64,pending,BR,2026-07-17T13:44:00Z,2026-07-20
o-003002,c-1775,1004.76,pending,BR,2026-06-10T03:17:00Z,2026-06-12
o-008158,c-1262,1278.18,completed,BR,2026-06-21T13:32:00Z,2026-06-24
o-003579,c-1555,1435.46,completed,BR,2026-06-11T00:12:00Z,2026-06-13
o-009354,c-0354,76.48,completed,BR,2026-08-03T18:42:00Z,2026-08-04
o-008554,c-0513,599.38,pending,BR,2026-08-02T09:09:00Z,2026-08-03
o-009469,c-0434,128.85,completed,BR,2026-08-05T04:37:00Z,2026-08-06
o-006478,c-1046,495.40,completed,BR,2026-08-19T18:42:00Z,2026-08-21
o-006640,c-0245,80.28,pending,BR,2026-07-06T21:23:00Z,2026-07-10
o-009140,c-0193,716.67,pending,BR,2026-06-16T23:23:00Z,2026-06-18
o-007282,c-0519,2242.71,pending,BR,2026-07-04T14:28:00Z,2026-07-06
o-007279,c-1018,2440.20,completed,BR,2026-06-20T23:51:00Z,2026-06-22
o-009305,c-0736,593.29,pending,BR,2026-05-28T17:37:00Z,2026-05-29
o-007488,c-1552,813.02,completed,BR,2026-08-12T05:09:00Z,2026-08-15
o-005275,c-0013,1267.02,pending,BR,2026-07-19T17:14:00Z,2026-07-22
o-002529,c-1134,1903.35,completed,BR,2026-06-11T17:59:00Z,2026-06-14
o-002186,c-1557,2249.33,pending,BR,2026-07-09T21:09:00Z,2026-07-11
o-006364,c-0638,2434.64,pending,BR,2026-07-05T23:50:00Z,2026-07-06
o-009621,c-1365,22.83,pending,BR,2026-08-15T15:31:00Z,2026-08-17
o-009734,c-1330,952.66,pending,BR,2026-07-30T23:26:00Z,2026-08-02
o-001815,c-0235,172.52,completed,BR,2026-06-07T16:06:00Z,2026-06-10
o-007036,c-1368,1390.74,pending,BR,2026-08-14T23:14:00Z,2026-08-18
o-000714,c-1340,1939.12,pending,BR,2026-06-20T18:46:00Z,2026-06-22
o-001876,c-1951,1804.64,completed,BR,2026-07-30T14:27:00Z,2026-08-01
o-001298,c-0902,1724.10,pending,BR,2026-07-15T05:09:00Z,2026-07-18
o-007718,c-1937,469.53,pending,BR,2026-07-11T04:01:00Z,2026-07-14
o-006277,c-1364,1062.10,completed,BR,2026-07-29T09:49:00Z,2026-07-31
o-002932,c-0455,1754.50,completed,BR,2026-05-27T07:03:00Z,2026-05-28
o-000408,c-0549,389.78,completed,BR,2026-08-12T04:47:00Z,2026-08-16
o-007047,c-0057,1038.35,pending,BR,2026-08-05T04:56:00Z,2026-08-06
o-003559,c-0639,1143.19,completed,BR,2026-06-21T14:52:00Z,2026-06-22
o-004068,c-0051,2287.87,pending,BR,2026-07-16T23:54:00Z,2026-07-19
o-002961,c-1957,253.44,completed,BR,2026-06-28T01:31:00Z,2026-06-30
o-009871,c-0320,1743.41,pending,BR,2026-06-12T04:21:00Z,2026-06-13
o-002707,c-0958,70.50,pending,BR,2026-05-23T21:16:00Z,2026-05-25
o-006577,c-0942,791.17,completed,BR,2026-08-13T17:04:00Z,2026-08-16
o-001780,c-0685,56.96,completed,BR,2026-06-01T05:43:00Z,2026-06-04
o-000380,c-1560,2100.13,completed,BR,2026-07-09T10:26:00Z,2026-07-11
o-004225,c-0200,558.69,completed,BR,2026-07-18T08:59:00Z,2026-07-21
o-004139,c-1153,2118.42,completed,BR,2026-07-11T05:23:00Z,2026-07-12
o-003100,c-0352,532.12,pending,BR,2026-07-22T05:32:00Z,2026-07-24
o-004276,c-0706,1500.60,pending,BR,2026-07-10T12:39:00Z,2026-07-11
o-005396,c-0642,1785.51,pending,BR,2026-07-31T06:40:00Z,2026-08-01
o-007286,c-0824,1138.77,pending,BR,2026-08-04T19:03:00Z,2026-08-07
o-006812,c-1033,1630.84,completed,BR,2026-08-20T15:12:00Z,2026-08-23
o-004968,c-0774,248.00,pending,BR,2026-06-17T09:15:00Z,2026-06-18
o-009822,c-1156,1948.75,completed,BR,2026-06-22T15:21:00Z,2026-06-25
o-002417,c-0635,35.84,pending,BR,2026-07-04T06:31:00Z,2026-07-07
o-008046,c-1252,2194.03,completed,BR,2026-07-25T16:16:00Z,2026-07-26
o-003140,c-1414,2243.67,completed,BR,2026-06-27T11:08:00Z,2026-06-29
o-003220,c-0508,1982.63,completed,BR,2026-07-15T03:19:00Z,2026-07-18
o-001658,c-0214,199.13,pending,BR,2026-07-04T00:15:00Z,2026-07-06
o-002906,c-0047,1948.47,pending,BR,2026-06-13T23:37:00Z,2026-06-17
o-009462,c-1123,2315.44,pending,BR,2026-07-28T08:37:00Z,2026-07-30
o-000641,c-0026,1762.90,completed,BR,2026-08-04T23:36:00Z,2026-08-06
o-009793,c-0941,525.52,completed,BR,2026-06-13T19:46:00Z,2026-06-16
o-009276,c-1044,1868.67,completed,BR,2026-07-16T14:16:00Z,2026-07-18
o-007740,c-1901,317.69,completed,BR,2026-08-12T12:26:00Z,2026-08-14
o-004225,c-0200,558.69,pending,BR,2026-07-18T08:59:00Z,2026-07-21
o-000965,c-1226,276.32,pending,BR,2026-07-10T10:31:00Z,2026-07-11
o-001713,c-1492,438.42,completed,BR,2026-07-28T05:27:00Z,2026-07-31
o-006918,c-1911,938.55,pending,BR,2026-06-19T13:35:00Z,2026-06-21
o-008855,c-1135,1283.36,completed,BR,2026-07-13T16:37:00Z,2026-07-15
o-008725,c-1836,1742.30,pending,BR,2026-08-05T02:58:00Z,2026-08-08
o-005147,c-0648,1645.68,completed,BR,2026-05-23T15:32:00Z,2026-05-24
o-009811,c-1319,760.35,completed,BR,2026-06-15T02:30:00Z,2026-06-17
o-007547,c-1742,2152.87,pending,BR,2026-07-17T15:14:00Z,2026-07-20
o-000610,c-0010,1132.87,pending,BR,2026-06-13T18:48:00Z,2026-06-14
o-008870,c-0798,878.71,pending,BR,2026-06-27T19:07:00Z,2026-06-30
o-001243,c-1354,1802.17,pending,BR,2026-07-07T08:37:00Z,2026-07-08
o-004124,c-0212,791.02,completed,BR,2026-08-06T18:09:00Z,2026-08-09
o-007398,c-0933,873.80,completed,BR,2026-07-29T23:25:00Z,2026-07-31
o-009313,c-0489,2073.74,pending,BR,2026-06-11T22:19:00Z,2026-06-15
o-008088,c-0282,1514.53,completed,BR,2026-07-04T07:11:00Z,2026-07-05
o-008419,c-1023,129.43,completed,BR,2026-06-11T04:03:00Z,2026-06-12
o-004142,c-0327,724.92,completed,BR,2026-06-26T12:27:00Z,2026-06-29
o-003174,c-1347,244.46,completed,BR,2026-06-13T23:48:00Z,2026-06-17
o-006846,c-0832,950.54,pending,BR,2026-06-07T13:49:00Z,2026-06-10
o-004929,c-0806,767.34,completed,BR,2026-08-10T05:23:00Z,2026-08-12
o-004326,c-0524,894.56,completed,BR,2026-08-06T11:27:00Z,2026-08-08
o-002312,c-0588,1594.55,completed,BR,2026-07-11T08:56:00Z,2026-07-12
o-009038,c-0436,178.65,pending,BR,2026-05-31T01:45:00Z,2026-06-03
o-008953,c-0247,542.59,pending,BR,2026-07-02T22:43:00Z,2026-07-04
o-003113,c-0572,2391.59,completed,BR,2026-07-14T23:05:00Z,2026-07-16
o-009205,c-1917,2243.74,pending,BR,2026-07-11T05:19:00Z,2026-07-15
o-001098,c-1491,2220.07,completed,BR,2026-07-15T14:18:00Z,2026-07-17
o-002740,c-0686,1947.69,completed,BR,2026-06-08T19:33:00Z,2026-06-09
o-004665,c-0113,1045.36,pending,BR,2026-08-10T23:51:00Z,2026-08-13
o-004632,c-1451,1537.20,pending,BR,2026-06-09T11:25:00Z,2026-06-12
o-005159,c-0228,1916.10,pending,BR,2026-08-03T07:59:00Z,2026-08-04
o-002769,c-1953,441.93,pending,BR,2026-06-15T07:18:00Z,2026-06-16
o-004102,c-1743,2202.59,completed,BR,2026-06-30T19:02:00Z,2026-07-02
o-006878,c-1909,1827.08,completed,BR,2026-05-28T08:38:00Z,2026-05-31
o-003112,c-0847,1484.78,completed,BR,2026-07-14T11:08:00Z,2026-07-16
o-004585,c-0984,2074.03,completed,BR,2026-07-03T00:41:00Z,2026-07-05
o-001898,c-1866,613.85,pending,BR,2026-07-08T07:29:00Z,2026-07-12
o-002521,c-0449,2134.85,pending,BR,2026-08-07T16:51:00Z,2026-08-09
o-006530,c-1759,2493.08,completed,BR,2026-06-04T01:45:00Z,2026-06-06
o-004488,c-0955,1873.97,completed,BR,2026-07-01T20:31:00Z,2026-07-03
o-005366,c-1761,499.62,completed,BR,2026-06-03T16:38:00Z,2026-06-06
o-000614,c-1386,15.29,completed,BR,2026-06-20T22:56:00Z,2026-06-23
o-006285,c-0524,2206.19,pending,BR,2026-06-14T13:13:00Z,2026-06-16
o-007356,c-1802,163.61,completed,BR,2026-06-04T14:24:00Z,2026-06-07
o-003446,c-1139,805.86,pending,BR,2026-08-01T10:10:00Z,2026-08-02
